subgroup,L,p,seed,train_size,test_size,batch_size,epochs,steps_per_epoch,lr,random_sharing,device,pl_device,diff_method,single_qubit_block,circuit_family,init_scale,allow_overlap_if_needed,epsilon,broken_K,train_loss,test_loss,train_accuracy,test_accuracy,generalization_gap,num_parameters,subgroup_order,sharing_type,elapsed_seconds,train_seed,test_seed,requested_disjoint,actual_disjoint,overlap_count,split_mode,split_protocol,split_group,group_disjoint,orbit_overlap_count,train_orbit_count,test_orbit_count,train_index_digest,test_index_digest,split_index_digest,requested_epsilon,actual_epsilon,corrupted_orbit_count,corruption_mode,corrupted_orbit_indices,source_fingerprint,environment_fingerprint,run_fingerprint
none,3,2,0,30,348,15,100,30,0.01,False,cpu,lightning.qubit,adjoint,paper,edge,0.1,False,0.0,D4,0.8522555146657264,2.97365045070671,0.9666666666666668,0.3706896551724138,0.5959770114942529,204,1,symmetry,651.1935458330554,0,0,True,True,0,d4_orbit_holdout_v1,d4_orbit_holdout_v1,D4,True,0,29,49,c013ddbea8c37e6aa8b8cf7d4329d96c625f16b63c157940719fba0d14e27fb2,898ffe05fe1f89dfae86bd2d395e1dcec5619e4b468dd1cef3f4db89652ed1a7,d67fe947f1d0e662a8a6586486cf49f7e46c2239af36cf11cf74f92071990bac,0.0,0.0,0,none,(),5080177bfb0b19e1bdf2c632ce666ddfb4d7c99c079d28ca9950413aad67af82,0c4fabb34ac8b9127e556c700c1da20b5c8c2c4d4fcf83c8a5b917feb814ca61,f439a9ed51f57fae2f57b262021cc4415869d38f86d0bb4d2fa89db413eebdd4
none,3,2,1,30,348,15,100,30,0.01,False,cpu,lightning.qubit,adjoint,paper,edge,0.1,False,0.0,D4,0.8409863008898643,2.638161913743914,1.0,0.4425287356321839,0.5574712643678161,204,1,symmetry,648.9481773340376,1,0,True,True,0,d4_orbit_holdout_v1,d4_orbit_holdout_v1,D4,True,0,26,49,71076a3914b495d3796f7b0e0fcace2ce7885c03a5ad1769e8fd17a138de406c,898ffe05fe1f89dfae86bd2d395e1dcec5619e4b468dd1cef3f4db89652ed1a7,de789f33d1a7a54349fa2bec40c22b73bf8dd604fa3c02d9ebab813178879aae,0.0,0.0,0,none,(),5080177bfb0b19e1bdf2c632ce666ddfb4d7c99c079d28ca9950413aad67af82,0c4fabb34ac8b9127e556c700c1da20b5c8c2c4d4fcf83c8a5b917feb814ca61,f439a9ed51f57fae2f57b262021cc4415869d38f86d0bb4d2fa89db413eebdd4
none,3,2,2,30,348,15,100,30,0.01,False,cpu,lightning.qubit,adjoint,paper,edge,0.1,False,0.0,D4,0.6155953927442336,2.5654082012945736,1.0,0.4971264367816091,0.5028735632183908,204,1,symmetry,655.6161073750118,2,0,True,True,0,d4_orbit_holdout_v1,d4_orbit_holdout_v1,D4,True,0,28,49,012351c3e3ce54f4700812ff617dbccd4d328ccf4352f78a7e46b6d690bd904f,898ffe05fe1f89dfae86bd2d395e1dcec5619e4b468dd1cef3f4db89652ed1a7,2bfac0ceb07ae056d3f567b74fbdc97415a67edaa86cf88effe46a69ad9a6361,0.0,0.0,0,none,(),5080177bfb0b19e1bdf2c632ce666ddfb4d7c99c079d28ca9950413aad67af82,0c4fabb34ac8b9127e556c700c1da20b5c8c2c4d4fcf83c8a5b917feb814ca61,f439a9ed51f57fae2f57b262021cc4415869d38f86d0bb4d2fa89db413eebdd4
none,3,2,3,30,348,15,100,30,0.01,False,cpu,lightning.qubit,adjoint,paper,edge,0.1,False,0.0,D4,0.8237898476375443,2.7433419715010614,0.9666666666666668,0.4396551724137931,0.5270114942528736,204,1,symmetry,648.5554884170415,3,0,True,True,0,d4_orbit_holdout_v1,d4_orbit_holdout_v1,D4,True,0,29,49,41bbb6e3ea1e2584331d8595a213d7aa32e6694e33b0b64b79f196038e1345dd,898ffe05fe1f89dfae86bd2d395e1dcec5619e4b468dd1cef3f4db89652ed1a7,a144c03febf6de5e9d8a3fbc630df3053f1798b7cc26f90dcc2169022c1fa5f7,0.0,0.0,0,none,(),5080177bfb0b19e1bdf2c632ce666ddfb4d7c99c079d28ca9950413aad67af82,0c4fabb34ac8b9127e556c700c1da20b5c8c2c4d4fcf83c8a5b917feb814ca61,f439a9ed51f57fae2f57b262021cc4415869d38f86d0bb4d2fa89db413eebdd4
none,3,2,4,30,348,15,100,30,0.01,False,cpu,lightning.qubit,adjoint,paper,edge,0.1,False,0.0,D4,0.7031746931835853,2.6119672396838647,1.0,0.4454022988505747,0.5545977011494253,204,1,symmetry,642.2213253749651,4,0,True,True,0,d4_orbit_holdout_v1,d4_orbit_holdout_v1,D4,True,0,29,49,89c3fae076b89317998b8dcbb90b40e0976870e1b98064723ee509ffd8b4db95,898ffe05fe1f89dfae86bd2d395e1dcec5619e4b468dd1cef3f4db89652ed1a7,0abb6d0bcb3d2206506cba7743f9b33dfe3b6b0535a4626dd5598f0a42a2118e,0.0,0.0,0,none,(),5080177bfb0b19e1bdf2c632ce666ddfb4d7c99c079d28ca9950413aad67af82,0c4fabb34ac8b9127e556c700c1da20b5c8c2c4d4fcf83c8a5b917feb814ca61,f439a9ed51f57fae2f57b262021cc4415869d38f86d0bb4d2fa89db413eebdd4
none,3,2,5,30,348,15,100,30,0.01,False,cpu,lightning.qubit,adjoint,paper,edge,0.1,False,0.0,D4,0.8354027946060965,2.503687260983592,1.0,0.4942528735632184,0.5057471264367817,204,1,symmetry,661.9285442910041,5,0,True,True,0,d4_orbit_holdout_v1,d4_orbit_holdout_v1,D4,True,0,28,49,f19c029f9497e30339db469cea15ee2f27b83b31dfa3c32a19bf17fed2d60ae1,898ffe05fe1f89dfae86bd2d395e1dcec5619e4b468dd1cef3f4db89652ed1a7,9fbae33259973293d1e9d4e11fff2df17f0b6f679b3a34f5aba31bafb5dfc912,0.0,0.0,0,none,(),5080177bfb0b19e1bdf2c632ce666ddfb4d7c99c079d28ca9950413aad67af82,0c4fabb34ac8b9127e556c700c1da20b5c8c2c4d4fcf83c8a5b917feb814ca61,f439a9ed51f57fae2f57b262021cc4415869d38f86d0bb4d2fa89db413eebdd4
none,3,2,6,30,348,15,100,30,0.01,False,cpu,lightning.qubit,adjoint,paper,edge,0.1,False,0.0,D4,0.8375326668850385,2.6742441975492737,0.9666666666666668,0.4454022988505747,0.521264367816092,204,1,symmetry,653.6656245000195,6,0,True,True,0,d4_orbit_holdout_v1,d4_orbit_holdout_v1,D4,True,0,30,49,f85213f827a383454046e30bc701450a2d1af00249458e5ad9af16aed62ef924,898ffe05fe1f89dfae86bd2d395e1dcec5619e4b468dd1cef3f4db89652ed1a7,81c5f2e4db78dcf6ec0ad23ca618c4227f4cc2eac414c7fab945a79c24292b9f,0.0,0.0,0,none,(),5080177bfb0b19e1bdf2c632ce666ddfb4d7c99c079d28ca9950413aad67af82,0c4fabb34ac8b9127e556c700c1da20b5c8c2c4d4fcf83c8a5b917feb814ca61,f439a9ed51f57fae2f57b262021cc4415869d38f86d0bb4d2fa89db413eebdd4
none,3,2,7,30,348,15,100,30,0.01,False,cpu,lightning.qubit,adjoint,paper,edge,0.1,False,0.0,D4,0.7143274373311278,2.7692049196733306,1.0,0.4224137931034483,0.5775862068965517,204,1,symmetry,661.7152558339876,7,0,True,True,0,d4_orbit_holdout_v1,d4_orbit_holdout_v1,D4,True,0,28,49,fdebfc5b8a6735daa77adc9c5365409bddbf58c94f1b74c7343da84c639ef4a0,898ffe05fe1f89dfae86bd2d395e1dcec5619e4b468dd1cef3f4db89652ed1a7,b9f58ebcece0ce6055d3e62be47de2d425b08b1197b3b3006717c06706b355d0,0.0,0.0,0,none,(),5080177bfb0b19e1bdf2c632ce666ddfb4d7c99c079d28ca9950413aad67af82,0c4fabb34ac8b9127e556c700c1da20b5c8c2c4d4fcf83c8a5b917feb814ca61,f439a9ed51f57fae2f57b262021cc4415869d38f86d0bb4d2fa89db413eebdd4
none,3,2,8,30,348,15,100,30,0.01,False,cpu,lightning.qubit,adjoint,paper,edge,0.1,False,0.0,D4,0.6766338722319508,2.619443956800757,1.0,0.4827586206896552,0.5172413793103448,204,1,symmetry,664.1394524579518,8,0,True,True,0,d4_orbit_holdout_v1,d4_orbit_holdout_v1,D4,True,0,27,49,a97b44efcb5383e51130e84ba529dcb761d95a31f02d945ff70da537edc857b5,898ffe05fe1f89dfae86bd2d395e1dcec5619e4b468dd1cef3f4db89652ed1a7,1d6ae38cf90ee615a9edd594492d5c8a9c4aad29553c8a55f9338749a9368ebd,0.0,0.0,0,none,(),5080177bfb0b19e1bdf2c632ce666ddfb4d7c99c079d28ca9950413aad67af82,0c4fabb34ac8b9127e556c700c1da20b5c8c2c4d4fcf83c8a5b917feb814ca61,f439a9ed51f57fae2f57b262021cc4415869d38f86d0bb4d2fa89db413eebdd4
none,3,2,9,30,348,15,100,30,0.01,False,cpu,lightning.qubit,adjoint,paper,edge,0.1,False,0.0,D4,0.6070512277168418,2.6239927048535696,1.0,0.4827586206896552,0.5172413793103448,204,1,symmetry,655.3033717919607,9,0,True,True,0,d4_orbit_holdout_v1,d4_orbit_holdout_v1,D4,True,0,27,49,b8a15bf853782073a1c3ba0e96b4d587716503a9817656309e9007071d4c24ab,898ffe05fe1f89dfae86bd2d395e1dcec5619e4b468dd1cef3f4db89652ed1a7,7326e9db009aaac7f4f40807b93226b7b081ea82633a5e4b0556c10b3b367cb5,0.0,0.0,0,none,(),5080177bfb0b19e1bdf2c632ce666ddfb4d7c99c079d28ca9950413aad67af82,0c4fabb34ac8b9127e556c700c1da20b5c8c2c4d4fcf83c8a5b917feb814ca61,f439a9ed51f57fae2f57b262021cc4415869d38f86d0bb4d2fa89db413eebdd4
none,3,2,0,60,348,15,100,30,0.01,False,cpu,lightning.qubit,adjoint,paper,edge,0.1,False,0.0,D4,1.2690287507535598,2.7528147543960246,0.9666666666666668,0.382183908045977,0.5844827586206897,204,1,symmetry,661.0597599579487,0,0,True,True,0,d4_orbit_holdout_v1,d4_orbit_holdout_v1,D4,True,0,54,49,7f0c8ffa3a6cf22f2c5d2bcbc3b1f043a7e6f45099996a781c2523fa1c5238fc,898ffe05fe1f89dfae86bd2d395e1dcec5619e4b468dd1cef3f4db89652ed1a7,3e4937a8f938376038ca7372f474fe7c343e35e95fd1ebb01de0d604a5397965,0.0,0.0,0,none,(),5080177bfb0b19e1bdf2c632ce666ddfb4d7c99c079d28ca9950413aad67af82,0c4fabb34ac8b9127e556c700c1da20b5c8c2c4d4fcf83c8a5b917feb814ca61,f439a9ed51f57fae2f57b262021cc4415869d38f86d0bb4d2fa89db413eebdd4
none,3,2,1,60,348,15,100,30,0.01,False,cpu,lightning.qubit,adjoint,paper,edge,0.1,False,0.0,D4,1.3036626579477812,2.660021881561785,0.9166666666666666,0.4310344827586206,0.4856321839080459,204,1,symmetry,655.8337047499954,1,0,True,True,0,d4_orbit_holdout_v1,d4_orbit_holdout_v1,D4,True,0,49,49,b15f52cc9246bbcde840b05518e2e3e1f9dce7ebffab5ccac72acb847b1abc9e,898ffe05fe1f89dfae86bd2d395e1dcec5619e4b468dd1cef3f4db89652ed1a7,2cf7c699fb01152e48196977e2c3aaf996aff9c0ff667a32ed2063b4e552449e,0.0,0.0,0,none,(),5080177bfb0b19e1bdf2c632ce666ddfb4d7c99c079d28ca9950413aad67af82,0c4fabb34ac8b9127e556c700c1da20b5c8c2c4d4fcf83c8a5b917feb814ca61,f439a9ed51f57fae2f57b262021cc4415869d38f86d0bb4d2fa89db413eebdd4
none,3,2,2,60,348,15,100,30,0.01,False,cpu,lightning.qubit,adjoint,paper,edge,0.1,False,0.0,D4,1.0650428618089365,2.6943880629893315,0.95,0.4626436781609195,0.4873563218390804,204,1,symmetry,662.755607750034,2,0,True,True,0,d4_orbit_holdout_v1,d4_orbit_holdout_v1,D4,True,0,51,49,3e10f5e740c3e1fc60bed7b14008fc76d3a7070251b9aafc4d1c9ff42963b675,898ffe05fe1f89dfae86bd2d395e1dcec5619e4b468dd1cef3f4db89652ed1a7,5e80089d322e2e32e8df328353338fa008283708087997f172d6054f6fb1dded,0.0,0.0,0,none,(),5080177bfb0b19e1bdf2c632ce666ddfb4d7c99c079d28ca9950413aad67af82,0c4fabb34ac8b9127e556c700c1da20b5c8c2c4d4fcf83c8a5b917feb814ca61,f439a9ed51f57fae2f57b262021cc4415869d38f86d0bb4d2fa89db413eebdd4
none,3,2,3,60,348,15,100,30,0.01,False,cpu,lightning.qubit,adjoint,paper,edge,0.1,False,0.0,D4,1.3347208322108466,2.541923762905753,0.95,0.4885057471264368,0.4614942528735631,204,1,symmetry,661.2526771660196,3,0,True,True,0,d4_orbit_holdout_v1,d4_orbit_holdout_v1,D4,True,0,53,49,0f338d0769d2901b58b6f7281275a333e9a2bbb1041cf314538a0138b68ff34d,898ffe05fe1f89dfae86bd2d395e1dcec5619e4b468dd1cef3f4db89652ed1a7,f8890153c6da5146e37eea9bd6157fa215a103a75f18cc6dadb24c9ef7f56304,0.0,0.0,0,none,(),5080177bfb0b19e1bdf2c632ce666ddfb4d7c99c079d28ca9950413aad67af82,0c4fabb34ac8b9127e556c700c1da20b5c8c2c4d4fcf83c8a5b917feb814ca61,f439a9ed51f57fae2f57b262021cc4415869d38f86d0bb4d2fa89db413eebdd4
none,3,2,4,60,348,15,100,30,0.01,False,cpu,lightning.qubit,adjoint,paper,edge,0.1,False,0.0,D4,1.108888919575502,2.4818247767777266,0.95,0.5172413793103449,0.4327586206896551,204,1,symmetry,655.2683850830072,4,0,True,True,0,d4_orbit_holdout_v1,d4_orbit_holdout_v1,D4,True,0,52,49,dd89f4d3b1611f7595349dba9e78af0aabe848eba19cfd3dd015b8428e3c6576,898ffe05fe1f89dfae86bd2d395e1dcec5619e4b468dd1cef3f4db89652ed1a7,2408b56d9f335509e74ad1616e5177627e5c7cd5828612ad534f45a35a834da6,0.0,0.0,0,none,(),5080177bfb0b19e1bdf2c632ce666ddfb4d7c99c079d28ca9950413aad67af82,0c4fabb34ac8b9127e556c700c1da20b5c8c2c4d4fcf83c8a5b917feb814ca61,f439a9ed51f57fae2f57b262021cc4415869d38f86d0bb4d2fa89db413eebdd4
none,3,2,5,60,348,15,100,30,0.01,False,cpu,lightning.qubit,adjoint,paper,edge,0.1,False,0.0,D4,1.2571503172802698,2.5277132032586596,0.9666666666666668,0.514367816091954,0.4522988505747126,204,1,symmetry,641.6204478750005,5,0,True,True,0,d4_orbit_holdout_v1,d4_orbit_holdout_v1,D4,True,0,54,49,bd2aa93f70526e37917a32782e0539a410e547269294843dcc57f34ef1b615cf,898ffe05fe1f89dfae86bd2d395e1dcec5619e4b468dd1cef3f4db89652ed1a7,38af9789f7faf10930fc9293e4f070155f8776178331e52e21355219660a1693,0.0,0.0,0,none,(),5080177bfb0b19e1bdf2c632ce666ddfb4d7c99c079d28ca9950413aad67af82,0c4fabb34ac8b9127e556c700c1da20b5c8c2c4d4fcf83c8a5b917feb814ca61,f439a9ed51f57fae2f57b262021cc4415869d38f86d0bb4d2fa89db413eebdd4
none,3,2,6,60,348,15,100,30,0.01,False,cpu,lightning.qubit,adjoint,paper,edge,0.1,False,0.0,D4,1.3216471148218352,2.452508541148404,0.9333333333333332,0.5201149425287356,0.4132183908045977,204,1,symmetry,636.3938621660345,6,0,True,True,0,d4_orbit_holdout_v1,d4_orbit_holdout_v1,D4,True,0,55,49,3d6bd0d16427e89b63d82c35b271408a0fc35b584967205d0e2621a0623ae23d,898ffe05fe1f89dfae86bd2d395e1dcec5619e4b468dd1cef3f4db89652ed1a7,5350458d2807997896cc1a26d1f80f6a7ca215ce8f89e6926757acfad399bf29,0.0,0.0,0,none,(),5080177bfb0b19e1bdf2c632ce666ddfb4d7c99c079d28ca9950413aad67af82,0c4fabb34ac8b9127e556c700c1da20b5c8c2c4d4fcf83c8a5b917feb814ca61,f439a9ed51f57fae2f57b262021cc4415869d38f86d0bb4d2fa89db413eebdd4
none,3,2,7,60,348,15,100,30,0.01,False,cpu,lightning.qubit,adjoint,paper,edge,0.1,False,0.0,D4,1.1930504907701769,2.776082443357598,0.9666666666666668,0.4454022988505747,0.521264367816092,204,1,symmetry,644.2588595839916,7,0,True,True,0,d4_orbit_holdout_v1,d4_orbit_holdout_v1,D4,True,0,52,49,7913d1b81966957fc454d840fd2d104a9889a68fd43027436da50e67f84b4281,898ffe05fe1f89dfae86bd2d395e1dcec5619e4b468dd1cef3f4db89652ed1a7,6343d41d5a3117648f141b20ba8fcdab43f96977d12feb05c81bf0ab33c205fb,0.0,0.0,0,none,(),5080177bfb0b19e1bdf2c632ce666ddfb4d7c99c079d28ca9950413aad67af82,0c4fabb34ac8b9127e556c700c1da20b5c8c2c4d4fcf83c8a5b917feb814ca61,f439a9ed51f57fae2f57b262021cc4415869d38f86d0bb4d2fa89db413eebdd4
none,3,2,8,60,348,15,100,30,0.01,False,cpu,lightning.qubit,adjoint,paper,edge,0.1,False,0.0,D4,1.08800334110662,2.589094452563799,0.95,0.4540229885057471,0.4959770114942528,204,1,symmetry,648.9692356250016,8,0,True,True,0,d4_orbit_holdout_v1,d4_orbit_holdout_v1,D4,True,0,55,49,6ea8f5333d068b8bb08318ee2433377392ec9bc278c434b8c0241f950f47e22f,898ffe05fe1f89dfae86bd2d395e1dcec5619e4b468dd1cef3f4db89652ed1a7,4bfae1d428798c7edf5ac12b7e27945edc545a5ada4d9e7b39977e3a39fcf369,0.0,0.0,0,none,(),5080177bfb0b19e1bdf2c632ce666ddfb4d7c99c079d28ca9950413aad67af82,0c4fabb34ac8b9127e556c700c1da20b5c8c2c4d4fcf83c8a5b917feb814ca61,f439a9ed51f57fae2f57b262021cc4415869d38f86d0bb4d2fa89db413eebdd4
none,3,2,9,60,348,15,100,30,0.01,False,cpu,lightning.qubit,adjoint,paper,edge,0.1,False,0.0,D4,1.3418131171465435,2.4803548487552227,0.9666666666666668,0.514367816091954,0.4522988505747126,204,1,symmetry,637.3898563330295,9,0,True,True,0,d4_orbit_holdout_v1,d4_orbit_holdout_v1,D4,True,0,53,49,5664aa4ea41fe79fa8d94f4c5b16821970822c428db2e331730bc11bb3f6651f,898ffe05fe1f89dfae86bd2d395e1dcec5619e4b468dd1cef3f4db89652ed1a7,e80b6a67ed48518c6f9316bfe0df54416a3e603e07bf178f784a6d9fa1519b8e,0.0,0.0,0,none,(),5080177bfb0b19e1bdf2c632ce666ddfb4d7c99c079d28ca9950413aad67af82,0c4fabb34ac8b9127e556c700c1da20b5c8c2c4d4fcf83c8a5b917feb814ca61,f439a9ed51f57fae2f57b262021cc4415869d38f86d0bb4d2fa89db413eebdd4
none,3,2,0,120,348,15,100,30,0.01,False,cpu,lightning.qubit,adjoint,paper,edge,0.1,False,0.0,D4,1.5637397683802683,2.628422865935632,0.8833333333333333,0.4080459770114942,0.475287356321839,204,1,symmetry,652.9103553339955,0,0,True,True,0,d4_orbit_holdout_v1,d4_orbit_holdout_v1,D4,True,0,94,49,aa9ca803b030705a7cca3e3cc023ecc2ad129ddca70f13c4269ba3c91e253901,898ffe05fe1f89dfae86bd2d395e1dcec5619e4b468dd1cef3f4db89652ed1a7,e1b51f896af5d7fb7fde1711fbb346495419096f71937d3b067dbe77e4e09eee,0.0,0.0,0,none,(),5080177bfb0b19e1bdf2c632ce666ddfb4d7c99c079d28ca9950413aad67af82,0c4fabb34ac8b9127e556c700c1da20b5c8c2c4d4fcf83c8a5b917feb814ca61,f439a9ed51f57fae2f57b262021cc4415869d38f86d0bb4d2fa89db413eebdd4
none,3,2,1,120,348,15,100,30,0.01,False,cpu,lightning.qubit,adjoint,paper,edge,0.1,False,0.0,D4,1.655810454160488,2.263147533462919,0.8916666666666667,0.5948275862068966,0.2968390804597701,204,1,symmetry,648.0108836659929,1,0,True,True,0,d4_orbit_holdout_v1,d4_orbit_holdout_v1,D4,True,0,89,49,348c94e0c602b46df772691fb16bd3d09d7efa7b55e4957c5dba5d9b21a7b341,898ffe05fe1f89dfae86bd2d395e1dcec5619e4b468dd1cef3f4db89652ed1a7,d0dd67a7aaa1de987b52082d78a9f3637bb9b412119726b6d9aea44dd9318c95,0.0,0.0,0,none,(),5080177bfb0b19e1bdf2c632ce666ddfb4d7c99c079d28ca9950413aad67af82,0c4fabb34ac8b9127e556c700c1da20b5c8c2c4d4fcf83c8a5b917feb814ca61,f439a9ed51f57fae2f57b262021cc4415869d38f86d0bb4d2fa89db413eebdd4
none,3,2,2,120,348,15,100,30,0.01,False,cpu,lightning.qubit,adjoint,paper,edge,0.1,False,0.0,D4,1.5383248512695284,2.463103456046132,0.8666666666666667,0.5201149425287356,0.3465517241379311,204,1,symmetry,657.7496664999635,2,0,True,True,0,d4_orbit_holdout_v1,d4_orbit_holdout_v1,D4,True,0,93,49,585673268215e67b4791fb1d5ff75319099947474366c4072c67c363bb1d5a9b,898ffe05fe1f89dfae86bd2d395e1dcec5619e4b468dd1cef3f4db89652ed1a7,296c83d7a7f92e0eb5a4b1bd86944188f10aa254a951e3b53526d77bee1dd725,0.0,0.0,0,none,(),5080177bfb0b19e1bdf2c632ce666ddfb4d7c99c079d28ca9950413aad67af82,0c4fabb34ac8b9127e556c700c1da20b5c8c2c4d4fcf83c8a5b917feb814ca61,f439a9ed51f57fae2f57b262021cc4415869d38f86d0bb4d2fa89db413eebdd4
none,3,2,3,120,348,15,100,30,0.01,False,cpu,lightning.qubit,adjoint,paper,edge,0.1,False,0.0,D4,1.6976059639348435,2.529454536067037,0.8333333333333334,0.5028735632183908,0.3304597701149425,204,1,symmetry,656.115697916015,3,0,True,True,0,d4_orbit_holdout_v1,d4_orbit_holdout_v1,D4,True,0,89,49,e7f9226a35a986d30d70e3b1ade00a758e4aff1044820b5b299c51fe9175ea9d,898ffe05fe1f89dfae86bd2d395e1dcec5619e4b468dd1cef3f4db89652ed1a7,63c2c4d1b4364a4d8088d1fa5452e3f56f6700d2c1edd7f25d2b899fe62517f0,0.0,0.0,0,none,(),5080177bfb0b19e1bdf2c632ce666ddfb4d7c99c079d28ca9950413aad67af82,0c4fabb34ac8b9127e556c700c1da20b5c8c2c4d4fcf83c8a5b917feb814ca61,f439a9ed51f57fae2f57b262021cc4415869d38f86d0bb4d2fa89db413eebdd4
none,3,2,4,120,348,15,100,30,0.01,False,cpu,lightning.qubit,adjoint,paper,edge,0.1,False,0.0,D4,1.3612804054678007,2.320979286365693,0.9416666666666668,0.5632183908045977,0.378448275862069,204,1,symmetry,644.7210409580148,4,0,True,True,0,d4_orbit_holdout_v1,d4_orbit_holdout_v1,D4,True,0,95,49,9f6eba2ac122de0c87ca5f5bae1bc9f25c60553479bc8096d9458ceac0bf57f3,898ffe05fe1f89dfae86bd2d395e1dcec5619e4b468dd1cef3f4db89652ed1a7,a6871ee58e365fbf389459da739117968fa6d5c1ea6ac5b764c2255657fa32e5,0.0,0.0,0,none,(),5080177bfb0b19e1bdf2c632ce666ddfb4d7c99c079d28ca9950413aad67af82,0c4fabb34ac8b9127e556c700c1da20b5c8c2c4d4fcf83c8a5b917feb814ca61,f439a9ed51f57fae2f57b262021cc4415869d38f86d0bb4d2fa89db413eebdd4
none,3,2,5,120,348,15,100,30,0.01,False,cpu,lightning.qubit,adjoint,paper,edge,0.1,False,0.0,D4,1.6176729949351956,2.2809277443784817,0.8416666666666667,0.5545977011494253,0.2870689655172413,204,1,symmetry,667.4816422500298,5,0,True,True,0,d4_orbit_holdout_v1,d4_orbit_holdout_v1,D4,True,0,95,49,3adf81a214fcd77b7d308e12147eaa54449693b844ec78ffcfde40d82904f1f5,898ffe05fe1f89dfae86bd2d395e1dcec5619e4b468dd1cef3f4db89652ed1a7,686fa309cd78b1fcf4c2fcf48542ef9a83fca5641ad8cd825509aa6f22d32508,0.0,0.0,0,none,(),5080177bfb0b19e1bdf2c632ce666ddfb4d7c99c079d28ca9950413aad67af82,0c4fabb34ac8b9127e556c700c1da20b5c8c2c4d4fcf83c8a5b917feb814ca61,f439a9ed51f57fae2f57b262021cc4415869d38f86d0bb4d2fa89db413eebdd4
none,3,2,6,120,348,15,100,30,0.01,False,cpu,lightning.qubit,adjoint,paper,edge,0.1,False,0.0,D4,1.5915040478484244,2.471584591028678,0.825,0.4913793103448275,0.3336206896551724,204,1,symmetry,662.9438905419665,6,0,True,True,0,d4_orbit_holdout_v1,d4_orbit_holdout_v1,D4,True,0,98,49,e720cb86e41fc139d9ace2bea5521e01911642d4ef6eabf43328f5c043b1de6e,898ffe05fe1f89dfae86bd2d395e1dcec5619e4b468dd1cef3f4db89652ed1a7,17ee91923e03a129e935303797c1d3500c4a9ebfd416710fd338d30225ff1a83,0.0,0.0,0,none,(),5080177bfb0b19e1bdf2c632ce666ddfb4d7c99c079d28ca9950413aad67af82,0c4fabb34ac8b9127e556c700c1da20b5c8c2c4d4fcf83c8a5b917feb814ca61,f439a9ed51f57fae2f57b262021cc4415869d38f86d0bb4d2fa89db413eebdd4
none,3,2,7,120,348,15,100,30,0.01,False,cpu,lightning.qubit,adjoint,paper,edge,0.1,False,0.0,D4,1.649799197420445,2.4884783639847736,0.875,0.5114942528735632,0.3635057471264368,204,1,symmetry,670.0695141250035,7,0,True,True,0,d4_orbit_holdout_v1,d4_orbit_holdout_v1,D4,True,0,91,49,a15704f4ba7b44c68aed48d02d69890a5049f9668a5ed5009d7e3d69330b5301,898ffe05fe1f89dfae86bd2d395e1dcec5619e4b468dd1cef3f4db89652ed1a7,1447b67cfb5501f7237a0c9fe011d1361d266b39505b3dd09a34d53288234a4b,0.0,0.0,0,none,(),5080177bfb0b19e1bdf2c632ce666ddfb4d7c99c079d28ca9950413aad67af82,0c4fabb34ac8b9127e556c700c1da20b5c8c2c4d4fcf83c8a5b917feb814ca61,f439a9ed51f57fae2f57b262021cc4415869d38f86d0bb4d2fa89db413eebdd4
none,3,2,8,120,348,15,100,30,0.01,False,cpu,lightning.qubit,adjoint,paper,edge,0.1,False,0.0,D4,1.5506053303266691,2.4780794080245023,0.9,0.4885057471264368,0.4114942528735632,204,1,symmetry,670.3024658340146,8,0,True,True,0,d4_orbit_holdout_v1,d4_orbit_holdout_v1,D4,True,0,91,49,580eda3b1cea44649cc78e15f88de3a539ff57069af4c472c089af69840c4dc7,898ffe05fe1f89dfae86bd2d395e1dcec5619e4b468dd1cef3f4db89652ed1a7,e352d7197e6f5412ae6be5df7706da0548f858a397a1d32529fae3b2c525ccd3,0.0,0.0,0,none,(),5080177bfb0b19e1bdf2c632ce666ddfb4d7c99c079d28ca9950413aad67af82,0c4fabb34ac8b9127e556c700c1da20b5c8c2c4d4fcf83c8a5b917feb814ca61,f439a9ed51f57fae2f57b262021cc4415869d38f86d0bb4d2fa89db413eebdd4
none,3,2,9,120,348,15,100,30,0.01,False,cpu,lightning.qubit,adjoint,paper,edge,0.1,False,0.0,D4,1.6404496333496177,2.432597358663687,0.8583333333333333,0.5201149425287356,0.3382183908045977,204,1,symmetry,661.4845027080155,9,0,True,True,0,d4_orbit_holdout_v1,d4_orbit_holdout_v1,D4,True,0,92,49,619ec35ae71ec71f0ab934ed36d94026155952ff99774e23688c463fe2e691b3,898ffe05fe1f89dfae86bd2d395e1dcec5619e4b468dd1cef3f4db89652ed1a7,834ae5926e487b00bbb842d00e0fb0e1486cd1ba2dec383f92ccccf96fe2e622,0.0,0.0,0,none,(),5080177bfb0b19e1bdf2c632ce666ddfb4d7c99c079d28ca9950413aad67af82,0c4fabb34ac8b9127e556c700c1da20b5c8c2c4d4fcf83c8a5b917feb814ca61,f439a9ed51f57fae2f57b262021cc4415869d38f86d0bb4d2fa89db413eebdd4
none,3,2,0,240,348,15,100,30,0.01,False,cpu,lightning.qubit,adjoint,paper,edge,0.1,False,0.0,D4,1.845081368109754,2.3306613325777374,0.7416666666666667,0.5689655172413793,0.1727011494252873,204,1,symmetry,674.1924525840441,0,0,True,True,0,d4_orbit_holdout_v1,d4_orbit_holdout_v1,D4,True,0,154,49,a25c38357d6c5afdf19497fbffd749a1aeb4a2a8be0500b392933f2f2842d722,898ffe05fe1f89dfae86bd2d395e1dcec5619e4b468dd1cef3f4db89652ed1a7,914579416e955b1f6c350603da3bd42e668ba5545df619b41dfce3c406c5b966,0.0,0.0,0,none,(),5080177bfb0b19e1bdf2c632ce666ddfb4d7c99c079d28ca9950413aad67af82,0c4fabb34ac8b9127e556c700c1da20b5c8c2c4d4fcf83c8a5b917feb814ca61,f439a9ed51f57fae2f57b262021cc4415869d38f86d0bb4d2fa89db413eebdd4
none,3,2,1,240,348,15,100,30,0.01,False,cpu,lightning.qubit,adjoint,paper,edge,0.1,False,0.0,D4,1.823084262152655,2.289423986489912,0.7666666666666667,0.5977011494252874,0.1689655172413793,204,1,symmetry,665.6539656670066,1,0,True,True,0,d4_orbit_holdout_v1,d4_orbit_holdout_v1,D4,True,0,153,49,7a035c72a0490cea32d5235f47f960cf4012d5568824bb4048580a6047b51654,898ffe05fe1f89dfae86bd2d395e1dcec5619e4b468dd1cef3f4db89652ed1a7,32f82728c26c02cb8d98bb72a8728c96c5c395f117d51e326a64c413d93c4b6d,0.0,0.0,0,none,(),5080177bfb0b19e1bdf2c632ce666ddfb4d7c99c079d28ca9950413aad67af82,0c4fabb34ac8b9127e556c700c1da20b5c8c2c4d4fcf83c8a5b917feb814ca61,f439a9ed51f57fae2f57b262021cc4415869d38f86d0bb4d2fa89db413eebdd4
none,3,2,2,240,348,15,100,30,0.01,False,cpu,lightning.qubit,adjoint,paper,edge,0.1,False,0.0,D4,1.913654337134478,2.248695471438484,0.8041666666666667,0.6120689655172413,0.1920977011494253,204,1,symmetry,673.9664633329958,2,0,True,True,0,d4_orbit_holdout_v1,d4_orbit_holdout_v1,D4,True,0,152,49,6ae2b9cabf6c499004c3933f54f9064020a5eeb4ae9e3eab9eeba0ebe08c5b83,898ffe05fe1f89dfae86bd2d395e1dcec5619e4b468dd1cef3f4db89652ed1a7,fd4a44bc6c675210f27bcfe470c396d2c14f1190f75fee31a7495cd57fc37111,0.0,0.0,0,none,(),5080177bfb0b19e1bdf2c632ce666ddfb4d7c99c079d28ca9950413aad67af82,0c4fabb34ac8b9127e556c700c1da20b5c8c2c4d4fcf83c8a5b917feb814ca61,f439a9ed51f57fae2f57b262021cc4415869d38f86d0bb4d2fa89db413eebdd4
none,3,2,3,240,348,15,100,30,0.01,False,cpu,lightning.qubit,adjoint,paper,edge,0.1,False,0.0,D4,1.8696725336454316,2.330607820391955,0.7708333333333334,0.5344827586206896,0.2363505747126437,204,1,symmetry,673.1518382080249,3,0,True,True,0,d4_orbit_holdout_v1,d4_orbit_holdout_v1,D4,True,0,149,49,0932a2f803b53c282511da9723511ecfd45c5dcafdea9fe7be2b0630277ababc,898ffe05fe1f89dfae86bd2d395e1dcec5619e4b468dd1cef3f4db89652ed1a7,74b852b6ea2b797b360cf6b788a15d44c6ba1290748a0a778b3bd86ad65abea3,0.0,0.0,0,none,(),5080177bfb0b19e1bdf2c632ce666ddfb4d7c99c079d28ca9950413aad67af82,0c4fabb34ac8b9127e556c700c1da20b5c8c2c4d4fcf83c8a5b917feb814ca61,f439a9ed51f57fae2f57b262021cc4415869d38f86d0bb4d2fa89db413eebdd4
none,3,2,4,240,348,15,100,30,0.01,False,cpu,lightning.qubit,adjoint,paper,edge,0.1,False,0.0,D4,1.6407211425952437,2.2604620089865803,0.8,0.5919540229885057,0.2080459770114943,204,1,symmetry,664.0290164170437,4,0,True,True,0,d4_orbit_holdout_v1,d4_orbit_holdout_v1,D4,True,0,157,49,77466e55cd6da89027202e03ff7baabb4f37cedd496294227837bd2d572fa7a7,898ffe05fe1f89dfae86bd2d395e1dcec5619e4b468dd1cef3f4db89652ed1a7,490dd378965c103f7e6816e5fd840a12189fce54fac6cf6dadd945a9c7c0b856,0.0,0.0,0,none,(),5080177bfb0b19e1bdf2c632ce666ddfb4d7c99c079d28ca9950413aad67af82,0c4fabb34ac8b9127e556c700c1da20b5c8c2c4d4fcf83c8a5b917feb814ca61,f439a9ed51f57fae2f57b262021cc4415869d38f86d0bb4d2fa89db413eebdd4
none,3,2,5,240,348,15,100,30,0.01,False,cpu,lightning.qubit,adjoint,paper,edge,0.1,False,0.0,D4,1.7600419585558158,2.194163028916275,0.7833333333333333,0.603448275862069,0.1798850574712643,204,1,symmetry,654.1383166669984,5,0,True,True,0,d4_orbit_holdout_v1,d4_orbit_holdout_v1,D4,True,0,156,49,a344be3f3386e32e0bda86869eace5bee48dd8db562c4b499b95bce074029eef,898ffe05fe1f89dfae86bd2d395e1dcec5619e4b468dd1cef3f4db89652ed1a7,eb3b235c76053532847a5199c0be11e4f3870fde7e3ab33f4961c22ddb88ec32,0.0,0.0,0,none,(),5080177bfb0b19e1bdf2c632ce666ddfb4d7c99c079d28ca9950413aad67af82,0c4fabb34ac8b9127e556c700c1da20b5c8c2c4d4fcf83c8a5b917feb814ca61,f439a9ed51f57fae2f57b262021cc4415869d38f86d0bb4d2fa89db413eebdd4
none,3,2,6,240,348,15,100,30,0.01,False,cpu,lightning.qubit,adjoint,paper,edge,0.1,False,0.0,D4,1.814216375117417,2.27312486143251,0.7875,0.5862068965517241,0.2012931034482759,204,1,symmetry,648.1084029999911,6,0,True,True,0,d4_orbit_holdout_v1,d4_orbit_holdout_v1,D4,True,0,150,49,c55eb5bf78465f81d903be701693369417bcfa428cc273eacde6c495f7fda45d,898ffe05fe1f89dfae86bd2d395e1dcec5619e4b468dd1cef3f4db89652ed1a7,7f4e93a3e005917e31980a620e35d0ea81ba76989d02388658991ef09fab850c,0.0,0.0,0,none,(),5080177bfb0b19e1bdf2c632ce666ddfb4d7c99c079d28ca9950413aad67af82,0c4fabb34ac8b9127e556c700c1da20b5c8c2c4d4fcf83c8a5b917feb814ca61,f439a9ed51f57fae2f57b262021cc4415869d38f86d0bb4d2fa89db413eebdd4
none,3,2,7,240,348,15,100,30,0.01,False,cpu,lightning.qubit,adjoint,paper,edge,0.1,False,0.0,D4,1.8267153518710408,2.1658310119638777,0.7791666666666667,0.6235632183908046,0.155603448275862,204,1,symmetry,652.2686465000152,7,0,True,True,0,d4_orbit_holdout_v1,d4_orbit_holdout_v1,D4,True,0,148,49,04a423470264e1fc0eee90f01bf77b97b2d54c99dd0bf6e58283a870a9bc1af5,898ffe05fe1f89dfae86bd2d395e1dcec5619e4b468dd1cef3f4db89652ed1a7,b88ce323afcec010c79f85ad7a7cba3ea4dbbd574df723c05e20804820be7354,0.0,0.0,0,none,(),5080177bfb0b19e1bdf2c632ce666ddfb4d7c99c079d28ca9950413aad67af82,0c4fabb34ac8b9127e556c700c1da20b5c8c2c4d4fcf83c8a5b917feb814ca61,f439a9ed51f57fae2f57b262021cc4415869d38f86d0bb4d2fa89db413eebdd4
none,3,2,8,240,348,15,100,30,0.01,False,cpu,lightning.qubit,adjoint,paper,edge,0.1,False,0.0,D4,1.8000536126892726,2.3500456427080465,0.7666666666666667,0.5402298850574713,0.2264367816091954,204,1,symmetry,652.692404084024,8,0,True,True,0,d4_orbit_holdout_v1,d4_orbit_holdout_v1,D4,True,0,150,49,171c22e75fc5155734702cfcf541159fc52338fe134785a28534ec0f1362af38,898ffe05fe1f89dfae86bd2d395e1dcec5619e4b468dd1cef3f4db89652ed1a7,e14565dc5ccfdc4c59186735aa7e0eaa7859bb5dda1f546b3eb9e4be00a7f826,0.0,0.0,0,none,(),5080177bfb0b19e1bdf2c632ce666ddfb4d7c99c079d28ca9950413aad67af82,0c4fabb34ac8b9127e556c700c1da20b5c8c2c4d4fcf83c8a5b917feb814ca61,f439a9ed51f57fae2f57b262021cc4415869d38f86d0bb4d2fa89db413eebdd4
none,3,2,9,240,348,15,100,30,0.01,False,cpu,lightning.qubit,adjoint,paper,edge,0.1,False,0.0,D4,1.7601586425383509,2.2938066006867537,0.775,0.5603448275862069,0.2146551724137931,204,1,symmetry,649.444081499998,9,0,True,True,0,d4_orbit_holdout_v1,d4_orbit_holdout_v1,D4,True,0,157,49,9a0e9b3ccf001585c319639337ecaaf099361b26af31877c3bf1e8c1f69527c1,898ffe05fe1f89dfae86bd2d395e1dcec5619e4b468dd1cef3f4db89652ed1a7,9c04b2c859ca9f2a1a99f694f3ee0ddaae5bede4759c340e57c965906c863f5a,0.0,0.0,0,none,(),5080177bfb0b19e1bdf2c632ce666ddfb4d7c99c079d28ca9950413aad67af82,0c4fabb34ac8b9127e556c700c1da20b5c8c2c4d4fcf83c8a5b917feb814ca61,f439a9ed51f57fae2f57b262021cc4415869d38f86d0bb4d2fa89db413eebdd4
none,3,2,0,450,348,15,100,30,0.01,False,cpu,lightning.qubit,adjoint,paper,edge,0.1,False,0.0,D4,1.888463507240873,2.202561854396448,0.7488888888888889,0.6120689655172413,0.1368199233716476,204,1,symmetry,646.5650270839687,0,0,True,True,0,d4_orbit_holdout_v1,d4_orbit_holdout_v1,D4,True,0,226,49,f1397bc570062daae495b6aadb90f79049b648d027728c7a49b1ca0c775823b9,898ffe05fe1f89dfae86bd2d395e1dcec5619e4b468dd1cef3f4db89652ed1a7,de5e6905b732dda763592549b10c872a142ee5f7abd703e1f002d99052f4b6b1,0.0,0.0,0,none,(),5080177bfb0b19e1bdf2c632ce666ddfb4d7c99c079d28ca9950413aad67af82,0c4fabb34ac8b9127e556c700c1da20b5c8c2c4d4fcf83c8a5b917feb814ca61,f439a9ed51f57fae2f57b262021cc4415869d38f86d0bb4d2fa89db413eebdd4
none,3,2,1,450,348,15,100,30,0.01,False,cpu,lightning.qubit,adjoint,paper,edge,0.1,False,0.0,D4,1.9565610958758233,2.2908856318058373,0.7177777777777777,0.5689655172413793,0.1488122605363984,204,1,symmetry,643.5769779169932,1,0,True,True,0,d4_orbit_holdout_v1,d4_orbit_holdout_v1,D4,True,0,228,49,18d1a933dd0e5239b028a941c92e013673a8d45d2f02802dac7283035cf67b83,898ffe05fe1f89dfae86bd2d395e1dcec5619e4b468dd1cef3f4db89652ed1a7,04a6354a00641d752edf2e9ac853fd031bc2d669f15da74e1a248f00bbd87b0c,0.0,0.0,0,none,(),5080177bfb0b19e1bdf2c632ce666ddfb4d7c99c079d28ca9950413aad67af82,0c4fabb34ac8b9127e556c700c1da20b5c8c2c4d4fcf83c8a5b917feb814ca61,f439a9ed51f57fae2f57b262021cc4415869d38f86d0bb4d2fa89db413eebdd4
none,3,2,2,450,348,15,100,30,0.01,False,cpu,lightning.qubit,adjoint,paper,edge,0.1,False,0.0,D4,1.9836936375855456,2.082753418023174,0.7066666666666667,0.6695402298850575,0.0371264367816092,204,1,symmetry,651.7741585830227,2,0,True,True,0,d4_orbit_holdout_v1,d4_orbit_holdout_v1,D4,True,0,229,49,b173370472fc253d6e1cff6bf6a404b7bf82c20c111939cdef36ee1db0fdb4c9,898ffe05fe1f89dfae86bd2d395e1dcec5619e4b468dd1cef3f4db89652ed1a7,d6b2e82383286d26db34de3fe536b206c62d3bdd0bc38645f616c2fe2967f1aa,0.0,0.0,0,none,(),5080177bfb0b19e1bdf2c632ce666ddfb4d7c99c079d28ca9950413aad67af82,0c4fabb34ac8b9127e556c700c1da20b5c8c2c4d4fcf83c8a5b917feb814ca61,f439a9ed51f57fae2f57b262021cc4415869d38f86d0bb4d2fa89db413eebdd4
none,3,2,3,450,348,15,100,30,0.01,False,cpu,lightning.qubit,adjoint,paper,edge,0.1,False,0.0,D4,1.9618223244903377,2.293478746457438,0.7222222222222222,0.5890804597701149,0.1331417624521073,204,1,symmetry,650.1316831660224,3,0,True,True,0,d4_orbit_holdout_v1,d4_orbit_holdout_v1,D4,True,0,223,49,23254f826010e1f05a505e3a7bc8760eafa2be3851d98438bd328048b73d5e51,898ffe05fe1f89dfae86bd2d395e1dcec5619e4b468dd1cef3f4db89652ed1a7,b69b51193beec9e7e397e02309654d37a9d98e50f65ee9f0f003739f25d4e837,0.0,0.0,0,none,(),5080177bfb0b19e1bdf2c632ce666ddfb4d7c99c079d28ca9950413aad67af82,0c4fabb34ac8b9127e556c700c1da20b5c8c2c4d4fcf83c8a5b917feb814ca61,f439a9ed51f57fae2f57b262021cc4415869d38f86d0bb4d2fa89db413eebdd4
none,3,2,4,450,348,15,100,30,0.01,False,cpu,lightning.qubit,adjoint,paper,edge,0.1,False,0.0,D4,1.8894897211781037,2.2069273937894964,0.7622222222222222,0.603448275862069,0.1587739463601533,204,1,symmetry,642.2437176249805,4,0,True,True,0,d4_orbit_holdout_v1,d4_orbit_holdout_v1,D4,True,0,233,49,2fe5e1a879534b991a638ec38cb4a2205eb385f7b5095e47ea71d17b3b9160d0,898ffe05fe1f89dfae86bd2d395e1dcec5619e4b468dd1cef3f4db89652ed1a7,9a82eb817e755f7a0e79113b591c8992636cb4889a30f9ba76999401c5f9fa93,0.0,0.0,0,none,(),5080177bfb0b19e1bdf2c632ce666ddfb4d7c99c079d28ca9950413aad67af82,0c4fabb34ac8b9127e556c700c1da20b5c8c2c4d4fcf83c8a5b917feb814ca61,f439a9ed51f57fae2f57b262021cc4415869d38f86d0bb4d2fa89db413eebdd4
none,3,2,5,450,348,15,100,30,0.01,False,cpu,lightning.qubit,adjoint,paper,edge,0.1,False,0.0,D4,1.966189930817027,2.1135940496630927,0.7244444444444444,0.6982758620689655,0.0261685823754789,204,1,symmetry,636.3335304160137,5,0,True,True,0,d4_orbit_holdout_v1,d4_orbit_holdout_v1,D4,True,0,225,49,cc8a2b591b4ee35f4feb90e5ab75aa21968f28ed0bd0dd865657e6f7438c1309,898ffe05fe1f89dfae86bd2d395e1dcec5619e4b468dd1cef3f4db89652ed1a7,8340097c442d3ae98780c4cd19e283985f58408262e8b98f685b79bc09c56a87,0.0,0.0,0,none,(),5080177bfb0b19e1bdf2c632ce666ddfb4d7c99c079d28ca9950413aad67af82,0c4fabb34ac8b9127e556c700c1da20b5c8c2c4d4fcf83c8a5b917feb814ca61,f439a9ed51f57fae2f57b262021cc4415869d38f86d0bb4d2fa89db413eebdd4
none,3,2,6,450,348,15,100,30,0.01,False,cpu,lightning.qubit,adjoint,paper,edge,0.1,False,0.0,D4,1.9300815932329645,2.2192303911968447,0.7288888888888889,0.6206896551724138,0.1081992337164751,204,1,symmetry,634.4518413339974,6,0,True,True,0,d4_orbit_holdout_v1,d4_orbit_holdout_v1,D4,True,0,226,49,9bc3b31b9f94d53e2801e858a4c3985d9f4b4248f05760948a9642048664ec80,898ffe05fe1f89dfae86bd2d395e1dcec5619e4b468dd1cef3f4db89652ed1a7,b4a042c72cd92a940d7e8b0b4816296c49552aba8bc3a92fcbad4535737f302a,0.0,0.0,0,none,(),5080177bfb0b19e1bdf2c632ce666ddfb4d7c99c079d28ca9950413aad67af82,0c4fabb34ac8b9127e556c700c1da20b5c8c2c4d4fcf83c8a5b917feb814ca61,f439a9ed51f57fae2f57b262021cc4415869d38f86d0bb4d2fa89db413eebdd4
none,3,2,7,450,348,15,100,30,0.01,False,cpu,lightning.qubit,adjoint,paper,edge,0.1,False,0.0,D4,1.9608548167838336,2.154223374781685,0.6911111111111111,0.6408045977011494,0.0503065134099617,204,1,symmetry,638.6404806670034,7,0,True,True,0,d4_orbit_holdout_v1,d4_orbit_holdout_v1,D4,True,0,220,49,e59b993603f46c0c8ef00b8238b4af35a6ad5c327d3f84700cf93cc84364dc2d,898ffe05fe1f89dfae86bd2d395e1dcec5619e4b468dd1cef3f4db89652ed1a7,1bfd8b03cb135a01a564f5f9a7aba100cf20081ee6cadd9953cf3a266fdadc84,0.0,0.0,0,none,(),5080177bfb0b19e1bdf2c632ce666ddfb4d7c99c079d28ca9950413aad67af82,0c4fabb34ac8b9127e556c700c1da20b5c8c2c4d4fcf83c8a5b917feb814ca61,f439a9ed51f57fae2f57b262021cc4415869d38f86d0bb4d2fa89db413eebdd4
none,3,2,8,450,348,15,100,30,0.01,False,cpu,lightning.qubit,adjoint,paper,edge,0.1,False,0.0,D4,1.9496265816340144,2.1646088902937315,0.7466666666666667,0.6637931034482759,0.0828735632183907,204,1,symmetry,636.9765202499693,8,0,True,True,0,d4_orbit_holdout_v1,d4_orbit_holdout_v1,D4,True,0,221,49,3372b2fb3a18ed032d1e6a8c25ef6f8a7cc331bddb0a7aebfd9897c15ef92903,898ffe05fe1f89dfae86bd2d395e1dcec5619e4b468dd1cef3f4db89652ed1a7,fe2a6480671f6da3083312a45e9122069ec6cdc7dda580fec8287a2853cc8f51,0.0,0.0,0,none,(),5080177bfb0b19e1bdf2c632ce666ddfb4d7c99c079d28ca9950413aad67af82,0c4fabb34ac8b9127e556c700c1da20b5c8c2c4d4fcf83c8a5b917feb814ca61,f439a9ed51f57fae2f57b262021cc4415869d38f86d0bb4d2fa89db413eebdd4
none,3,2,9,450,348,15,100,30,0.01,False,cpu,lightning.qubit,adjoint,paper,edge,0.1,False,0.0,D4,1.9812899499617755,2.1377154610393303,0.68,0.6264367816091954,0.0535632183908046,204,1,symmetry,631.1462025410146,9,0,True,True,0,d4_orbit_holdout_v1,d4_orbit_holdout_v1,D4,True,0,225,49,b53d4b61ecce843683f650bcf1a1d5e86b087793630cdbed59c0a9cda061c796,898ffe05fe1f89dfae86bd2d395e1dcec5619e4b468dd1cef3f4db89652ed1a7,457fa09c7bc53ddd760f859a1e1cdb67a65ec0b45b1c3d750e4e1657edd1ff0e,0.0,0.0,0,none,(),5080177bfb0b19e1bdf2c632ce666ddfb4d7c99c079d28ca9950413aad67af82,0c4fabb34ac8b9127e556c700c1da20b5c8c2c4d4fcf83c8a5b917feb814ca61,f439a9ed51f57fae2f57b262021cc4415869d38f86d0bb4d2fa89db413eebdd4
none,3,2,0,600,348,15,100,30,0.01,False,cpu,lightning.qubit,adjoint,paper,edge,0.1,False,0.0,D4,1.938274571618647,2.100970088974534,0.7433333333333333,0.6896551724137931,0.0536781609195401,204,1,symmetry,755.8655888329959,0,0,True,True,0,d4_orbit_holdout_v1,d4_orbit_holdout_v1,D4,True,0,264,49,dc5d69f90befaaac45ab97941593e084ce14a5aba58b199edc6ed232514cb4b2,898ffe05fe1f89dfae86bd2d395e1dcec5619e4b468dd1cef3f4db89652ed1a7,539bcdd33972921a9ca9fa6af1e4c2bf16bd64df08697fa6f63ddaab0da4f5c1,0.0,0.0,0,none,(),5080177bfb0b19e1bdf2c632ce666ddfb4d7c99c079d28ca9950413aad67af82,0c4fabb34ac8b9127e556c700c1da20b5c8c2c4d4fcf83c8a5b917feb814ca61,f439a9ed51f57fae2f57b262021cc4415869d38f86d0bb4d2fa89db413eebdd4
none,3,2,1,600,348,15,100,30,0.01,False,cpu,lightning.qubit,adjoint,paper,edge,0.1,False,0.0,D4,1.9560053639872823,2.143514373948237,0.7066666666666667,0.6235632183908046,0.083103448275862,204,1,symmetry,751.6185048330226,1,0,True,True,0,d4_orbit_holdout_v1,d4_orbit_holdout_v1,D4,True,0,266,49,502eea996526fedc78321f300a0b61959995d8817760f909360619ea6a7667be,898ffe05fe1f89dfae86bd2d395e1dcec5619e4b468dd1cef3f4db89652ed1a7,784c5fe0f242bd63c5ad1ea12cf6490f72ab6a8480666fb4c08f2677beadc81e,0.0,0.0,0,none,(),5080177bfb0b19e1bdf2c632ce666ddfb4d7c99c079d28ca9950413aad67af82,0c4fabb34ac8b9127e556c700c1da20b5c8c2c4d4fcf83c8a5b917feb814ca61,f439a9ed51f57fae2f57b262021cc4415869d38f86d0bb4d2fa89db413eebdd4
none,3,2,2,600,348,15,100,30,0.01,False,cpu,lightning.qubit,adjoint,paper,edge,0.1,False,0.0,D4,1.9912482935918892,2.143656403166848,0.685,0.6149425287356322,0.0700574712643679,204,1,symmetry,758.3296435829834,2,0,True,True,0,d4_orbit_holdout_v1,d4_orbit_holdout_v1,D4,True,0,269,49,f9ef66ed8c54beeeab8d30e8c978294086c0bc03d8089bdb0086cc397e19d97b,898ffe05fe1f89dfae86bd2d395e1dcec5619e4b468dd1cef3f4db89652ed1a7,1d49a8470be0d005a3fdbf85fced0419b16c60e88b7a367b16eacec8e9002abf,0.0,0.0,0,none,(),5080177bfb0b19e1bdf2c632ce666ddfb4d7c99c079d28ca9950413aad67af82,0c4fabb34ac8b9127e556c700c1da20b5c8c2c4d4fcf83c8a5b917feb814ca61,f439a9ed51f57fae2f57b262021cc4415869d38f86d0bb4d2fa89db413eebdd4
none,3,2,3,600,348,15,100,30,0.01,False,cpu,lightning.qubit,adjoint,paper,edge,0.1,False,0.0,D4,2.0195872748243833,2.2436854389188214,0.705,0.6149425287356322,0.0900574712643678,204,1,symmetry,757.4266602499993,3,0,True,True,0,d4_orbit_holdout_v1,d4_orbit_holdout_v1,D4,True,0,263,49,1a1ba5d100dfa02c205519e367e26c4c26b20e73ecab52b7c845c238b1313513,898ffe05fe1f89dfae86bd2d395e1dcec5619e4b468dd1cef3f4db89652ed1a7,553fb5f1d8e2f96e6941c8974209ced372531f8387994ea8ff669b79551a87ec,0.0,0.0,0,none,(),5080177bfb0b19e1bdf2c632ce666ddfb4d7c99c079d28ca9950413aad67af82,0c4fabb34ac8b9127e556c700c1da20b5c8c2c4d4fcf83c8a5b917feb814ca61,f439a9ed51f57fae2f57b262021cc4415869d38f86d0bb4d2fa89db413eebdd4
none,3,2,4,600,348,15,100,30,0.01,False,cpu,lightning.qubit,adjoint,paper,edge,0.1,False,0.0,D4,1.9695479013883137,2.065155989791937,0.705,0.6609195402298851,0.0440804597701148,204,1,symmetry,746.9292474169633,4,0,True,True,0,d4_orbit_holdout_v1,d4_orbit_holdout_v1,D4,True,0,272,49,8de29e6cca1e5a9b645400356bb2c0d838066bc7dddf603da0de0e9b9cb613c7,898ffe05fe1f89dfae86bd2d395e1dcec5619e4b468dd1cef3f4db89652ed1a7,ecd54a3b63ae340a5031159d735f8a1f57d301d7fd14f3cacac746b4584efb8b,0.0,0.0,0,none,(),5080177bfb0b19e1bdf2c632ce666ddfb4d7c99c079d28ca9950413aad67af82,0c4fabb34ac8b9127e556c700c1da20b5c8c2c4d4fcf83c8a5b917feb814ca61,f439a9ed51f57fae2f57b262021cc4415869d38f86d0bb4d2fa89db413eebdd4
none,3,2,5,600,348,15,100,30,0.01,False,cpu,lightning.qubit,adjoint,paper,edge,0.1,False,0.0,D4,1.9874788022033456,2.1088568025873635,0.715,0.6666666666666666,0.0483333333333333,204,1,symmetry,627.8086893750005,5,0,True,True,0,d4_orbit_holdout_v1,d4_orbit_holdout_v1,D4,True,0,266,49,2119280bef8c6be599a8fc2cdaae297d965bfc209c71b8bed17538f1176a615a,898ffe05fe1f89dfae86bd2d395e1dcec5619e4b468dd1cef3f4db89652ed1a7,549e99c7302d51d62fba17b985414fcbf17a980b9368ddb28122ac3340d85e46,0.0,0.0,0,none,(),5080177bfb0b19e1bdf2c632ce666ddfb4d7c99c079d28ca9950413aad67af82,0c4fabb34ac8b9127e556c700c1da20b5c8c2c4d4fcf83c8a5b917feb814ca61,f439a9ed51f57fae2f57b262021cc4415869d38f86d0bb4d2fa89db413eebdd4
none,3,2,6,600,348,15,100,30,0.01,False,cpu,lightning.qubit,adjoint,paper,edge,0.1,False,0.0,D4,1.9863098752287072,2.1286670430327437,0.725,0.6551724137931034,0.0698275862068965,204,1,symmetry,625.2795499999775,6,0,True,True,0,d4_orbit_holdout_v1,d4_orbit_holdout_v1,D4,True,0,266,49,f854b9d22b73d3baf149ed8cd897ea6993c77aa15b92a5dbf49befaf6919b01d,898ffe05fe1f89dfae86bd2d395e1dcec5619e4b468dd1cef3f4db89652ed1a7,6e2a4c7f5638223112768702818d511663d147d8d0ba80562a4abe8e5295c478,0.0,0.0,0,none,(),5080177bfb0b19e1bdf2c632ce666ddfb4d7c99c079d28ca9950413aad67af82,0c4fabb34ac8b9127e556c700c1da20b5c8c2c4d4fcf83c8a5b917feb814ca61,f439a9ed51f57fae2f57b262021cc4415869d38f86d0bb4d2fa89db413eebdd4
none,3,2,7,600,348,15,100,30,0.01,False,cpu,lightning.qubit,adjoint,paper,edge,0.1,False,0.0,D4,1.9985893427996415,2.167134173617301,0.6833333333333333,0.6235632183908046,0.0597701149425287,204,1,symmetry,630.711563416,7,0,True,True,0,d4_orbit_holdout_v1,d4_orbit_holdout_v1,D4,True,0,262,49,2e4b5e4c0ea21848b05443dfeb749ee5e4b3712272d6f850b1d1c1c198f7b414,898ffe05fe1f89dfae86bd2d395e1dcec5619e4b468dd1cef3f4db89652ed1a7,9a6df2e338d341b2a893a3b35c6043fb5969e7317e81ff563483c2696d01ef32,0.0,0.0,0,none,(),5080177bfb0b19e1bdf2c632ce666ddfb4d7c99c079d28ca9950413aad67af82,0c4fabb34ac8b9127e556c700c1da20b5c8c2c4d4fcf83c8a5b917feb814ca61,f439a9ed51f57fae2f57b262021cc4415869d38f86d0bb4d2fa89db413eebdd4
none,3,2,8,600,348,15,100,30,0.01,False,cpu,lightning.qubit,adjoint,paper,edge,0.1,False,0.0,D4,1.997470896254446,2.1780104383435055,0.7216666666666667,0.6551724137931034,0.0664942528735632,204,1,symmetry,629.456561665982,8,0,True,True,0,d4_orbit_holdout_v1,d4_orbit_holdout_v1,D4,True,0,265,49,c3f231e6f88bb20e9faa707b33a0091c0c4956e17ed8415913bf5554a6e4fca2,898ffe05fe1f89dfae86bd2d395e1dcec5619e4b468dd1cef3f4db89652ed1a7,1c97bca8d39baa612a9ee96f39b51a0b76c97a8fb09ea3e647394d223c7bd7b1,0.0,0.0,0,none,(),5080177bfb0b19e1bdf2c632ce666ddfb4d7c99c079d28ca9950413aad67af82,0c4fabb34ac8b9127e556c700c1da20b5c8c2c4d4fcf83c8a5b917feb814ca61,f439a9ed51f57fae2f57b262021cc4415869d38f86d0bb4d2fa89db413eebdd4
none,3,2,9,600,348,15,100,30,0.01,False,cpu,lightning.qubit,adjoint,paper,edge,0.1,False,0.0,D4,1.985933489094155,2.0872428711849675,0.6916666666666667,0.6609195402298851,0.0307471264367815,204,1,symmetry,626.1355519579956,9,0,True,True,0,d4_orbit_holdout_v1,d4_orbit_holdout_v1,D4,True,0,265,49,f4adab1d8bd6dd97991fa341e92a77e4ea25c2a5edbb5a14843d7841d1f50a31,898ffe05fe1f89dfae86bd2d395e1dcec5619e4b468dd1cef3f4db89652ed1a7,9e3283df79c5d13febf6c251bd1ed173afed93f6bc4e02184add4fc6a1bb5281,0.0,0.0,0,none,(),5080177bfb0b19e1bdf2c632ce666ddfb4d7c99c079d28ca9950413aad67af82,0c4fabb34ac8b9127e556c700c1da20b5c8c2c4d4fcf83c8a5b917feb814ca61,f439a9ed51f57fae2f57b262021cc4415869d38f86d0bb4d2fa89db413eebdd4
Z2_rot180,3,2,0,30,348,15,100,30,0.01,False,cpu,lightning.qubit,adjoint,paper,edge,0.1,False,0.0,D4,1.3141498223894692,2.538107406985372,0.9666666666666668,0.5057471264367817,0.460919540229885,108,2,symmetry,585.5175243749982,0,0,True,True,0,d4_orbit_holdout_v1,d4_orbit_holdout_v1,D4,True,0,29,49,c013ddbea8c37e6aa8b8cf7d4329d96c625f16b63c157940719fba0d14e27fb2,898ffe05fe1f89dfae86bd2d395e1dcec5619e4b468dd1cef3f4db89652ed1a7,d67fe947f1d0e662a8a6586486cf49f7e46c2239af36cf11cf74f92071990bac,0.0,0.0,0,none,(),5080177bfb0b19e1bdf2c632ce666ddfb4d7c99c079d28ca9950413aad67af82,0c4fabb34ac8b9127e556c700c1da20b5c8c2c4d4fcf83c8a5b917feb814ca61,f439a9ed51f57fae2f57b262021cc4415869d38f86d0bb4d2fa89db413eebdd4
Z2_rot180,3,2,1,30,348,15,100,30,0.01,False,cpu,lightning.qubit,adjoint,paper,edge,0.1,False,0.0,D4,1.340402785896704,2.6505513691857105,0.9666666666666668,0.4770114942528735,0.4896551724137931,108,2,symmetry,582.5819597080117,1,0,True,True,0,d4_orbit_holdout_v1,d4_orbit_holdout_v1,D4,True,0,26,49,71076a3914b495d3796f7b0e0fcace2ce7885c03a5ad1769e8fd17a138de406c,898ffe05fe1f89dfae86bd2d395e1dcec5619e4b468dd1cef3f4db89652ed1a7,de789f33d1a7a54349fa2bec40c22b73bf8dd604fa3c02d9ebab813178879aae,0.0,0.0,0,none,(),5080177bfb0b19e1bdf2c632ce666ddfb4d7c99c079d28ca9950413aad67af82,0c4fabb34ac8b9127e556c700c1da20b5c8c2c4d4fcf83c8a5b917feb814ca61,f439a9ed51f57fae2f57b262021cc4415869d38f86d0bb4d2fa89db413eebdd4
Z2_rot180,3,2,2,30,348,15,100,30,0.01,False,cpu,lightning.qubit,adjoint,paper,edge,0.1,False,0.0,D4,0.9923823078258156,2.353333117745479,1.0,0.5287356321839081,0.4712643678160919,108,2,symmetry,590.235308000003,2,0,True,True,0,d4_orbit_holdout_v1,d4_orbit_holdout_v1,D4,True,0,28,49,012351c3e3ce54f4700812ff617dbccd4d328ccf4352f78a7e46b6d690bd904f,898ffe05fe1f89dfae86bd2d395e1dcec5619e4b468dd1cef3f4db89652ed1a7,2bfac0ceb07ae056d3f567b74fbdc97415a67edaa86cf88effe46a69ad9a6361,0.0,0.0,0,none,(),5080177bfb0b19e1bdf2c632ce666ddfb4d7c99c079d28ca9950413aad67af82,0c4fabb34ac8b9127e556c700c1da20b5c8c2c4d4fcf83c8a5b917feb814ca61,f439a9ed51f57fae2f57b262021cc4415869d38f86d0bb4d2fa89db413eebdd4
Z2_rot180,3,2,3,30,348,15,100,30,0.01,False,cpu,lightning.qubit,adjoint,paper,edge,0.1,False,0.0,D4,1.2320093957895693,2.5196872521264164,0.9,0.4885057471264368,0.4114942528735632,108,2,symmetry,590.4339849999524,3,0,True,True,0,d4_orbit_holdout_v1,d4_orbit_holdout_v1,D4,True,0,29,49,41bbb6e3ea1e2584331d8595a213d7aa32e6694e33b0b64b79f196038e1345dd,898ffe05fe1f89dfae86bd2d395e1dcec5619e4b468dd1cef3f4db89652ed1a7,a144c03febf6de5e9d8a3fbc630df3053f1798b7cc26f90dcc2169022c1fa5f7,0.0,0.0,0,none,(),5080177bfb0b19e1bdf2c632ce666ddfb4d7c99c079d28ca9950413aad67af82,0c4fabb34ac8b9127e556c700c1da20b5c8c2c4d4fcf83c8a5b917feb814ca61,f439a9ed51f57fae2f57b262021cc4415869d38f86d0bb4d2fa89db413eebdd4
Z2_rot180,3,2,4,30,348,15,100,30,0.01,False,cpu,lightning.qubit,adjoint,paper,edge,0.1,False,0.0,D4,1.0050547669446428,2.476202286845322,0.9666666666666668,0.4597701149425287,0.506896551724138,108,2,symmetry,581.6178578750114,4,0,True,True,0,d4_orbit_holdout_v1,d4_orbit_holdout_v1,D4,True,0,29,49,89c3fae076b89317998b8dcbb90b40e0976870e1b98064723ee509ffd8b4db95,898ffe05fe1f89dfae86bd2d395e1dcec5619e4b468dd1cef3f4db89652ed1a7,0abb6d0bcb3d2206506cba7743f9b33dfe3b6b0535a4626dd5598f0a42a2118e,0.0,0.0,0,none,(),5080177bfb0b19e1bdf2c632ce666ddfb4d7c99c079d28ca9950413aad67af82,0c4fabb34ac8b9127e556c700c1da20b5c8c2c4d4fcf83c8a5b917feb814ca61,f439a9ed51f57fae2f57b262021cc4415869d38f86d0bb4d2fa89db413eebdd4
Z2_rot180,3,2,5,30,348,15,100,30,0.01,False,cpu,lightning.qubit,adjoint,paper,edge,0.1,False,0.0,D4,1.1508340904524847,2.406819602244706,0.9,0.5229885057471264,0.3770114942528736,108,2,symmetry,580.2013892499963,5,0,True,True,0,d4_orbit_holdout_v1,d4_orbit_holdout_v1,D4,True,0,28,49,f19c029f9497e30339db469cea15ee2f27b83b31dfa3c32a19bf17fed2d60ae1,898ffe05fe1f89dfae86bd2d395e1dcec5619e4b468dd1cef3f4db89652ed1a7,9fbae33259973293d1e9d4e11fff2df17f0b6f679b3a34f5aba31bafb5dfc912,0.0,0.0,0,none,(),5080177bfb0b19e1bdf2c632ce666ddfb4d7c99c079d28ca9950413aad67af82,0c4fabb34ac8b9127e556c700c1da20b5c8c2c4d4fcf83c8a5b917feb814ca61,f439a9ed51f57fae2f57b262021cc4415869d38f86d0bb4d2fa89db413eebdd4
Z2_rot180,3,2,6,30,348,15,100,30,0.01,False,cpu,lightning.qubit,adjoint,paper,edge,0.1,False,0.0,D4,1.231020362907011,2.5547807373160714,0.9666666666666668,0.5344827586206896,0.432183908045977,108,2,symmetry,583.2626540840138,6,0,True,True,0,d4_orbit_holdout_v1,d4_orbit_holdout_v1,D4,True,0,30,49,f85213f827a383454046e30bc701450a2d1af00249458e5ad9af16aed62ef924,898ffe05fe1f89dfae86bd2d395e1dcec5619e4b468dd1cef3f4db89652ed1a7,81c5f2e4db78dcf6ec0ad23ca618c4227f4cc2eac414c7fab945a79c24292b9f,0.0,0.0,0,none,(),5080177bfb0b19e1bdf2c632ce666ddfb4d7c99c079d28ca9950413aad67af82,0c4fabb34ac8b9127e556c700c1da20b5c8c2c4d4fcf83c8a5b917feb814ca61,f439a9ed51f57fae2f57b262021cc4415869d38f86d0bb4d2fa89db413eebdd4
Z2_rot180,3,2,7,30,348,15,100,30,0.01,False,cpu,lightning.qubit,adjoint,paper,edge,0.1,False,0.0,D4,1.0773288685564182,2.71576224190122,1.0,0.4540229885057471,0.5459770114942528,108,2,symmetry,592.3763895420125,7,0,True,True,0,d4_orbit_holdout_v1,d4_orbit_holdout_v1,D4,True,0,28,49,fdebfc5b8a6735daa77adc9c5365409bddbf58c94f1b74c7343da84c639ef4a0,898ffe05fe1f89dfae86bd2d395e1dcec5619e4b468dd1cef3f4db89652ed1a7,b9f58ebcece0ce6055d3e62be47de2d425b08b1197b3b3006717c06706b355d0,0.0,0.0,0,none,(),5080177bfb0b19e1bdf2c632ce666ddfb4d7c99c079d28ca9950413aad67af82,0c4fabb34ac8b9127e556c700c1da20b5c8c2c4d4fcf83c8a5b917feb814ca61,f439a9ed51f57fae2f57b262021cc4415869d38f86d0bb4d2fa89db413eebdd4
Z2_rot180,3,2,8,30,348,15,100,30,0.01,False,cpu,lightning.qubit,adjoint,paper,edge,0.1,False,0.0,D4,1.1420931633222275,2.582790581236067,0.9666666666666668,0.5,0.4666666666666667,108,2,symmetry,589.4378020410077,8,0,True,True,0,d4_orbit_holdout_v1,d4_orbit_holdout_v1,D4,True,0,27,49,a97b44efcb5383e51130e84ba529dcb761d95a31f02d945ff70da537edc857b5,898ffe05fe1f89dfae86bd2d395e1dcec5619e4b468dd1cef3f4db89652ed1a7,1d6ae38cf90ee615a9edd594492d5c8a9c4aad29553c8a55f9338749a9368ebd,0.0,0.0,0,none,(),5080177bfb0b19e1bdf2c632ce666ddfb4d7c99c079d28ca9950413aad67af82,0c4fabb34ac8b9127e556c700c1da20b5c8c2c4d4fcf83c8a5b917feb814ca61,f439a9ed51f57fae2f57b262021cc4415869d38f86d0bb4d2fa89db413eebdd4
Z2_rot180,3,2,9,30,348,15,100,30,0.01,False,cpu,lightning.qubit,adjoint,paper,edge,0.1,False,0.0,D4,1.2219384539671707,2.490827453226001,1.0,0.4597701149425287,0.5402298850574713,108,2,symmetry,581.9995952919708,9,0,True,True,0,d4_orbit_holdout_v1,d4_orbit_holdout_v1,D4,True,0,27,49,b8a15bf853782073a1c3ba0e96b4d587716503a9817656309e9007071d4c24ab,898ffe05fe1f89dfae86bd2d395e1dcec5619e4b468dd1cef3f4db89652ed1a7,7326e9db009aaac7f4f40807b93226b7b081ea82633a5e4b0556c10b3b367cb5,0.0,0.0,0,none,(),5080177bfb0b19e1bdf2c632ce666ddfb4d7c99c079d28ca9950413aad67af82,0c4fabb34ac8b9127e556c700c1da20b5c8c2c4d4fcf83c8a5b917feb814ca61,f439a9ed51f57fae2f57b262021cc4415869d38f86d0bb4d2fa89db413eebdd4
Z2_rot180,3,2,0,60,348,15,100,30,0.01,False,cpu,lightning.qubit,adjoint,paper,edge,0.1,False,0.0,D4,1.5789646585755135,2.584965755504393,0.8333333333333334,0.4770114942528735,0.3563218390804598,108,2,symmetry,591.2167275420506,0,0,True,True,0,d4_orbit_holdout_v1,d4_orbit_holdout_v1,D4,True,0,54,49,7f0c8ffa3a6cf22f2c5d2bcbc3b1f043a7e6f45099996a781c2523fa1c5238fc,898ffe05fe1f89dfae86bd2d395e1dcec5619e4b468dd1cef3f4db89652ed1a7,3e4937a8f938376038ca7372f474fe7c343e35e95fd1ebb01de0d604a5397965,0.0,0.0,0,none,(),5080177bfb0b19e1bdf2c632ce666ddfb4d7c99c079d28ca9950413aad67af82,0c4fabb34ac8b9127e556c700c1da20b5c8c2c4d4fcf83c8a5b917feb814ca61,f439a9ed51f57fae2f57b262021cc4415869d38f86d0bb4d2fa89db413eebdd4
Z2_rot180,3,2,1,60,348,15,100,30,0.01,False,cpu,lightning.qubit,adjoint,paper,edge,0.1,False,0.0,D4,1.4937060377657123,2.3065250145937446,0.85,0.5517241379310345,0.2982758620689655,108,2,symmetry,589.4801131249988,1,0,True,True,0,d4_orbit_holdout_v1,d4_orbit_holdout_v1,D4,True,0,49,49,b15f52cc9246bbcde840b05518e2e3e1f9dce7ebffab5ccac72acb847b1abc9e,898ffe05fe1f89dfae86bd2d395e1dcec5619e4b468dd1cef3f4db89652ed1a7,2cf7c699fb01152e48196977e2c3aaf996aff9c0ff667a32ed2063b4e552449e,0.0,0.0,0,none,(),5080177bfb0b19e1bdf2c632ce666ddfb4d7c99c079d28ca9950413aad67af82,0c4fabb34ac8b9127e556c700c1da20b5c8c2c4d4fcf83c8a5b917feb814ca61,f439a9ed51f57fae2f57b262021cc4415869d38f86d0bb4d2fa89db413eebdd4
Z2_rot180,3,2,2,60,348,15,100,30,0.01,False,cpu,lightning.qubit,adjoint,paper,edge,0.1,False,0.0,D4,1.3352967272546823,2.5521753128596565,0.8833333333333333,0.4310344827586206,0.4522988505747126,108,2,symmetry,596.2292031659745,2,0,True,True,0,d4_orbit_holdout_v1,d4_orbit_holdout_v1,D4,True,0,51,49,3e10f5e740c3e1fc60bed7b14008fc76d3a7070251b9aafc4d1c9ff42963b675,898ffe05fe1f89dfae86bd2d395e1dcec5619e4b468dd1cef3f4db89652ed1a7,5e80089d322e2e32e8df328353338fa008283708087997f172d6054f6fb1dded,0.0,0.0,0,none,(),5080177bfb0b19e1bdf2c632ce666ddfb4d7c99c079d28ca9950413aad67af82,0c4fabb34ac8b9127e556c700c1da20b5c8c2c4d4fcf83c8a5b917feb814ca61,f439a9ed51f57fae2f57b262021cc4415869d38f86d0bb4d2fa89db413eebdd4
Z2_rot180,3,2,3,60,348,15,100,30,0.01,False,cpu,lightning.qubit,adjoint,paper,edge,0.1,False,0.0,D4,1.780034845288405,2.4413718825983293,0.7666666666666667,0.5402298850574713,0.2264367816091954,108,2,symmetry,596.5471109580249,3,0,True,True,0,d4_orbit_holdout_v1,d4_orbit_holdout_v1,D4,True,0,53,49,0f338d0769d2901b58b6f7281275a333e9a2bbb1041cf314538a0138b68ff34d,898ffe05fe1f89dfae86bd2d395e1dcec5619e4b468dd1cef3f4db89652ed1a7,f8890153c6da5146e37eea9bd6157fa215a103a75f18cc6dadb24c9ef7f56304,0.0,0.0,0,none,(),5080177bfb0b19e1bdf2c632ce666ddfb4d7c99c079d28ca9950413aad67af82,0c4fabb34ac8b9127e556c700c1da20b5c8c2c4d4fcf83c8a5b917feb814ca61,f439a9ed51f57fae2f57b262021cc4415869d38f86d0bb4d2fa89db413eebdd4
Z2_rot180,3,2,4,60,348,15,100,30,0.01,False,cpu,lightning.qubit,adjoint,paper,edge,0.1,False,0.0,D4,1.2708604586709105,2.412503213779546,0.9333333333333332,0.5402298850574713,0.3931034482758621,108,2,symmetry,588.0303958749864,4,0,True,True,0,d4_orbit_holdout_v1,d4_orbit_holdout_v1,D4,True,0,52,49,dd89f4d3b1611f7595349dba9e78af0aabe848eba19cfd3dd015b8428e3c6576,898ffe05fe1f89dfae86bd2d395e1dcec5619e4b468dd1cef3f4db89652ed1a7,2408b56d9f335509e74ad1616e5177627e5c7cd5828612ad534f45a35a834da6,0.0,0.0,0,none,(),5080177bfb0b19e1bdf2c632ce666ddfb4d7c99c079d28ca9950413aad67af82,0c4fabb34ac8b9127e556c700c1da20b5c8c2c4d4fcf83c8a5b917feb814ca61,f439a9ed51f57fae2f57b262021cc4415869d38f86d0bb4d2fa89db413eebdd4
Z2_rot180,3,2,5,60,348,15,100,30,0.01,False,cpu,lightning.qubit,adjoint,paper,edge,0.1,False,0.0,D4,1.457850368873162,2.51360026237215,0.8666666666666667,0.5344827586206896,0.3321839080459771,108,2,symmetry,580.826687666995,5,0,True,True,0,d4_orbit_holdout_v1,d4_orbit_holdout_v1,D4,True,0,54,49,bd2aa93f70526e37917a32782e0539a410e547269294843dcc57f34ef1b615cf,898ffe05fe1f89dfae86bd2d395e1dcec5619e4b468dd1cef3f4db89652ed1a7,38af9789f7faf10930fc9293e4f070155f8776178331e52e21355219660a1693,0.0,0.0,0,none,(),5080177bfb0b19e1bdf2c632ce666ddfb4d7c99c079d28ca9950413aad67af82,0c4fabb34ac8b9127e556c700c1da20b5c8c2c4d4fcf83c8a5b917feb814ca61,f439a9ed51f57fae2f57b262021cc4415869d38f86d0bb4d2fa89db413eebdd4
Z2_rot180,3,2,6,60,348,15,100,30,0.01,False,cpu,lightning.qubit,adjoint,paper,edge,0.1,False,0.0,D4,1.5627968756596398,2.3632724516553005,0.8333333333333334,0.5517241379310345,0.2816091954022989,108,2,symmetry,584.0441699579824,6,0,True,True,0,d4_orbit_holdout_v1,d4_orbit_holdout_v1,D4,True,0,55,49,3d6bd0d16427e89b63d82c35b271408a0fc35b584967205d0e2621a0623ae23d,898ffe05fe1f89dfae86bd2d395e1dcec5619e4b468dd1cef3f4db89652ed1a7,5350458d2807997896cc1a26d1f80f6a7ca215ce8f89e6926757acfad399bf29,0.0,0.0,0,none,(),5080177bfb0b19e1bdf2c632ce666ddfb4d7c99c079d28ca9950413aad67af82,0c4fabb34ac8b9127e556c700c1da20b5c8c2c4d4fcf83c8a5b917feb814ca61,f439a9ed51f57fae2f57b262021cc4415869d38f86d0bb4d2fa89db413eebdd4
Z2_rot180,3,2,7,60,348,15,100,30,0.01,False,cpu,lightning.qubit,adjoint,paper,edge,0.1,False,0.0,D4,1.5670865407111658,2.287719418358232,0.8333333333333334,0.5057471264367817,0.3275862068965517,108,2,symmetry,588.682488499966,7,0,True,True,0,d4_orbit_holdout_v1,d4_orbit_holdout_v1,D4,True,0,52,49,7913d1b81966957fc454d840fd2d104a9889a68fd43027436da50e67f84b4281,898ffe05fe1f89dfae86bd2d395e1dcec5619e4b468dd1cef3f4db89652ed1a7,6343d41d5a3117648f141b20ba8fcdab43f96977d12feb05c81bf0ab33c205fb,0.0,0.0,0,none,(),5080177bfb0b19e1bdf2c632ce666ddfb4d7c99c079d28ca9950413aad67af82,0c4fabb34ac8b9127e556c700c1da20b5c8c2c4d4fcf83c8a5b917feb814ca61,f439a9ed51f57fae2f57b262021cc4415869d38f86d0bb4d2fa89db413eebdd4
Z2_rot180,3,2,8,60,348,15,100,30,0.01,False,cpu,lightning.qubit,adjoint,paper,edge,0.1,False,0.0,D4,1.3962691572750503,2.3863510225025446,0.9333333333333332,0.5287356321839081,0.4045977011494253,108,2,symmetry,590.975849792012,8,0,True,True,0,d4_orbit_holdout_v1,d4_orbit_holdout_v1,D4,True,0,55,49,6ea8f5333d068b8bb08318ee2433377392ec9bc278c434b8c0241f950f47e22f,898ffe05fe1f89dfae86bd2d395e1dcec5619e4b468dd1cef3f4db89652ed1a7,4bfae1d428798c7edf5ac12b7e27945edc545a5ada4d9e7b39977e3a39fcf369,0.0,0.0,0,none,(),5080177bfb0b19e1bdf2c632ce666ddfb4d7c99c079d28ca9950413aad67af82,0c4fabb34ac8b9127e556c700c1da20b5c8c2c4d4fcf83c8a5b917feb814ca61,f439a9ed51f57fae2f57b262021cc4415869d38f86d0bb4d2fa89db413eebdd4
Z2_rot180,3,2,9,60,348,15,100,30,0.01,False,cpu,lightning.qubit,adjoint,paper,edge,0.1,False,0.0,D4,1.6149830436113448,2.4183364749502263,0.8333333333333334,0.5172413793103449,0.3160919540229885,108,2,symmetry,582.2386307920096,9,0,True,True,0,d4_orbit_holdout_v1,d4_orbit_holdout_v1,D4,True,0,53,49,5664aa4ea41fe79fa8d94f4c5b16821970822c428db2e331730bc11bb3f6651f,898ffe05fe1f89dfae86bd2d395e1dcec5619e4b468dd1cef3f4db89652ed1a7,e80b6a67ed48518c6f9316bfe0df54416a3e603e07bf178f784a6d9fa1519b8e,0.0,0.0,0,none,(),5080177bfb0b19e1bdf2c632ce666ddfb4d7c99c079d28ca9950413aad67af82,0c4fabb34ac8b9127e556c700c1da20b5c8c2c4d4fcf83c8a5b917feb814ca61,f439a9ed51f57fae2f57b262021cc4415869d38f86d0bb4d2fa89db413eebdd4
Z2_rot180,3,2,0,120,348,15,100,30,0.01,False,cpu,lightning.qubit,adjoint,paper,edge,0.1,False,0.0,D4,1.8071893475300365,2.5886963012243576,0.7833333333333333,0.4540229885057471,0.3293103448275862,108,2,symmetry,582.1198280840181,0,0,True,True,0,d4_orbit_holdout_v1,d4_orbit_holdout_v1,D4,True,0,94,49,aa9ca803b030705a7cca3e3cc023ecc2ad129ddca70f13c4269ba3c91e253901,898ffe05fe1f89dfae86bd2d395e1dcec5619e4b468dd1cef3f4db89652ed1a7,e1b51f896af5d7fb7fde1711fbb346495419096f71937d3b067dbe77e4e09eee,0.0,0.0,0,none,(),5080177bfb0b19e1bdf2c632ce666ddfb4d7c99c079d28ca9950413aad67af82,0c4fabb34ac8b9127e556c700c1da20b5c8c2c4d4fcf83c8a5b917feb814ca61,f439a9ed51f57fae2f57b262021cc4415869d38f86d0bb4d2fa89db413eebdd4
Z2_rot180,3,2,1,120,348,15,100,30,0.01,False,cpu,lightning.qubit,adjoint,paper,edge,0.1,False,0.0,D4,1.8717024962787272,2.1843831813313095,0.7583333333333333,0.6149425287356322,0.1433908045977011,108,2,symmetry,585.7744000410312,1,0,True,True,0,d4_orbit_holdout_v1,d4_orbit_holdout_v1,D4,True,0,89,49,348c94e0c602b46df772691fb16bd3d09d7efa7b55e4957c5dba5d9b21a7b341,898ffe05fe1f89dfae86bd2d395e1dcec5619e4b468dd1cef3f4db89652ed1a7,d0dd67a7aaa1de987b52082d78a9f3637bb9b412119726b6d9aea44dd9318c95,0.0,0.0,0,none,(),5080177bfb0b19e1bdf2c632ce666ddfb4d7c99c079d28ca9950413aad67af82,0c4fabb34ac8b9127e556c700c1da20b5c8c2c4d4fcf83c8a5b917feb814ca61,f439a9ed51f57fae2f57b262021cc4415869d38f86d0bb4d2fa89db413eebdd4
Z2_rot180,3,2,2,120,348,15,100,30,0.01,False,cpu,lightning.qubit,adjoint,paper,edge,0.1,False,0.0,D4,1.7726121155822243,2.2372285125762676,0.8,0.6149425287356322,0.1850574712643679,108,2,symmetry,587.0605841670185,2,0,True,True,0,d4_orbit_holdout_v1,d4_orbit_holdout_v1,D4,True,0,93,49,585673268215e67b4791fb1d5ff75319099947474366c4072c67c363bb1d5a9b,898ffe05fe1f89dfae86bd2d395e1dcec5619e4b468dd1cef3f4db89652ed1a7,296c83d7a7f92e0eb5a4b1bd86944188f10aa254a951e3b53526d77bee1dd725,0.0,0.0,0,none,(),5080177bfb0b19e1bdf2c632ce666ddfb4d7c99c079d28ca9950413aad67af82,0c4fabb34ac8b9127e556c700c1da20b5c8c2c4d4fcf83c8a5b917feb814ca61,f439a9ed51f57fae2f57b262021cc4415869d38f86d0bb4d2fa89db413eebdd4
Z2_rot180,3,2,3,120,348,15,100,30,0.01,False,cpu,lightning.qubit,adjoint,paper,edge,0.1,False,0.0,D4,1.869990683862348,2.3671444724455206,0.7583333333333333,0.5229885057471264,0.2353448275862069,108,2,symmetry,593.1903908330132,3,0,True,True,0,d4_orbit_holdout_v1,d4_orbit_holdout_v1,D4,True,0,89,49,e7f9226a35a986d30d70e3b1ade00a758e4aff1044820b5b299c51fe9175ea9d,898ffe05fe1f89dfae86bd2d395e1dcec5619e4b468dd1cef3f4db89652ed1a7,63c2c4d1b4364a4d8088d1fa5452e3f56f6700d2c1edd7f25d2b899fe62517f0,0.0,0.0,0,none,(),5080177bfb0b19e1bdf2c632ce666ddfb4d7c99c079d28ca9950413aad67af82,0c4fabb34ac8b9127e556c700c1da20b5c8c2c4d4fcf83c8a5b917feb814ca61,f439a9ed51f57fae2f57b262021cc4415869d38f86d0bb4d2fa89db413eebdd4
Z2_rot180,3,2,4,120,348,15,100,30,0.01,False,cpu,lightning.qubit,adjoint,paper,edge,0.1,False,0.0,D4,1.509861449347496,2.215122745625659,0.8416666666666667,0.6091954022988506,0.232471264367816,108,2,symmetry,587.2248505839962,4,0,True,True,0,d4_orbit_holdout_v1,d4_orbit_holdout_v1,D4,True,0,95,49,9f6eba2ac122de0c87ca5f5bae1bc9f25c60553479bc8096d9458ceac0bf57f3,898ffe05fe1f89dfae86bd2d395e1dcec5619e4b468dd1cef3f4db89652ed1a7,a6871ee58e365fbf389459da739117968fa6d5c1ea6ac5b764c2255657fa32e5,0.0,0.0,0,none,(),5080177bfb0b19e1bdf2c632ce666ddfb4d7c99c079d28ca9950413aad67af82,0c4fabb34ac8b9127e556c700c1da20b5c8c2c4d4fcf83c8a5b917feb814ca61,f439a9ed51f57fae2f57b262021cc4415869d38f86d0bb4d2fa89db413eebdd4
Z2_rot180,3,2,5,120,348,15,100,30,0.01,False,cpu,lightning.qubit,adjoint,paper,edge,0.1,False,0.0,D4,1.7245916684944698,2.2411460388826265,0.8083333333333333,0.603448275862069,0.2048850574712644,108,2,symmetry,598.9764070829842,5,0,True,True,0,d4_orbit_holdout_v1,d4_orbit_holdout_v1,D4,True,0,95,49,3adf81a214fcd77b7d308e12147eaa54449693b844ec78ffcfde40d82904f1f5,898ffe05fe1f89dfae86bd2d395e1dcec5619e4b468dd1cef3f4db89652ed1a7,686fa309cd78b1fcf4c2fcf48542ef9a83fca5641ad8cd825509aa6f22d32508,0.0,0.0,0,none,(),5080177bfb0b19e1bdf2c632ce666ddfb4d7c99c079d28ca9950413aad67af82,0c4fabb34ac8b9127e556c700c1da20b5c8c2c4d4fcf83c8a5b917feb814ca61,f439a9ed51f57fae2f57b262021cc4415869d38f86d0bb4d2fa89db413eebdd4
Z2_rot180,3,2,6,120,348,15,100,30,0.01,False,cpu,lightning.qubit,adjoint,paper,edge,0.1,False,0.0,D4,1.793857854883783,2.3460246435741796,0.8,0.4942528735632184,0.3057471264367816,108,2,symmetry,583.6340150000178,6,0,True,True,0,d4_orbit_holdout_v1,d4_orbit_holdout_v1,D4,True,0,98,49,e720cb86e41fc139d9ace2bea5521e01911642d4ef6eabf43328f5c043b1de6e,898ffe05fe1f89dfae86bd2d395e1dcec5619e4b468dd1cef3f4db89652ed1a7,17ee91923e03a129e935303797c1d3500c4a9ebfd416710fd338d30225ff1a83,0.0,0.0,0,none,(),5080177bfb0b19e1bdf2c632ce666ddfb4d7c99c079d28ca9950413aad67af82,0c4fabb34ac8b9127e556c700c1da20b5c8c2c4d4fcf83c8a5b917feb814ca61,f439a9ed51f57fae2f57b262021cc4415869d38f86d0bb4d2fa89db413eebdd4
Z2_rot180,3,2,7,120,348,15,100,30,0.01,False,cpu,lightning.qubit,adjoint,paper,edge,0.1,False,0.0,D4,1.87251567174816,2.343336652810569,0.7833333333333333,0.5689655172413793,0.214367816091954,108,2,symmetry,593.0104861250147,7,0,True,True,0,d4_orbit_holdout_v1,d4_orbit_holdout_v1,D4,True,0,91,49,a15704f4ba7b44c68aed48d02d69890a5049f9668a5ed5009d7e3d69330b5301,898ffe05fe1f89dfae86bd2d395e1dcec5619e4b468dd1cef3f4db89652ed1a7,1447b67cfb5501f7237a0c9fe011d1361d266b39505b3dd09a34d53288234a4b,0.0,0.0,0,none,(),5080177bfb0b19e1bdf2c632ce666ddfb4d7c99c079d28ca9950413aad67af82,0c4fabb34ac8b9127e556c700c1da20b5c8c2c4d4fcf83c8a5b917feb814ca61,f439a9ed51f57fae2f57b262021cc4415869d38f86d0bb4d2fa89db413eebdd4
Z2_rot180,3,2,8,120,348,15,100,30,0.01,False,cpu,lightning.qubit,adjoint,paper,edge,0.1,False,0.0,D4,1.731689754619209,2.2191962992481287,0.8083333333333333,0.632183908045977,0.1761494252873563,108,2,symmetry,601.6171434579883,8,0,True,True,0,d4_orbit_holdout_v1,d4_orbit_holdout_v1,D4,True,0,91,49,580eda3b1cea44649cc78e15f88de3a539ff57069af4c472c089af69840c4dc7,898ffe05fe1f89dfae86bd2d395e1dcec5619e4b468dd1cef3f4db89652ed1a7,e352d7197e6f5412ae6be5df7706da0548f858a397a1d32529fae3b2c525ccd3,0.0,0.0,0,none,(),5080177bfb0b19e1bdf2c632ce666ddfb4d7c99c079d28ca9950413aad67af82,0c4fabb34ac8b9127e556c700c1da20b5c8c2c4d4fcf83c8a5b917feb814ca61,f439a9ed51f57fae2f57b262021cc4415869d38f86d0bb4d2fa89db413eebdd4
Z2_rot180,3,2,9,120,348,15,100,30,0.01,False,cpu,lightning.qubit,adjoint,paper,edge,0.1,False,0.0,D4,1.7983759637086247,2.249398802954025,0.825,0.5689655172413793,0.2560344827586206,108,2,symmetry,594.3779178750119,9,0,True,True,0,d4_orbit_holdout_v1,d4_orbit_holdout_v1,D4,True,0,92,49,619ec35ae71ec71f0ab934ed36d94026155952ff99774e23688c463fe2e691b3,898ffe05fe1f89dfae86bd2d395e1dcec5619e4b468dd1cef3f4db89652ed1a7,834ae5926e487b00bbb842d00e0fb0e1486cd1ba2dec383f92ccccf96fe2e622,0.0,0.0,0,none,(),5080177bfb0b19e1bdf2c632ce666ddfb4d7c99c079d28ca9950413aad67af82,0c4fabb34ac8b9127e556c700c1da20b5c8c2c4d4fcf83c8a5b917feb814ca61,f439a9ed51f57fae2f57b262021cc4415869d38f86d0bb4d2fa89db413eebdd4
Z2_rot180,3,2,0,240,348,15,100,30,0.01,False,cpu,lightning.qubit,adjoint,paper,edge,0.1,False,0.0,D4,1.847842476009512,2.190353571559359,0.75,0.6206896551724138,0.1293103448275862,108,2,symmetry,592.8977572079748,0,0,True,True,0,d4_orbit_holdout_v1,d4_orbit_holdout_v1,D4,True,0,154,49,a25c38357d6c5afdf19497fbffd749a1aeb4a2a8be0500b392933f2f2842d722,898ffe05fe1f89dfae86bd2d395e1dcec5619e4b468dd1cef3f4db89652ed1a7,914579416e955b1f6c350603da3bd42e668ba5545df619b41dfce3c406c5b966,0.0,0.0,0,none,(),5080177bfb0b19e1bdf2c632ce666ddfb4d7c99c079d28ca9950413aad67af82,0c4fabb34ac8b9127e556c700c1da20b5c8c2c4d4fcf83c8a5b917feb814ca61,f439a9ed51f57fae2f57b262021cc4415869d38f86d0bb4d2fa89db413eebdd4
Z2_rot180,3,2,1,240,348,15,100,30,0.01,False,cpu,lightning.qubit,adjoint,paper,edge,0.1,False,0.0,D4,1.8837254638446157,2.1705525808906754,0.7291666666666666,0.6551724137931034,0.0739942528735632,108,2,symmetry,591.8038311669952,1,0,True,True,0,d4_orbit_holdout_v1,d4_orbit_holdout_v1,D4,True,0,153,49,7a035c72a0490cea32d5235f47f960cf4012d5568824bb4048580a6047b51654,898ffe05fe1f89dfae86bd2d395e1dcec5619e4b468dd1cef3f4db89652ed1a7,32f82728c26c02cb8d98bb72a8728c96c5c395f117d51e326a64c413d93c4b6d,0.0,0.0,0,none,(),5080177bfb0b19e1bdf2c632ce666ddfb4d7c99c079d28ca9950413aad67af82,0c4fabb34ac8b9127e556c700c1da20b5c8c2c4d4fcf83c8a5b917feb814ca61,f439a9ed51f57fae2f57b262021cc4415869d38f86d0bb4d2fa89db413eebdd4
Z2_rot180,3,2,2,240,348,15,100,30,0.01,False,cpu,lightning.qubit,adjoint,paper,edge,0.1,False,0.0,D4,1.889948515480172,2.1596369636529498,0.7958333333333333,0.6781609195402298,0.1176724137931034,108,2,symmetry,599.0158933340572,2,0,True,True,0,d4_orbit_holdout_v1,d4_orbit_holdout_v1,D4,True,0,152,49,6ae2b9cabf6c499004c3933f54f9064020a5eeb4ae9e3eab9eeba0ebe08c5b83,898ffe05fe1f89dfae86bd2d395e1dcec5619e4b468dd1cef3f4db89652ed1a7,fd4a44bc6c675210f27bcfe470c396d2c14f1190f75fee31a7495cd57fc37111,0.0,0.0,0,none,(),5080177bfb0b19e1bdf2c632ce666ddfb4d7c99c079d28ca9950413aad67af82,0c4fabb34ac8b9127e556c700c1da20b5c8c2c4d4fcf83c8a5b917feb814ca61,f439a9ed51f57fae2f57b262021cc4415869d38f86d0bb4d2fa89db413eebdd4
Z2_rot180,3,2,3,240,348,15,100,30,0.01,False,cpu,lightning.qubit,adjoint,paper,edge,0.1,False,0.0,D4,1.9588604136593455,2.2161637974511117,0.7125,0.6264367816091954,0.0860632183908046,108,2,symmetry,598.4218019170221,3,0,True,True,0,d4_orbit_holdout_v1,d4_orbit_holdout_v1,D4,True,0,149,49,0932a2f803b53c282511da9723511ecfd45c5dcafdea9fe7be2b0630277ababc,898ffe05fe1f89dfae86bd2d395e1dcec5619e4b468dd1cef3f4db89652ed1a7,74b852b6ea2b797b360cf6b788a15d44c6ba1290748a0a778b3bd86ad65abea3,0.0,0.0,0,none,(),5080177bfb0b19e1bdf2c632ce666ddfb4d7c99c079d28ca9950413aad67af82,0c4fabb34ac8b9127e556c700c1da20b5c8c2c4d4fcf83c8a5b917feb814ca61,f439a9ed51f57fae2f57b262021cc4415869d38f86d0bb4d2fa89db413eebdd4
Z2_rot180,3,2,4,240,348,15,100,30,0.01,False,cpu,lightning.qubit,adjoint,paper,edge,0.1,False,0.0,D4,1.7060648701766423,2.150869722104536,0.7958333333333333,0.603448275862069,0.1923850574712643,108,2,symmetry,590.6199345000205,4,0,True,True,0,d4_orbit_holdout_v1,d4_orbit_holdout_v1,D4,True,0,157,49,77466e55cd6da89027202e03ff7baabb4f37cedd496294227837bd2d572fa7a7,898ffe05fe1f89dfae86bd2d395e1dcec5619e4b468dd1cef3f4db89652ed1a7,490dd378965c103f7e6816e5fd840a12189fce54fac6cf6dadd945a9c7c0b856,0.0,0.0,0,none,(),5080177bfb0b19e1bdf2c632ce666ddfb4d7c99c079d28ca9950413aad67af82,0c4fabb34ac8b9127e556c700c1da20b5c8c2c4d4fcf83c8a5b917feb814ca61,f439a9ed51f57fae2f57b262021cc4415869d38f86d0bb4d2fa89db413eebdd4
Z2_rot180,3,2,5,240,348,15,100,30,0.01,False,cpu,lightning.qubit,adjoint,paper,edge,0.1,False,0.0,D4,1.8596372076854668,2.0914122715463392,0.7666666666666667,0.632183908045977,0.1344827586206897,108,2,symmetry,584.0543957080226,5,0,True,True,0,d4_orbit_holdout_v1,d4_orbit_holdout_v1,D4,True,0,156,49,a344be3f3386e32e0bda86869eace5bee48dd8db562c4b499b95bce074029eef,898ffe05fe1f89dfae86bd2d395e1dcec5619e4b468dd1cef3f4db89652ed1a7,eb3b235c76053532847a5199c0be11e4f3870fde7e3ab33f4961c22ddb88ec32,0.0,0.0,0,none,(),5080177bfb0b19e1bdf2c632ce666ddfb4d7c99c079d28ca9950413aad67af82,0c4fabb34ac8b9127e556c700c1da20b5c8c2c4d4fcf83c8a5b917feb814ca61,f439a9ed51f57fae2f57b262021cc4415869d38f86d0bb4d2fa89db413eebdd4
Z2_rot180,3,2,6,240,348,15,100,30,0.01,False,cpu,lightning.qubit,adjoint,paper,edge,0.1,False,0.0,D4,1.9310876844459908,2.113354118191241,0.7041666666666667,0.6149425287356322,0.0892241379310345,108,2,symmetry,580.3985382080427,6,0,True,True,0,d4_orbit_holdout_v1,d4_orbit_holdout_v1,D4,True,0,150,49,c55eb5bf78465f81d903be701693369417bcfa428cc273eacde6c495f7fda45d,898ffe05fe1f89dfae86bd2d395e1dcec5619e4b468dd1cef3f4db89652ed1a7,7f4e93a3e005917e31980a620e35d0ea81ba76989d02388658991ef09fab850c,0.0,0.0,0,none,(),5080177bfb0b19e1bdf2c632ce666ddfb4d7c99c079d28ca9950413aad67af82,0c4fabb34ac8b9127e556c700c1da20b5c8c2c4d4fcf83c8a5b917feb814ca61,f439a9ed51f57fae2f57b262021cc4415869d38f86d0bb4d2fa89db413eebdd4
Z2_rot180,3,2,7,240,348,15,100,30,0.01,False,cpu,lightning.qubit,adjoint,paper,edge,0.1,False,0.0,D4,1.9338501676871993,2.116968290295109,0.7625,0.632183908045977,0.1303160919540229,108,2,symmetry,596.4246042089653,7,0,True,True,0,d4_orbit_holdout_v1,d4_orbit_holdout_v1,D4,True,0,148,49,04a423470264e1fc0eee90f01bf77b97b2d54c99dd0bf6e58283a870a9bc1af5,898ffe05fe1f89dfae86bd2d395e1dcec5619e4b468dd1cef3f4db89652ed1a7,b88ce323afcec010c79f85ad7a7cba3ea4dbbd574df723c05e20804820be7354,0.0,0.0,0,none,(),5080177bfb0b19e1bdf2c632ce666ddfb4d7c99c079d28ca9950413aad67af82,0c4fabb34ac8b9127e556c700c1da20b5c8c2c4d4fcf83c8a5b917feb814ca61,f439a9ed51f57fae2f57b262021cc4415869d38f86d0bb4d2fa89db413eebdd4
Z2_rot180,3,2,8,240,348,15,100,30,0.01,False,cpu,lightning.qubit,adjoint,paper,edge,0.1,False,0.0,D4,1.8999041637545295,2.0737896087994323,0.7208333333333333,0.6551724137931034,0.0656609195402299,108,2,symmetry,595.6317841669661,8,0,True,True,0,d4_orbit_holdout_v1,d4_orbit_holdout_v1,D4,True,0,150,49,171c22e75fc5155734702cfcf541159fc52338fe134785a28534ec0f1362af38,898ffe05fe1f89dfae86bd2d395e1dcec5619e4b468dd1cef3f4db89652ed1a7,e14565dc5ccfdc4c59186735aa7e0eaa7859bb5dda1f546b3eb9e4be00a7f826,0.0,0.0,0,none,(),5080177bfb0b19e1bdf2c632ce666ddfb4d7c99c079d28ca9950413aad67af82,0c4fabb34ac8b9127e556c700c1da20b5c8c2c4d4fcf83c8a5b917feb814ca61,f439a9ed51f57fae2f57b262021cc4415869d38f86d0bb4d2fa89db413eebdd4
Z2_rot180,3,2,9,240,348,15,100,30,0.01,False,cpu,lightning.qubit,adjoint,paper,edge,0.1,False,0.0,D4,1.9445708596780131,2.2245360759047683,0.7541666666666667,0.5977011494252874,0.1564655172413792,108,2,symmetry,580.6079274999793,9,0,True,True,0,d4_orbit_holdout_v1,d4_orbit_holdout_v1,D4,True,0,157,49,9a0e9b3ccf001585c319639337ecaaf099361b26af31877c3bf1e8c1f69527c1,898ffe05fe1f89dfae86bd2d395e1dcec5619e4b468dd1cef3f4db89652ed1a7,9c04b2c859ca9f2a1a99f694f3ee0ddaae5bede4759c340e57c965906c863f5a,0.0,0.0,0,none,(),5080177bfb0b19e1bdf2c632ce666ddfb4d7c99c079d28ca9950413aad67af82,0c4fabb34ac8b9127e556c700c1da20b5c8c2c4d4fcf83c8a5b917feb814ca61,f439a9ed51f57fae2f57b262021cc4415869d38f86d0bb4d2fa89db413eebdd4
Z2_rot180,3,2,0,450,348,15,100,30,0.01,False,cpu,lightning.qubit,adjoint,paper,edge,0.1,False,0.0,D4,1.933080592735604,2.208685269866618,0.7355555555555555,0.6551724137931034,0.080383141762452,108,2,symmetry,595.5861667499994,0,0,True,True,0,d4_orbit_holdout_v1,d4_orbit_holdout_v1,D4,True,0,226,49,f1397bc570062daae495b6aadb90f79049b648d027728c7a49b1ca0c775823b9,898ffe05fe1f89dfae86bd2d395e1dcec5619e4b468dd1cef3f4db89652ed1a7,de5e6905b732dda763592549b10c872a142ee5f7abd703e1f002d99052f4b6b1,0.0,0.0,0,none,(),5080177bfb0b19e1bdf2c632ce666ddfb4d7c99c079d28ca9950413aad67af82,0c4fabb34ac8b9127e556c700c1da20b5c8c2c4d4fcf83c8a5b917feb814ca61,f439a9ed51f57fae2f57b262021cc4415869d38f86d0bb4d2fa89db413eebdd4
Z2_rot180,3,2,1,450,348,15,100,30,0.01,False,cpu,lightning.qubit,adjoint,paper,edge,0.1,False,0.0,D4,1.9556341805343227,2.102019350651091,0.6888888888888889,0.6379310344827587,0.0509578544061302,108,2,symmetry,590.2548684999929,1,0,True,True,0,d4_orbit_holdout_v1,d4_orbit_holdout_v1,D4,True,0,228,49,18d1a933dd0e5239b028a941c92e013673a8d45d2f02802dac7283035cf67b83,898ffe05fe1f89dfae86bd2d395e1dcec5619e4b468dd1cef3f4db89652ed1a7,04a6354a00641d752edf2e9ac853fd031bc2d669f15da74e1a248f00bbd87b0c,0.0,0.0,0,none,(),5080177bfb0b19e1bdf2c632ce666ddfb4d7c99c079d28ca9950413aad67af82,0c4fabb34ac8b9127e556c700c1da20b5c8c2c4d4fcf83c8a5b917feb814ca61,f439a9ed51f57fae2f57b262021cc4415869d38f86d0bb4d2fa89db413eebdd4
Z2_rot180,3,2,2,450,348,15,100,30,0.01,False,cpu,lightning.qubit,adjoint,paper,edge,0.1,False,0.0,D4,1.9671541641999104,2.0703293967869887,0.7288888888888889,0.6954022988505747,0.0334865900383142,108,2,symmetry,607.4421213750029,2,0,True,True,0,d4_orbit_holdout_v1,d4_orbit_holdout_v1,D4,True,0,229,49,b173370472fc253d6e1cff6bf6a404b7bf82c20c111939cdef36ee1db0fdb4c9,898ffe05fe1f89dfae86bd2d395e1dcec5619e4b468dd1cef3f4db89652ed1a7,d6b2e82383286d26db34de3fe536b206c62d3bdd0bc38645f616c2fe2967f1aa,0.0,0.0,0,none,(),5080177bfb0b19e1bdf2c632ce666ddfb4d7c99c079d28ca9950413aad67af82,0c4fabb34ac8b9127e556c700c1da20b5c8c2c4d4fcf83c8a5b917feb814ca61,f439a9ed51f57fae2f57b262021cc4415869d38f86d0bb4d2fa89db413eebdd4
Z2_rot180,3,2,3,450,348,15,100,30,0.01,False,cpu,lightning.qubit,adjoint,paper,edge,0.1,False,0.0,D4,2.005753043193885,2.1989345285483997,0.6911111111111111,0.6436781609195402,0.0474329501915709,108,2,symmetry,605.8925660410314,3,0,True,True,0,d4_orbit_holdout_v1,d4_orbit_holdout_v1,D4,True,0,223,49,23254f826010e1f05a505e3a7bc8760eafa2be3851d98438bd328048b73d5e51,898ffe05fe1f89dfae86bd2d395e1dcec5619e4b468dd1cef3f4db89652ed1a7,b69b51193beec9e7e397e02309654d37a9d98e50f65ee9f0f003739f25d4e837,0.0,0.0,0,none,(),5080177bfb0b19e1bdf2c632ce666ddfb4d7c99c079d28ca9950413aad67af82,0c4fabb34ac8b9127e556c700c1da20b5c8c2c4d4fcf83c8a5b917feb814ca61,f439a9ed51f57fae2f57b262021cc4415869d38f86d0bb4d2fa89db413eebdd4
Z2_rot180,3,2,4,450,348,15,100,30,0.01,False,cpu,lightning.qubit,adjoint,paper,edge,0.1,False,0.0,D4,1.9367701404415645,2.2271145556630176,0.7244444444444444,0.603448275862069,0.1209961685823755,108,2,symmetry,583.5747320409864,4,0,True,True,0,d4_orbit_holdout_v1,d4_orbit_holdout_v1,D4,True,0,233,49,2fe5e1a879534b991a638ec38cb4a2205eb385f7b5095e47ea71d17b3b9160d0,898ffe05fe1f89dfae86bd2d395e1dcec5619e4b468dd1cef3f4db89652ed1a7,9a82eb817e755f7a0e79113b591c8992636cb4889a30f9ba76999401c5f9fa93,0.0,0.0,0,none,(),5080177bfb0b19e1bdf2c632ce666ddfb4d7c99c079d28ca9950413aad67af82,0c4fabb34ac8b9127e556c700c1da20b5c8c2c4d4fcf83c8a5b917feb814ca61,f439a9ed51f57fae2f57b262021cc4415869d38f86d0bb4d2fa89db413eebdd4
Z2_rot180,3,2,5,450,348,15,100,30,0.01,False,cpu,lightning.qubit,adjoint,paper,edge,0.1,False,0.0,D4,1.944954129647332,1.9887533155524892,0.7,0.6954022988505747,0.0045977011494252,108,2,symmetry,1073.935081375006,5,0,True,True,0,d4_orbit_holdout_v1,d4_orbit_holdout_v1,D4,True,0,225,49,cc8a2b591b4ee35f4feb90e5ab75aa21968f28ed0bd0dd865657e6f7438c1309,898ffe05fe1f89dfae86bd2d395e1dcec5619e4b468dd1cef3f4db89652ed1a7,8340097c442d3ae98780c4cd19e283985f58408262e8b98f685b79bc09c56a87,0.0,0.0,0,none,(),5080177bfb0b19e1bdf2c632ce666ddfb4d7c99c079d28ca9950413aad67af82,0c4fabb34ac8b9127e556c700c1da20b5c8c2c4d4fcf83c8a5b917feb814ca61,f439a9ed51f57fae2f57b262021cc4415869d38f86d0bb4d2fa89db413eebdd4
Z2_rot180,3,2,6,450,348,15,100,30,0.01,False,cpu,lightning.qubit,adjoint,paper,edge,0.1,False,0.0,D4,1.9898858384416844,2.13496756018996,0.6777777777777778,0.5919540229885057,0.085823754789272,108,2,symmetry,967.3363508330076,6,0,True,True,0,d4_orbit_holdout_v1,d4_orbit_holdout_v1,D4,True,0,226,49,9bc3b31b9f94d53e2801e858a4c3985d9f4b4248f05760948a9642048664ec80,898ffe05fe1f89dfae86bd2d395e1dcec5619e4b468dd1cef3f4db89652ed1a7,b4a042c72cd92a940d7e8b0b4816296c49552aba8bc3a92fcbad4535737f302a,0.0,0.0,0,none,(),5080177bfb0b19e1bdf2c632ce666ddfb4d7c99c079d28ca9950413aad67af82,0c4fabb34ac8b9127e556c700c1da20b5c8c2c4d4fcf83c8a5b917feb814ca61,f439a9ed51f57fae2f57b262021cc4415869d38f86d0bb4d2fa89db413eebdd4
Z2_rot180,3,2,7,450,348,15,100,30,0.01,False,cpu,lightning.qubit,adjoint,paper,edge,0.1,False,0.0,D4,1.9606921548323033,2.056116357227054,0.72,0.7183908045977011,0.0016091954022988,108,2,symmetry,1222.2263226669747,7,0,True,True,0,d4_orbit_holdout_v1,d4_orbit_holdout_v1,D4,True,0,220,49,e59b993603f46c0c8ef00b8238b4af35a6ad5c327d3f84700cf93cc84364dc2d,898ffe05fe1f89dfae86bd2d395e1dcec5619e4b468dd1cef3f4db89652ed1a7,1bfd8b03cb135a01a564f5f9a7aba100cf20081ee6cadd9953cf3a266fdadc84,0.0,0.0,0,none,(),5080177bfb0b19e1bdf2c632ce666ddfb4d7c99c079d28ca9950413aad67af82,0c4fabb34ac8b9127e556c700c1da20b5c8c2c4d4fcf83c8a5b917feb814ca61,f439a9ed51f57fae2f57b262021cc4415869d38f86d0bb4d2fa89db413eebdd4
Z2_rot180,3,2,8,450,348,15,100,30,0.01,False,cpu,lightning.qubit,adjoint,paper,edge,0.1,False,0.0,D4,1.9413244563791672,2.142590115826204,0.7266666666666667,0.6896551724137931,0.0370114942528735,108,2,symmetry,1223.1001706669922,8,0,True,True,0,d4_orbit_holdout_v1,d4_orbit_holdout_v1,D4,True,0,221,49,3372b2fb3a18ed032d1e6a8c25ef6f8a7cc331bddb0a7aebfd9897c15ef92903,898ffe05fe1f89dfae86bd2d395e1dcec5619e4b468dd1cef3f4db89652ed1a7,fe2a6480671f6da3083312a45e9122069ec6cdc7dda580fec8287a2853cc8f51,0.0,0.0,0,none,(),5080177bfb0b19e1bdf2c632ce666ddfb4d7c99c079d28ca9950413aad67af82,0c4fabb34ac8b9127e556c700c1da20b5c8c2c4d4fcf83c8a5b917feb814ca61,f439a9ed51f57fae2f57b262021cc4415869d38f86d0bb4d2fa89db413eebdd4
Z2_rot180,3,2,9,450,348,15,100,30,0.01,False,cpu,lightning.qubit,adjoint,paper,edge,0.1,False,0.0,D4,1.964441987816824,2.1639458827880813,0.7533333333333333,0.6436781609195402,0.109655172413793,108,2,symmetry,935.1812652919908,9,0,True,True,0,d4_orbit_holdout_v1,d4_orbit_holdout_v1,D4,True,0,225,49,b53d4b61ecce843683f650bcf1a1d5e86b087793630cdbed59c0a9cda061c796,898ffe05fe1f89dfae86bd2d395e1dcec5619e4b468dd1cef3f4db89652ed1a7,457fa09c7bc53ddd760f859a1e1cdb67a65ec0b45b1c3d750e4e1657edd1ff0e,0.0,0.0,0,none,(),5080177bfb0b19e1bdf2c632ce666ddfb4d7c99c079d28ca9950413aad67af82,0c4fabb34ac8b9127e556c700c1da20b5c8c2c4d4fcf83c8a5b917feb814ca61,f439a9ed51f57fae2f57b262021cc4415869d38f86d0bb4d2fa89db413eebdd4
Z2_rot180,3,2,0,600,348,15,100,30,0.01,False,cpu,lightning.qubit,adjoint,paper,edge,0.1,False,0.0,D4,1.945695350069202,2.053656598481405,0.7333333333333333,0.6839080459770115,0.0494252873563217,108,2,symmetry,1594.286804125004,0,0,True,True,0,d4_orbit_holdout_v1,d4_orbit_holdout_v1,D4,True,0,264,49,dc5d69f90befaaac45ab97941593e084ce14a5aba58b199edc6ed232514cb4b2,898ffe05fe1f89dfae86bd2d395e1dcec5619e4b468dd1cef3f4db89652ed1a7,539bcdd33972921a9ca9fa6af1e4c2bf16bd64df08697fa6f63ddaab0da4f5c1,0.0,0.0,0,none,(),5080177bfb0b19e1bdf2c632ce666ddfb4d7c99c079d28ca9950413aad67af82,0c4fabb34ac8b9127e556c700c1da20b5c8c2c4d4fcf83c8a5b917feb814ca61,f439a9ed51f57fae2f57b262021cc4415869d38f86d0bb4d2fa89db413eebdd4
Z2_rot180,3,2,1,600,348,15,100,30,0.01,False,cpu,lightning.qubit,adjoint,paper,edge,0.1,False,0.0,D4,1.9700873580185505,2.1358117676796895,0.74,0.6609195402298851,0.0790804597701149,108,2,symmetry,1590.4588062500115,1,0,True,True,0,d4_orbit_holdout_v1,d4_orbit_holdout_v1,D4,True,0,266,49,502eea996526fedc78321f300a0b61959995d8817760f909360619ea6a7667be,898ffe05fe1f89dfae86bd2d395e1dcec5619e4b468dd1cef3f4db89652ed1a7,784c5fe0f242bd63c5ad1ea12cf6490f72ab6a8480666fb4c08f2677beadc81e,0.0,0.0,0,none,(),5080177bfb0b19e1bdf2c632ce666ddfb4d7c99c079d28ca9950413aad67af82,0c4fabb34ac8b9127e556c700c1da20b5c8c2c4d4fcf83c8a5b917feb814ca61,f439a9ed51f57fae2f57b262021cc4415869d38f86d0bb4d2fa89db413eebdd4
Z2_rot180,3,2,2,600,348,15,100,30,0.01,False,cpu,lightning.qubit,adjoint,paper,edge,0.1,False,0.0,D4,1.9523511909813305,2.179265795700088,0.7083333333333334,0.6379310344827587,0.0704022988505747,108,2,symmetry,1554.0400979999686,2,0,True,True,0,d4_orbit_holdout_v1,d4_orbit_holdout_v1,D4,True,0,269,49,f9ef66ed8c54beeeab8d30e8c978294086c0bc03d8089bdb0086cc397e19d97b,898ffe05fe1f89dfae86bd2d395e1dcec5619e4b468dd1cef3f4db89652ed1a7,1d49a8470be0d005a3fdbf85fced0419b16c60e88b7a367b16eacec8e9002abf,0.0,0.0,0,none,(),5080177bfb0b19e1bdf2c632ce666ddfb4d7c99c079d28ca9950413aad67af82,0c4fabb34ac8b9127e556c700c1da20b5c8c2c4d4fcf83c8a5b917feb814ca61,f439a9ed51f57fae2f57b262021cc4415869d38f86d0bb4d2fa89db413eebdd4
Z2_rot180,3,2,3,600,348,15,100,30,0.01,False,cpu,lightning.qubit,adjoint,paper,edge,0.1,False,0.0,D4,1.9538850503282383,2.1980114547702887,0.725,0.6436781609195402,0.0813218390804597,108,2,symmetry,1552.0941050830295,3,0,True,True,0,d4_orbit_holdout_v1,d4_orbit_holdout_v1,D4,True,0,263,49,1a1ba5d100dfa02c205519e367e26c4c26b20e73ecab52b7c845c238b1313513,898ffe05fe1f89dfae86bd2d395e1dcec5619e4b468dd1cef3f4db89652ed1a7,553fb5f1d8e2f96e6941c8974209ced372531f8387994ea8ff669b79551a87ec,0.0,0.0,0,none,(),5080177bfb0b19e1bdf2c632ce666ddfb4d7c99c079d28ca9950413aad67af82,0c4fabb34ac8b9127e556c700c1da20b5c8c2c4d4fcf83c8a5b917feb814ca61,f439a9ed51f57fae2f57b262021cc4415869d38f86d0bb4d2fa89db413eebdd4
Z2_rot180,3,2,4,600,348,15,100,30,0.01,False,cpu,lightning.qubit,adjoint,paper,edge,0.1,False,0.0,D4,1.9991822801990309,2.1352696837178184,0.695,0.6666666666666666,0.0283333333333333,108,2,symmetry,1579.374936334032,4,0,True,True,0,d4_orbit_holdout_v1,d4_orbit_holdout_v1,D4,True,0,272,49,8de29e6cca1e5a9b645400356bb2c0d838066bc7dddf603da0de0e9b9cb613c7,898ffe05fe1f89dfae86bd2d395e1dcec5619e4b468dd1cef3f4db89652ed1a7,ecd54a3b63ae340a5031159d735f8a1f57d301d7fd14f3cacac746b4584efb8b,0.0,0.0,0,none,(),5080177bfb0b19e1bdf2c632ce666ddfb4d7c99c079d28ca9950413aad67af82,0c4fabb34ac8b9127e556c700c1da20b5c8c2c4d4fcf83c8a5b917feb814ca61,f439a9ed51f57fae2f57b262021cc4415869d38f86d0bb4d2fa89db413eebdd4
Z2_rot180,3,2,5,600,348,15,100,30,0.01,False,cpu,lightning.qubit,adjoint,paper,edge,0.1,False,0.0,D4,1.960086838997315,2.106031100194381,0.7416666666666667,0.6264367816091954,0.1152298850574713,108,2,symmetry,1267.1930183750228,5,0,True,True,0,d4_orbit_holdout_v1,d4_orbit_holdout_v1,D4,True,0,266,49,2119280bef8c6be599a8fc2cdaae297d965bfc209c71b8bed17538f1176a615a,898ffe05fe1f89dfae86bd2d395e1dcec5619e4b468dd1cef3f4db89652ed1a7,549e99c7302d51d62fba17b985414fcbf17a980b9368ddb28122ac3340d85e46,0.0,0.0,0,none,(),5080177bfb0b19e1bdf2c632ce666ddfb4d7c99c079d28ca9950413aad67af82,0c4fabb34ac8b9127e556c700c1da20b5c8c2c4d4fcf83c8a5b917feb814ca61,f439a9ed51f57fae2f57b262021cc4415869d38f86d0bb4d2fa89db413eebdd4
Z2_rot180,3,2,6,600,348,15,100,30,0.01,False,cpu,lightning.qubit,adjoint,paper,edge,0.1,False,0.0,D4,1.976189828574073,2.053353138200937,0.6766666666666666,0.6494252873563219,0.0272413793103447,108,2,symmetry,1221.7452927499544,6,0,True,True,0,d4_orbit_holdout_v1,d4_orbit_holdout_v1,D4,True,0,266,49,f854b9d22b73d3baf149ed8cd897ea6993c77aa15b92a5dbf49befaf6919b01d,898ffe05fe1f89dfae86bd2d395e1dcec5619e4b468dd1cef3f4db89652ed1a7,6e2a4c7f5638223112768702818d511663d147d8d0ba80562a4abe8e5295c478,0.0,0.0,0,none,(),5080177bfb0b19e1bdf2c632ce666ddfb4d7c99c079d28ca9950413aad67af82,0c4fabb34ac8b9127e556c700c1da20b5c8c2c4d4fcf83c8a5b917feb814ca61,f439a9ed51f57fae2f57b262021cc4415869d38f86d0bb4d2fa89db413eebdd4
Z2_rot180,3,2,7,600,348,15,100,30,0.01,False,cpu,lightning.qubit,adjoint,paper,edge,0.1,False,0.0,D4,2.080229032369027,2.140017114836015,0.6983333333333334,0.6551724137931034,0.0431609195402299,108,2,symmetry,1350.392224457988,7,0,True,True,0,d4_orbit_holdout_v1,d4_orbit_holdout_v1,D4,True,0,262,49,2e4b5e4c0ea21848b05443dfeb749ee5e4b3712272d6f850b1d1c1c198f7b414,898ffe05fe1f89dfae86bd2d395e1dcec5619e4b468dd1cef3f4db89652ed1a7,9a6df2e338d341b2a893a3b35c6043fb5969e7317e81ff563483c2696d01ef32,0.0,0.0,0,none,(),5080177bfb0b19e1bdf2c632ce666ddfb4d7c99c079d28ca9950413aad67af82,0c4fabb34ac8b9127e556c700c1da20b5c8c2c4d4fcf83c8a5b917feb814ca61,f439a9ed51f57fae2f57b262021cc4415869d38f86d0bb4d2fa89db413eebdd4
Z2_rot180,3,2,8,600,348,15,100,30,0.01,False,cpu,lightning.qubit,adjoint,paper,edge,0.1,False,0.0,D4,1.965199916595568,2.076501922115519,0.71,0.6666666666666666,0.0433333333333333,108,2,symmetry,1346.798018292,8,0,True,True,0,d4_orbit_holdout_v1,d4_orbit_holdout_v1,D4,True,0,265,49,c3f231e6f88bb20e9faa707b33a0091c0c4956e17ed8415913bf5554a6e4fca2,898ffe05fe1f89dfae86bd2d395e1dcec5619e4b468dd1cef3f4db89652ed1a7,1c97bca8d39baa612a9ee96f39b51a0b76c97a8fb09ea3e647394d223c7bd7b1,0.0,0.0,0,none,(),5080177bfb0b19e1bdf2c632ce666ddfb4d7c99c079d28ca9950413aad67af82,0c4fabb34ac8b9127e556c700c1da20b5c8c2c4d4fcf83c8a5b917feb814ca61,f439a9ed51f57fae2f57b262021cc4415869d38f86d0bb4d2fa89db413eebdd4
Z2_rot180,3,2,9,600,348,15,100,30,0.01,False,cpu,lightning.qubit,adjoint,paper,edge,0.1,False,0.0,D4,2.0285572221108454,2.0609556031170855,0.695,0.7126436781609196,-0.0176436781609196,108,2,symmetry,1210.0153787500458,9,0,True,True,0,d4_orbit_holdout_v1,d4_orbit_holdout_v1,D4,True,0,265,49,f4adab1d8bd6dd97991fa341e92a77e4ea25c2a5edbb5a14843d7841d1f50a31,898ffe05fe1f89dfae86bd2d395e1dcec5619e4b468dd1cef3f4db89652ed1a7,9e3283df79c5d13febf6c251bd1ed173afed93f6bc4e02184add4fc6a1bb5281,0.0,0.0,0,none,(),5080177bfb0b19e1bdf2c632ce666ddfb4d7c99c079d28ca9950413aad67af82,0c4fabb34ac8b9127e556c700c1da20b5c8c2c4d4fcf83c8a5b917feb814ca61,f439a9ed51f57fae2f57b262021cc4415869d38f86d0bb4d2fa89db413eebdd4
Z2_reflection,3,2,0,30,348,15,100,30,0.01,False,cpu,lightning.qubit,adjoint,paper,edge,0.1,False,0.0,D4,1.2499568677888564,2.627700880906383,0.9,0.4913793103448275,0.4086206896551724,126,2,symmetry,1547.162153958052,0,0,True,True,0,d4_orbit_holdout_v1,d4_orbit_holdout_v1,D4,True,0,29,49,c013ddbea8c37e6aa8b8cf7d4329d96c625f16b63c157940719fba0d14e27fb2,898ffe05fe1f89dfae86bd2d395e1dcec5619e4b468dd1cef3f4db89652ed1a7,d67fe947f1d0e662a8a6586486cf49f7e46c2239af36cf11cf74f92071990bac,0.0,0.0,0,none,(),5080177bfb0b19e1bdf2c632ce666ddfb4d7c99c079d28ca9950413aad67af82,0c4fabb34ac8b9127e556c700c1da20b5c8c2c4d4fcf83c8a5b917feb814ca61,f439a9ed51f57fae2f57b262021cc4415869d38f86d0bb4d2fa89db413eebdd4
Z2_reflection,3,2,1,30,348,15,100,30,0.01,False,cpu,lightning.qubit,adjoint,paper,edge,0.1,False,0.0,D4,1.1634365951300083,2.6181522236436625,0.9666666666666668,0.4195402298850574,0.5471264367816092,126,2,symmetry,1605.9145134589637,1,0,True,True,0,d4_orbit_holdout_v1,d4_orbit_holdout_v1,D4,True,0,26,49,71076a3914b495d3796f7b0e0fcace2ce7885c03a5ad1769e8fd17a138de406c,898ffe05fe1f89dfae86bd2d395e1dcec5619e4b468dd1cef3f4db89652ed1a7,de789f33d1a7a54349fa2bec40c22b73bf8dd604fa3c02d9ebab813178879aae,0.0,0.0,0,none,(),5080177bfb0b19e1bdf2c632ce666ddfb4d7c99c079d28ca9950413aad67af82,0c4fabb34ac8b9127e556c700c1da20b5c8c2c4d4fcf83c8a5b917feb814ca61,f439a9ed51f57fae2f57b262021cc4415869d38f86d0bb4d2fa89db413eebdd4
Z2_reflection,3,2,2,30,348,15,100,30,0.01,False,cpu,lightning.qubit,adjoint,paper,edge,0.1,False,0.0,D4,0.8927849837829728,2.3681165540499207,1.0,0.5229885057471264,0.4770114942528736,126,2,symmetry,1481.911978500022,2,0,True,True,0,d4_orbit_holdout_v1,d4_orbit_holdout_v1,D4,True,0,28,49,012351c3e3ce54f4700812ff617dbccd4d328ccf4352f78a7e46b6d690bd904f,898ffe05fe1f89dfae86bd2d395e1dcec5619e4b468dd1cef3f4db89652ed1a7,2bfac0ceb07ae056d3f567b74fbdc97415a67edaa86cf88effe46a69ad9a6361,0.0,0.0,0,none,(),5080177bfb0b19e1bdf2c632ce666ddfb4d7c99c079d28ca9950413aad67af82,0c4fabb34ac8b9127e556c700c1da20b5c8c2c4d4fcf83c8a5b917feb814ca61,f439a9ed51f57fae2f57b262021cc4415869d38f86d0bb4d2fa89db413eebdd4
Z2_reflection,3,2,3,30,348,15,100,30,0.01,False,cpu,lightning.qubit,adjoint,paper,edge,0.1,False,0.0,D4,0.6787326112306528,2.51305147194879,0.9666666666666668,0.5028735632183908,0.4637931034482758,126,2,symmetry,1480.4442264579702,3,0,True,True,0,d4_orbit_holdout_v1,d4_orbit_holdout_v1,D4,True,0,29,49,41bbb6e3ea1e2584331d8595a213d7aa32e6694e33b0b64b79f196038e1345dd,898ffe05fe1f89dfae86bd2d395e1dcec5619e4b468dd1cef3f4db89652ed1a7,a144c03febf6de5e9d8a3fbc630df3053f1798b7cc26f90dcc2169022c1fa5f7,0.0,0.0,0,none,(),5080177bfb0b19e1bdf2c632ce666ddfb4d7c99c079d28ca9950413aad67af82,0c4fabb34ac8b9127e556c700c1da20b5c8c2c4d4fcf83c8a5b917feb814ca61,f439a9ed51f57fae2f57b262021cc4415869d38f86d0bb4d2fa89db413eebdd4
Z2_reflection,3,2,4,30,348,15,100,30,0.01,False,cpu,lightning.qubit,adjoint,paper,edge,0.1,False,0.0,D4,0.9233048176699512,2.5818067785724,1.0,0.4425287356321839,0.5574712643678161,126,2,symmetry,1624.2721497080056,4,0,True,True,0,d4_orbit_holdout_v1,d4_orbit_holdout_v1,D4,True,0,29,49,89c3fae076b89317998b8dcbb90b40e0976870e1b98064723ee509ffd8b4db95,898ffe05fe1f89dfae86bd2d395e1dcec5619e4b468dd1cef3f4db89652ed1a7,0abb6d0bcb3d2206506cba7743f9b33dfe3b6b0535a4626dd5598f0a42a2118e,0.0,0.0,0,none,(),5080177bfb0b19e1bdf2c632ce666ddfb4d7c99c079d28ca9950413aad67af82,0c4fabb34ac8b9127e556c700c1da20b5c8c2c4d4fcf83c8a5b917feb814ca61,f439a9ed51f57fae2f57b262021cc4415869d38f86d0bb4d2fa89db413eebdd4
Z2_reflection,3,2,5,30,348,15,100,30,0.01,False,cpu,lightning.qubit,adjoint,paper,edge,0.1,False,0.0,D4,0.9506290162514912,2.4614034295454426,0.9333333333333332,0.5373563218390804,0.3959770114942529,126,2,symmetry,1285.2069410830154,5,0,True,True,0,d4_orbit_holdout_v1,d4_orbit_holdout_v1,D4,True,0,28,49,f19c029f9497e30339db469cea15ee2f27b83b31dfa3c32a19bf17fed2d60ae1,898ffe05fe1f89dfae86bd2d395e1dcec5619e4b468dd1cef3f4db89652ed1a7,9fbae33259973293d1e9d4e11fff2df17f0b6f679b3a34f5aba31bafb5dfc912,0.0,0.0,0,none,(),5080177bfb0b19e1bdf2c632ce666ddfb4d7c99c079d28ca9950413aad67af82,0c4fabb34ac8b9127e556c700c1da20b5c8c2c4d4fcf83c8a5b917feb814ca61,f439a9ed51f57fae2f57b262021cc4415869d38f86d0bb4d2fa89db413eebdd4
Z2_reflection,3,2,6,30,348,15,100,30,0.01,False,cpu,lightning.qubit,adjoint,paper,edge,0.1,False,0.0,D4,1.1828384654481736,2.4605746854876545,0.9666666666666668,0.5459770114942529,0.4206896551724137,126,2,symmetry,1259.8465698750224,6,0,True,True,0,d4_orbit_holdout_v1,d4_orbit_holdout_v1,D4,True,0,30,49,f85213f827a383454046e30bc701450a2d1af00249458e5ad9af16aed62ef924,898ffe05fe1f89dfae86bd2d395e1dcec5619e4b468dd1cef3f4db89652ed1a7,81c5f2e4db78dcf6ec0ad23ca618c4227f4cc2eac414c7fab945a79c24292b9f,0.0,0.0,0,none,(),5080177bfb0b19e1bdf2c632ce666ddfb4d7c99c079d28ca9950413aad67af82,0c4fabb34ac8b9127e556c700c1da20b5c8c2c4d4fcf83c8a5b917feb814ca61,f439a9ed51f57fae2f57b262021cc4415869d38f86d0bb4d2fa89db413eebdd4
Z2_reflection,3,2,7,30,348,15,100,30,0.01,False,cpu,lightning.qubit,adjoint,paper,edge,0.1,False,0.0,D4,1.0219506590826966,2.9722861106217677,1.0,0.3620689655172414,0.6379310344827587,126,2,symmetry,1304.9203790000174,7,0,True,True,0,d4_orbit_holdout_v1,d4_orbit_holdout_v1,D4,True,0,28,49,fdebfc5b8a6735daa77adc9c5365409bddbf58c94f1b74c7343da84c639ef4a0,898ffe05fe1f89dfae86bd2d395e1dcec5619e4b468dd1cef3f4db89652ed1a7,b9f58ebcece0ce6055d3e62be47de2d425b08b1197b3b3006717c06706b355d0,0.0,0.0,0,none,(),5080177bfb0b19e1bdf2c632ce666ddfb4d7c99c079d28ca9950413aad67af82,0c4fabb34ac8b9127e556c700c1da20b5c8c2c4d4fcf83c8a5b917feb814ca61,f439a9ed51f57fae2f57b262021cc4415869d38f86d0bb4d2fa89db413eebdd4
Z2_reflection,3,2,8,30,348,15,100,30,0.01,False,cpu,lightning.qubit,adjoint,paper,edge,0.1,False,0.0,D4,0.9640399279600784,2.7157272096551366,1.0,0.3994252873563218,0.6005747126436782,126,2,symmetry,1301.4352299590246,8,0,True,True,0,d4_orbit_holdout_v1,d4_orbit_holdout_v1,D4,True,0,27,49,a97b44efcb5383e51130e84ba529dcb761d95a31f02d945ff70da537edc857b5,898ffe05fe1f89dfae86bd2d395e1dcec5619e4b468dd1cef3f4db89652ed1a7,1d6ae38cf90ee615a9edd594492d5c8a9c4aad29553c8a55f9338749a9368ebd,0.0,0.0,0,none,(),5080177bfb0b19e1bdf2c632ce666ddfb4d7c99c079d28ca9950413aad67af82,0c4fabb34ac8b9127e556c700c1da20b5c8c2c4d4fcf83c8a5b917feb814ca61,f439a9ed51f57fae2f57b262021cc4415869d38f86d0bb4d2fa89db413eebdd4
Z2_reflection,3,2,9,30,348,15,100,30,0.01,False,cpu,lightning.qubit,adjoint,paper,edge,0.1,False,0.0,D4,0.9204377006975888,2.4313371700691864,0.9666666666666668,0.5431034482758621,0.4235632183908046,126,2,symmetry,1257.7158468340058,9,0,True,True,0,d4_orbit_holdout_v1,d4_orbit_holdout_v1,D4,True,0,27,49,b8a15bf853782073a1c3ba0e96b4d587716503a9817656309e9007071d4c24ab,898ffe05fe1f89dfae86bd2d395e1dcec5619e4b468dd1cef3f4db89652ed1a7,7326e9db009aaac7f4f40807b93226b7b081ea82633a5e4b0556c10b3b367cb5,0.0,0.0,0,none,(),5080177bfb0b19e1bdf2c632ce666ddfb4d7c99c079d28ca9950413aad67af82,0c4fabb34ac8b9127e556c700c1da20b5c8c2c4d4fcf83c8a5b917feb814ca61,f439a9ed51f57fae2f57b262021cc4415869d38f86d0bb4d2fa89db413eebdd4
Z2_reflection,3,2,0,60,348,15,100,30,0.01,False,cpu,lightning.qubit,adjoint,paper,edge,0.1,False,0.0,D4,1.4871483403832206,2.5241230219078576,0.9,0.4971264367816091,0.4028735632183908,126,2,symmetry,1273.891259166994,0,0,True,True,0,d4_orbit_holdout_v1,d4_orbit_holdout_v1,D4,True,0,54,49,7f0c8ffa3a6cf22f2c5d2bcbc3b1f043a7e6f45099996a781c2523fa1c5238fc,898ffe05fe1f89dfae86bd2d395e1dcec5619e4b468dd1cef3f4db89652ed1a7,3e4937a8f938376038ca7372f474fe7c343e35e95fd1ebb01de0d604a5397965,0.0,0.0,0,none,(),5080177bfb0b19e1bdf2c632ce666ddfb4d7c99c079d28ca9950413aad67af82,0c4fabb34ac8b9127e556c700c1da20b5c8c2c4d4fcf83c8a5b917feb814ca61,f439a9ed51f57fae2f57b262021cc4415869d38f86d0bb4d2fa89db413eebdd4
Z2_reflection,3,2,1,60,348,15,100,30,0.01,False,cpu,lightning.qubit,adjoint,paper,edge,0.1,False,0.0,D4,1.4688989377230377,2.5334048164135057,0.8833333333333333,0.5344827586206896,0.3488505747126437,126,2,symmetry,1288.9035350829945,1,0,True,True,0,d4_orbit_holdout_v1,d4_orbit_holdout_v1,D4,True,0,49,49,b15f52cc9246bbcde840b05518e2e3e1f9dce7ebffab5ccac72acb847b1abc9e,898ffe05fe1f89dfae86bd2d395e1dcec5619e4b468dd1cef3f4db89652ed1a7,2cf7c699fb01152e48196977e2c3aaf996aff9c0ff667a32ed2063b4e552449e,0.0,0.0,0,none,(),5080177bfb0b19e1bdf2c632ce666ddfb4d7c99c079d28ca9950413aad67af82,0c4fabb34ac8b9127e556c700c1da20b5c8c2c4d4fcf83c8a5b917feb814ca61,f439a9ed51f57fae2f57b262021cc4415869d38f86d0bb4d2fa89db413eebdd4
Z2_reflection,3,2,2,60,348,15,100,30,0.01,False,cpu,lightning.qubit,adjoint,paper,edge,0.1,False,0.0,D4,1.3371047953013186,2.3477466507502274,0.9333333333333332,0.5373563218390804,0.3959770114942529,126,2,symmetry,1279.5281597500434,2,0,True,True,0,d4_orbit_holdout_v1,d4_orbit_holdout_v1,D4,True,0,51,49,3e10f5e740c3e1fc60bed7b14008fc76d3a7070251b9aafc4d1c9ff42963b675,898ffe05fe1f89dfae86bd2d395e1dcec5619e4b468dd1cef3f4db89652ed1a7,5e80089d322e2e32e8df328353338fa008283708087997f172d6054f6fb1dded,0.0,0.0,0,none,(),5080177bfb0b19e1bdf2c632ce666ddfb4d7c99c079d28ca9950413aad67af82,0c4fabb34ac8b9127e556c700c1da20b5c8c2c4d4fcf83c8a5b917feb814ca61,f439a9ed51f57fae2f57b262021cc4415869d38f86d0bb4d2fa89db413eebdd4
Z2_reflection,3,2,3,60,348,15,100,30,0.01,False,cpu,lightning.qubit,adjoint,paper,edge,0.1,False,0.0,D4,1.4242683144417128,2.406100294825718,0.8833333333333333,0.5603448275862069,0.3229885057471264,126,2,symmetry,1275.8919509170228,3,0,True,True,0,d4_orbit_holdout_v1,d4_orbit_holdout_v1,D4,True,0,53,49,0f338d0769d2901b58b6f7281275a333e9a2bbb1041cf314538a0138b68ff34d,898ffe05fe1f89dfae86bd2d395e1dcec5619e4b468dd1cef3f4db89652ed1a7,f8890153c6da5146e37eea9bd6157fa215a103a75f18cc6dadb24c9ef7f56304,0.0,0.0,0,none,(),5080177bfb0b19e1bdf2c632ce666ddfb4d7c99c079d28ca9950413aad67af82,0c4fabb34ac8b9127e556c700c1da20b5c8c2c4d4fcf83c8a5b917feb814ca61,f439a9ed51f57fae2f57b262021cc4415869d38f86d0bb4d2fa89db413eebdd4
Z2_reflection,3,2,4,60,348,15,100,30,0.01,False,cpu,lightning.qubit,adjoint,paper,edge,0.1,False,0.0,D4,1.198710356509357,2.4178229544791527,0.9166666666666666,0.4971264367816091,0.4195402298850574,126,2,symmetry,1285.2614494170411,4,0,True,True,0,d4_orbit_holdout_v1,d4_orbit_holdout_v1,D4,True,0,52,49,dd89f4d3b1611f7595349dba9e78af0aabe848eba19cfd3dd015b8428e3c6576,898ffe05fe1f89dfae86bd2d395e1dcec5619e4b468dd1cef3f4db89652ed1a7,2408b56d9f335509e74ad1616e5177627e5c7cd5828612ad534f45a35a834da6,0.0,0.0,0,none,(),5080177bfb0b19e1bdf2c632ce666ddfb4d7c99c079d28ca9950413aad67af82,0c4fabb34ac8b9127e556c700c1da20b5c8c2c4d4fcf83c8a5b917feb814ca61,f439a9ed51f57fae2f57b262021cc4415869d38f86d0bb4d2fa89db413eebdd4
Z2_reflection,3,2,5,60,348,15,100,30,0.01,False,cpu,lightning.qubit,adjoint,paper,edge,0.1,False,0.0,D4,1.47516473478819,2.265228749424086,0.8166666666666667,0.5718390804597702,0.2448275862068964,126,2,symmetry,1285.6091760839918,5,0,True,True,0,d4_orbit_holdout_v1,d4_orbit_holdout_v1,D4,True,0,54,49,bd2aa93f70526e37917a32782e0539a410e547269294843dcc57f34ef1b615cf,898ffe05fe1f89dfae86bd2d395e1dcec5619e4b468dd1cef3f4db89652ed1a7,38af9789f7faf10930fc9293e4f070155f8776178331e52e21355219660a1693,0.0,0.0,0,none,(),5080177bfb0b19e1bdf2c632ce666ddfb4d7c99c079d28ca9950413aad67af82,0c4fabb34ac8b9127e556c700c1da20b5c8c2c4d4fcf83c8a5b917feb814ca61,f439a9ed51f57fae2f57b262021cc4415869d38f86d0bb4d2fa89db413eebdd4
Z2_reflection,3,2,6,60,348,15,100,30,0.01,False,cpu,lightning.qubit,adjoint,paper,edge,0.1,False,0.0,D4,1.623055903951102,2.38747852225724,0.8166666666666667,0.5344827586206896,0.282183908045977,126,2,symmetry,1283.1999003329547,6,0,True,True,0,d4_orbit_holdout_v1,d4_orbit_holdout_v1,D4,True,0,55,49,3d6bd0d16427e89b63d82c35b271408a0fc35b584967205d0e2621a0623ae23d,898ffe05fe1f89dfae86bd2d395e1dcec5619e4b468dd1cef3f4db89652ed1a7,5350458d2807997896cc1a26d1f80f6a7ca215ce8f89e6926757acfad399bf29,0.0,0.0,0,none,(),5080177bfb0b19e1bdf2c632ce666ddfb4d7c99c079d28ca9950413aad67af82,0c4fabb34ac8b9127e556c700c1da20b5c8c2c4d4fcf83c8a5b917feb814ca61,f439a9ed51f57fae2f57b262021cc4415869d38f86d0bb4d2fa89db413eebdd4
Z2_reflection,3,2,7,60,348,15,100,30,0.01,False,cpu,lightning.qubit,adjoint,paper,edge,0.1,False,0.0,D4,1.3483733593884182,2.588233390766909,0.9166666666666666,0.4626436781609195,0.454022988505747,126,2,symmetry,1297.7539869580069,7,0,True,True,0,d4_orbit_holdout_v1,d4_orbit_holdout_v1,D4,True,0,52,49,7913d1b81966957fc454d840fd2d104a9889a68fd43027436da50e67f84b4281,898ffe05fe1f89dfae86bd2d395e1dcec5619e4b468dd1cef3f4db89652ed1a7,6343d41d5a3117648f141b20ba8fcdab43f96977d12feb05c81bf0ab33c205fb,0.0,0.0,0,none,(),5080177bfb0b19e1bdf2c632ce666ddfb4d7c99c079d28ca9950413aad67af82,0c4fabb34ac8b9127e556c700c1da20b5c8c2c4d4fcf83c8a5b917feb814ca61,f439a9ed51f57fae2f57b262021cc4415869d38f86d0bb4d2fa89db413eebdd4
Z2_reflection,3,2,8,60,348,15,100,30,0.01,False,cpu,lightning.qubit,adjoint,paper,edge,0.1,False,0.0,D4,1.4122382066384778,2.3975678367949675,0.8833333333333333,0.5258620689655172,0.357471264367816,126,2,symmetry,1294.5920708340127,8,0,True,True,0,d4_orbit_holdout_v1,d4_orbit_holdout_v1,D4,True,0,55,49,6ea8f5333d068b8bb08318ee2433377392ec9bc278c434b8c0241f950f47e22f,898ffe05fe1f89dfae86bd2d395e1dcec5619e4b468dd1cef3f4db89652ed1a7,4bfae1d428798c7edf5ac12b7e27945edc545a5ada4d9e7b39977e3a39fcf369,0.0,0.0,0,none,(),5080177bfb0b19e1bdf2c632ce666ddfb4d7c99c079d28ca9950413aad67af82,0c4fabb34ac8b9127e556c700c1da20b5c8c2c4d4fcf83c8a5b917feb814ca61,f439a9ed51f57fae2f57b262021cc4415869d38f86d0bb4d2fa89db413eebdd4
Z2_reflection,3,2,9,60,348,15,100,30,0.01,False,cpu,lightning.qubit,adjoint,paper,edge,0.1,False,0.0,D4,1.5715681488052262,2.2810181672625256,0.8666666666666667,0.5948275862068966,0.2718390804597701,126,2,symmetry,1280.2154982920038,9,0,True,True,0,d4_orbit_holdout_v1,d4_orbit_holdout_v1,D4,True,0,53,49,5664aa4ea41fe79fa8d94f4c5b16821970822c428db2e331730bc11bb3f6651f,898ffe05fe1f89dfae86bd2d395e1dcec5619e4b468dd1cef3f4db89652ed1a7,e80b6a67ed48518c6f9316bfe0df54416a3e603e07bf178f784a6d9fa1519b8e,0.0,0.0,0,none,(),5080177bfb0b19e1bdf2c632ce666ddfb4d7c99c079d28ca9950413aad67af82,0c4fabb34ac8b9127e556c700c1da20b5c8c2c4d4fcf83c8a5b917feb814ca61,f439a9ed51f57fae2f57b262021cc4415869d38f86d0bb4d2fa89db413eebdd4
Z2_reflection,3,2,0,120,348,15,100,30,0.01,False,cpu,lightning.qubit,adjoint,paper,edge,0.1,False,0.0,D4,1.6537663978250166,2.34760201650919,0.8166666666666667,0.5689655172413793,0.2477011494252873,126,2,symmetry,1334.653216540988,0,0,True,True,0,d4_orbit_holdout_v1,d4_orbit_holdout_v1,D4,True,0,94,49,aa9ca803b030705a7cca3e3cc023ecc2ad129ddca70f13c4269ba3c91e253901,898ffe05fe1f89dfae86bd2d395e1dcec5619e4b468dd1cef3f4db89652ed1a7,e1b51f896af5d7fb7fde1711fbb346495419096f71937d3b067dbe77e4e09eee,0.0,0.0,0,none,(),5080177bfb0b19e1bdf2c632ce666ddfb4d7c99c079d28ca9950413aad67af82,0c4fabb34ac8b9127e556c700c1da20b5c8c2c4d4fcf83c8a5b917feb814ca61,f439a9ed51f57fae2f57b262021cc4415869d38f86d0bb4d2fa89db413eebdd4
Z2_reflection,3,2,1,120,348,15,100,30,0.01,False,cpu,lightning.qubit,adjoint,paper,edge,0.1,False,0.0,D4,1.734355007313574,2.2481028334937676,0.8583333333333333,0.6379310344827587,0.2204022988505746,126,2,symmetry,1318.6831415829947,1,0,True,True,0,d4_orbit_holdout_v1,d4_orbit_holdout_v1,D4,True,0,89,49,348c94e0c602b46df772691fb16bd3d09d7efa7b55e4957c5dba5d9b21a7b341,898ffe05fe1f89dfae86bd2d395e1dcec5619e4b468dd1cef3f4db89652ed1a7,d0dd67a7aaa1de987b52082d78a9f3637bb9b412119726b6d9aea44dd9318c95,0.0,0.0,0,none,(),5080177bfb0b19e1bdf2c632ce666ddfb4d7c99c079d28ca9950413aad67af82,0c4fabb34ac8b9127e556c700c1da20b5c8c2c4d4fcf83c8a5b917feb814ca61,f439a9ed51f57fae2f57b262021cc4415869d38f86d0bb4d2fa89db413eebdd4
Z2_reflection,3,2,2,120,348,15,100,30,0.01,False,cpu,lightning.qubit,adjoint,paper,edge,0.1,False,0.0,D4,1.766371443002748,2.267279662004592,0.85,0.5862068965517241,0.2637931034482759,126,2,symmetry,1353.3060089999926,2,0,True,True,0,d4_orbit_holdout_v1,d4_orbit_holdout_v1,D4,True,0,93,49,585673268215e67b4791fb1d5ff75319099947474366c4072c67c363bb1d5a9b,898ffe05fe1f89dfae86bd2d395e1dcec5619e4b468dd1cef3f4db89652ed1a7,296c83d7a7f92e0eb5a4b1bd86944188f10aa254a951e3b53526d77bee1dd725,0.0,0.0,0,none,(),5080177bfb0b19e1bdf2c632ce666ddfb4d7c99c079d28ca9950413aad67af82,0c4fabb34ac8b9127e556c700c1da20b5c8c2c4d4fcf83c8a5b917feb814ca61,f439a9ed51f57fae2f57b262021cc4415869d38f86d0bb4d2fa89db413eebdd4
Z2_reflection,3,2,3,120,348,15,100,30,0.01,False,cpu,lightning.qubit,adjoint,paper,edge,0.1,False,0.0,D4,1.7923712911007177,2.439742106413075,0.8166666666666667,0.5459770114942529,0.2706896551724137,126,2,symmetry,1349.0003106250078,3,0,True,True,0,d4_orbit_holdout_v1,d4_orbit_holdout_v1,D4,True,0,89,49,e7f9226a35a986d30d70e3b1ade00a758e4aff1044820b5b299c51fe9175ea9d,898ffe05fe1f89dfae86bd2d395e1dcec5619e4b468dd1cef3f4db89652ed1a7,63c2c4d1b4364a4d8088d1fa5452e3f56f6700d2c1edd7f25d2b899fe62517f0,0.0,0.0,0,none,(),5080177bfb0b19e1bdf2c632ce666ddfb4d7c99c079d28ca9950413aad67af82,0c4fabb34ac8b9127e556c700c1da20b5c8c2c4d4fcf83c8a5b917feb814ca61,f439a9ed51f57fae2f57b262021cc4415869d38f86d0bb4d2fa89db413eebdd4
Z2_reflection,3,2,4,120,348,15,100,30,0.01,False,cpu,lightning.qubit,adjoint,paper,edge,0.1,False,0.0,D4,1.4732666283743696,2.2019265648110924,0.8833333333333333,0.6522988505747126,0.2310344827586207,126,2,symmetry,1313.662870583008,4,0,True,True,0,d4_orbit_holdout_v1,d4_orbit_holdout_v1,D4,True,0,95,49,9f6eba2ac122de0c87ca5f5bae1bc9f25c60553479bc8096d9458ceac0bf57f3,898ffe05fe1f89dfae86bd2d395e1dcec5619e4b468dd1cef3f4db89652ed1a7,a6871ee58e365fbf389459da739117968fa6d5c1ea6ac5b764c2255657fa32e5,0.0,0.0,0,none,(),5080177bfb0b19e1bdf2c632ce666ddfb4d7c99c079d28ca9950413aad67af82,0c4fabb34ac8b9127e556c700c1da20b5c8c2c4d4fcf83c8a5b917feb814ca61,f439a9ed51f57fae2f57b262021cc4415869d38f86d0bb4d2fa89db413eebdd4
Z2_reflection,3,2,5,120,348,15,100,30,0.01,False,cpu,lightning.qubit,adjoint,paper,edge,0.1,False,0.0,D4,1.6714114851422133,2.2273965665921733,0.8333333333333334,0.6206896551724138,0.2126436781609195,126,2,symmetry,1322.671436582983,5,0,True,True,0,d4_orbit_holdout_v1,d4_orbit_holdout_v1,D4,True,0,95,49,3adf81a214fcd77b7d308e12147eaa54449693b844ec78ffcfde40d82904f1f5,898ffe05fe1f89dfae86bd2d395e1dcec5619e4b468dd1cef3f4db89652ed1a7,686fa309cd78b1fcf4c2fcf48542ef9a83fca5641ad8cd825509aa6f22d32508,0.0,0.0,0,none,(),5080177bfb0b19e1bdf2c632ce666ddfb4d7c99c079d28ca9950413aad67af82,0c4fabb34ac8b9127e556c700c1da20b5c8c2c4d4fcf83c8a5b917feb814ca61,f439a9ed51f57fae2f57b262021cc4415869d38f86d0bb4d2fa89db413eebdd4
Z2_reflection,3,2,6,120,348,15,100,30,0.01,False,cpu,lightning.qubit,adjoint,paper,edge,0.1,False,0.0,D4,1.767491930740276,2.3100090718306716,0.7416666666666667,0.5660919540229885,0.1755747126436782,126,2,symmetry,1317.2174407499842,6,0,True,True,0,d4_orbit_holdout_v1,d4_orbit_holdout_v1,D4,True,0,98,49,e720cb86e41fc139d9ace2bea5521e01911642d4ef6eabf43328f5c043b1de6e,898ffe05fe1f89dfae86bd2d395e1dcec5619e4b468dd1cef3f4db89652ed1a7,17ee91923e03a129e935303797c1d3500c4a9ebfd416710fd338d30225ff1a83,0.0,0.0,0,none,(),5080177bfb0b19e1bdf2c632ce666ddfb4d7c99c079d28ca9950413aad67af82,0c4fabb34ac8b9127e556c700c1da20b5c8c2c4d4fcf83c8a5b917feb814ca61,f439a9ed51f57fae2f57b262021cc4415869d38f86d0bb4d2fa89db413eebdd4
Z2_reflection,3,2,7,120,348,15,100,30,0.01,False,cpu,lightning.qubit,adjoint,paper,edge,0.1,False,0.0,D4,1.6946448143057755,2.3722494745564613,0.8,0.5718390804597702,0.2281609195402298,126,2,symmetry,1354.657598083024,7,0,True,True,0,d4_orbit_holdout_v1,d4_orbit_holdout_v1,D4,True,0,91,49,a15704f4ba7b44c68aed48d02d69890a5049f9668a5ed5009d7e3d69330b5301,898ffe05fe1f89dfae86bd2d395e1dcec5619e4b468dd1cef3f4db89652ed1a7,1447b67cfb5501f7237a0c9fe011d1361d266b39505b3dd09a34d53288234a4b,0.0,0.0,0,none,(),5080177bfb0b19e1bdf2c632ce666ddfb4d7c99c079d28ca9950413aad67af82,0c4fabb34ac8b9127e556c700c1da20b5c8c2c4d4fcf83c8a5b917feb814ca61,f439a9ed51f57fae2f57b262021cc4415869d38f86d0bb4d2fa89db413eebdd4
Z2_reflection,3,2,8,120,348,15,100,30,0.01,False,cpu,lightning.qubit,adjoint,paper,edge,0.1,False,0.0,D4,1.7202766090172643,2.3057054239833255,0.8166666666666667,0.6206896551724138,0.1959770114942528,126,2,symmetry,1350.7626919579925,8,0,True,True,0,d4_orbit_holdout_v1,d4_orbit_holdout_v1,D4,True,0,91,49,580eda3b1cea44649cc78e15f88de3a539ff57069af4c472c089af69840c4dc7,898ffe05fe1f89dfae86bd2d395e1dcec5619e4b468dd1cef3f4db89652ed1a7,e352d7197e6f5412ae6be5df7706da0548f858a397a1d32529fae3b2c525ccd3,0.0,0.0,0,none,(),5080177bfb0b19e1bdf2c632ce666ddfb4d7c99c079d28ca9950413aad67af82,0c4fabb34ac8b9127e556c700c1da20b5c8c2c4d4fcf83c8a5b917feb814ca61,f439a9ed51f57fae2f57b262021cc4415869d38f86d0bb4d2fa89db413eebdd4
Z2_reflection,3,2,9,120,348,15,100,30,0.01,False,cpu,lightning.qubit,adjoint,paper,edge,0.1,False,0.0,D4,1.7903542598145878,2.202664760023509,0.825,0.603448275862069,0.221551724137931,126,2,symmetry,1313.1356310419503,9,0,True,True,0,d4_orbit_holdout_v1,d4_orbit_holdout_v1,D4,True,0,92,49,619ec35ae71ec71f0ab934ed36d94026155952ff99774e23688c463fe2e691b3,898ffe05fe1f89dfae86bd2d395e1dcec5619e4b468dd1cef3f4db89652ed1a7,834ae5926e487b00bbb842d00e0fb0e1486cd1ba2dec383f92ccccf96fe2e622,0.0,0.0,0,none,(),5080177bfb0b19e1bdf2c632ce666ddfb4d7c99c079d28ca9950413aad67af82,0c4fabb34ac8b9127e556c700c1da20b5c8c2c4d4fcf83c8a5b917feb814ca61,f439a9ed51f57fae2f57b262021cc4415869d38f86d0bb4d2fa89db413eebdd4
Z2_reflection,3,2,0,240,348,15,100,30,0.01,False,cpu,lightning.qubit,adjoint,paper,edge,0.1,False,0.0,D4,1.843466083356222,2.2822597651480487,0.75,0.5804597701149425,0.1695402298850574,126,2,symmetry,1333.3427606250043,0,0,True,True,0,d4_orbit_holdout_v1,d4_orbit_holdout_v1,D4,True,0,154,49,a25c38357d6c5afdf19497fbffd749a1aeb4a2a8be0500b392933f2f2842d722,898ffe05fe1f89dfae86bd2d395e1dcec5619e4b468dd1cef3f4db89652ed1a7,914579416e955b1f6c350603da3bd42e668ba5545df619b41dfce3c406c5b966,0.0,0.0,0,none,(),5080177bfb0b19e1bdf2c632ce666ddfb4d7c99c079d28ca9950413aad67af82,0c4fabb34ac8b9127e556c700c1da20b5c8c2c4d4fcf83c8a5b917feb814ca61,f439a9ed51f57fae2f57b262021cc4415869d38f86d0bb4d2fa89db413eebdd4
Z2_reflection,3,2,1,240,348,15,100,30,0.01,False,cpu,lightning.qubit,adjoint,paper,edge,0.1,False,0.0,D4,1.869758834543947,2.171758370553431,0.7958333333333333,0.6436781609195402,0.152155172413793,126,2,symmetry,1379.2025874999815,1,0,True,True,0,d4_orbit_holdout_v1,d4_orbit_holdout_v1,D4,True,0,153,49,7a035c72a0490cea32d5235f47f960cf4012d5568824bb4048580a6047b51654,898ffe05fe1f89dfae86bd2d395e1dcec5619e4b468dd1cef3f4db89652ed1a7,32f82728c26c02cb8d98bb72a8728c96c5c395f117d51e326a64c413d93c4b6d,0.0,0.0,0,none,(),5080177bfb0b19e1bdf2c632ce666ddfb4d7c99c079d28ca9950413aad67af82,0c4fabb34ac8b9127e556c700c1da20b5c8c2c4d4fcf83c8a5b917feb814ca61,f439a9ed51f57fae2f57b262021cc4415869d38f86d0bb4d2fa89db413eebdd4
Z2_reflection,3,2,2,240,348,15,100,30,0.01,False,cpu,lightning.qubit,adjoint,paper,edge,0.1,False,0.0,D4,1.9639700797428672,2.1147452562346234,0.7333333333333333,0.6781609195402298,0.0551724137931034,126,2,symmetry,1265.6764770829468,2,0,True,True,0,d4_orbit_holdout_v1,d4_orbit_holdout_v1,D4,True,0,152,49,6ae2b9cabf6c499004c3933f54f9064020a5eeb4ae9e3eab9eeba0ebe08c5b83,898ffe05fe1f89dfae86bd2d395e1dcec5619e4b468dd1cef3f4db89652ed1a7,fd4a44bc6c675210f27bcfe470c396d2c14f1190f75fee31a7495cd57fc37111,0.0,0.0,0,none,(),5080177bfb0b19e1bdf2c632ce666ddfb4d7c99c079d28ca9950413aad67af82,0c4fabb34ac8b9127e556c700c1da20b5c8c2c4d4fcf83c8a5b917feb814ca61,f439a9ed51f57fae2f57b262021cc4415869d38f86d0bb4d2fa89db413eebdd4
Z2_reflection,3,2,3,240,348,15,100,30,0.01,False,cpu,lightning.qubit,adjoint,paper,edge,0.1,False,0.0,D4,1.9214258984103303,2.1804807254257774,0.7791666666666667,0.6781609195402298,0.1010057471264368,126,2,symmetry,1266.7448753339704,3,0,True,True,0,d4_orbit_holdout_v1,d4_orbit_holdout_v1,D4,True,0,149,49,0932a2f803b53c282511da9723511ecfd45c5dcafdea9fe7be2b0630277ababc,898ffe05fe1f89dfae86bd2d395e1dcec5619e4b468dd1cef3f4db89652ed1a7,74b852b6ea2b797b360cf6b788a15d44c6ba1290748a0a778b3bd86ad65abea3,0.0,0.0,0,none,(),5080177bfb0b19e1bdf2c632ce666ddfb4d7c99c079d28ca9950413aad67af82,0c4fabb34ac8b9127e556c700c1da20b5c8c2c4d4fcf83c8a5b917feb814ca61,f439a9ed51f57fae2f57b262021cc4415869d38f86d0bb4d2fa89db413eebdd4
Z2_reflection,3,2,4,240,348,15,100,30,0.01,False,cpu,lightning.qubit,adjoint,paper,edge,0.1,False,0.0,D4,1.7069461154239645,2.152371804810848,0.7916666666666666,0.6235632183908046,0.168103448275862,126,2,symmetry,1393.3485361670027,4,0,True,True,0,d4_orbit_holdout_v1,d4_orbit_holdout_v1,D4,True,0,157,49,77466e55cd6da89027202e03ff7baabb4f37cedd496294227837bd2d572fa7a7,898ffe05fe1f89dfae86bd2d395e1dcec5619e4b468dd1cef3f4db89652ed1a7,490dd378965c103f7e6816e5fd840a12189fce54fac6cf6dadd945a9c7c0b856,0.0,0.0,0,none,(),5080177bfb0b19e1bdf2c632ce666ddfb4d7c99c079d28ca9950413aad67af82,0c4fabb34ac8b9127e556c700c1da20b5c8c2c4d4fcf83c8a5b917feb814ca61,f439a9ed51f57fae2f57b262021cc4415869d38f86d0bb4d2fa89db413eebdd4
Z2_reflection,3,2,5,240,348,15,100,30,0.01,False,cpu,lightning.qubit,adjoint,paper,edge,0.1,False,0.0,D4,1.8383806398128573,2.038041130532294,0.7708333333333334,0.7011494252873564,0.069683908045977,126,2,symmetry,1112.1953706669738,5,0,True,True,0,d4_orbit_holdout_v1,d4_orbit_holdout_v1,D4,True,0,156,49,a344be3f3386e32e0bda86869eace5bee48dd8db562c4b499b95bce074029eef,898ffe05fe1f89dfae86bd2d395e1dcec5619e4b468dd1cef3f4db89652ed1a7,eb3b235c76053532847a5199c0be11e4f3870fde7e3ab33f4961c22ddb88ec32,0.0,0.0,0,none,(),5080177bfb0b19e1bdf2c632ce666ddfb4d7c99c079d28ca9950413aad67af82,0c4fabb34ac8b9127e556c700c1da20b5c8c2c4d4fcf83c8a5b917feb814ca61,f439a9ed51f57fae2f57b262021cc4415869d38f86d0bb4d2fa89db413eebdd4
Z2_reflection,3,2,6,240,348,15,100,30,0.01,False,cpu,lightning.qubit,adjoint,paper,edge,0.1,False,0.0,D4,1.898366879073125,2.179158493988372,0.7708333333333334,0.6494252873563219,0.1214080459770114,126,2,symmetry,1091.2049750000006,6,0,True,True,0,d4_orbit_holdout_v1,d4_orbit_holdout_v1,D4,True,0,150,49,c55eb5bf78465f81d903be701693369417bcfa428cc273eacde6c495f7fda45d,898ffe05fe1f89dfae86bd2d395e1dcec5619e4b468dd1cef3f4db89652ed1a7,7f4e93a3e005917e31980a620e35d0ea81ba76989d02388658991ef09fab850c,0.0,0.0,0,none,(),5080177bfb0b19e1bdf2c632ce666ddfb4d7c99c079d28ca9950413aad67af82,0c4fabb34ac8b9127e556c700c1da20b5c8c2c4d4fcf83c8a5b917feb814ca61,f439a9ed51f57fae2f57b262021cc4415869d38f86d0bb4d2fa89db413eebdd4
Z2_reflection,3,2,7,240,348,15,100,30,0.01,False,cpu,lightning.qubit,adjoint,paper,edge,0.1,False,0.0,D4,1.8956463687121896,2.176174096115692,0.7958333333333333,0.6206896551724138,0.1751436781609194,126,2,symmetry,1129.4593070420087,7,0,True,True,0,d4_orbit_holdout_v1,d4_orbit_holdout_v1,D4,True,0,148,49,04a423470264e1fc0eee90f01bf77b97b2d54c99dd0bf6e58283a870a9bc1af5,898ffe05fe1f89dfae86bd2d395e1dcec5619e4b468dd1cef3f4db89652ed1a7,b88ce323afcec010c79f85ad7a7cba3ea4dbbd574df723c05e20804820be7354,0.0,0.0,0,none,(),5080177bfb0b19e1bdf2c632ce666ddfb4d7c99c079d28ca9950413aad67af82,0c4fabb34ac8b9127e556c700c1da20b5c8c2c4d4fcf83c8a5b917feb814ca61,f439a9ed51f57fae2f57b262021cc4415869d38f86d0bb4d2fa89db413eebdd4
Z2_reflection,3,2,8,240,348,15,100,30,0.01,False,cpu,lightning.qubit,adjoint,paper,edge,0.1,False,0.0,D4,1.9779582758369096,2.1688979816121337,0.7208333333333333,0.6522988505747126,0.0685344827586207,126,2,symmetry,1126.8660340839997,8,0,True,True,0,d4_orbit_holdout_v1,d4_orbit_holdout_v1,D4,True,0,150,49,171c22e75fc5155734702cfcf541159fc52338fe134785a28534ec0f1362af38,898ffe05fe1f89dfae86bd2d395e1dcec5619e4b468dd1cef3f4db89652ed1a7,e14565dc5ccfdc4c59186735aa7e0eaa7859bb5dda1f546b3eb9e4be00a7f826,0.0,0.0,0,none,(),5080177bfb0b19e1bdf2c632ce666ddfb4d7c99c079d28ca9950413aad67af82,0c4fabb34ac8b9127e556c700c1da20b5c8c2c4d4fcf83c8a5b917feb814ca61,f439a9ed51f57fae2f57b262021cc4415869d38f86d0bb4d2fa89db413eebdd4
Z2_reflection,3,2,9,240,348,15,100,30,0.01,False,cpu,lightning.qubit,adjoint,paper,edge,0.1,False,0.0,D4,1.887817002644744,2.2311331368597,0.7458333333333333,0.603448275862069,0.1423850574712644,126,2,symmetry,1082.8150531249703,9,0,True,True,0,d4_orbit_holdout_v1,d4_orbit_holdout_v1,D4,True,0,157,49,9a0e9b3ccf001585c319639337ecaaf099361b26af31877c3bf1e8c1f69527c1,898ffe05fe1f89dfae86bd2d395e1dcec5619e4b468dd1cef3f4db89652ed1a7,9c04b2c859ca9f2a1a99f694f3ee0ddaae5bede4759c340e57c965906c863f5a,0.0,0.0,0,none,(),5080177bfb0b19e1bdf2c632ce666ddfb4d7c99c079d28ca9950413aad67af82,0c4fabb34ac8b9127e556c700c1da20b5c8c2c4d4fcf83c8a5b917feb814ca61,f439a9ed51f57fae2f57b262021cc4415869d38f86d0bb4d2fa89db413eebdd4
Z2_reflection,3,2,0,450,348,15,100,30,0.01,False,cpu,lightning.qubit,adjoint,paper,edge,0.1,False,0.0,D4,1.9674543507636697,2.1578860572695664,0.7177777777777777,0.6408045977011494,0.0769731800766283,126,2,symmetry,1288.462470792001,0,0,True,True,0,d4_orbit_holdout_v1,d4_orbit_holdout_v1,D4,True,0,226,49,f1397bc570062daae495b6aadb90f79049b648d027728c7a49b1ca0c775823b9,898ffe05fe1f89dfae86bd2d395e1dcec5619e4b468dd1cef3f4db89652ed1a7,de5e6905b732dda763592549b10c872a142ee5f7abd703e1f002d99052f4b6b1,0.0,0.0,0,none,(),5080177bfb0b19e1bdf2c632ce666ddfb4d7c99c079d28ca9950413aad67af82,0c4fabb34ac8b9127e556c700c1da20b5c8c2c4d4fcf83c8a5b917feb814ca61,f439a9ed51f57fae2f57b262021cc4415869d38f86d0bb4d2fa89db413eebdd4
Z2_reflection,3,2,1,450,348,15,100,30,0.01,False,cpu,lightning.qubit,adjoint,paper,edge,0.1,False,0.0,D4,1.927866284051731,2.1226564769493663,0.7155555555555555,0.6609195402298851,0.0546360153256704,126,2,symmetry,1197.3484215830103,1,0,True,True,0,d4_orbit_holdout_v1,d4_orbit_holdout_v1,D4,True,0,228,49,18d1a933dd0e5239b028a941c92e013673a8d45d2f02802dac7283035cf67b83,898ffe05fe1f89dfae86bd2d395e1dcec5619e4b468dd1cef3f4db89652ed1a7,04a6354a00641d752edf2e9ac853fd031bc2d669f15da74e1a248f00bbd87b0c,0.0,0.0,0,none,(),5080177bfb0b19e1bdf2c632ce666ddfb4d7c99c079d28ca9950413aad67af82,0c4fabb34ac8b9127e556c700c1da20b5c8c2c4d4fcf83c8a5b917feb814ca61,f439a9ed51f57fae2f57b262021cc4415869d38f86d0bb4d2fa89db413eebdd4
Z2_reflection,3,2,2,450,348,15,100,30,0.01,False,cpu,lightning.qubit,adjoint,paper,edge,0.1,False,0.0,D4,1.975118869770209,2.0010396518640197,0.74,0.7298850574712644,0.0101149425287355,126,2,symmetry,1467.6600939999917,2,0,True,True,0,d4_orbit_holdout_v1,d4_orbit_holdout_v1,D4,True,0,229,49,b173370472fc253d6e1cff6bf6a404b7bf82c20c111939cdef36ee1db0fdb4c9,898ffe05fe1f89dfae86bd2d395e1dcec5619e4b468dd1cef3f4db89652ed1a7,d6b2e82383286d26db34de3fe536b206c62d3bdd0bc38645f616c2fe2967f1aa,0.0,0.0,0,none,(),5080177bfb0b19e1bdf2c632ce666ddfb4d7c99c079d28ca9950413aad67af82,0c4fabb34ac8b9127e556c700c1da20b5c8c2c4d4fcf83c8a5b917feb814ca61,f439a9ed51f57fae2f57b262021cc4415869d38f86d0bb4d2fa89db413eebdd4
Z2_reflection,3,2,3,450,348,15,100,30,0.01,False,cpu,lightning.qubit,adjoint,paper,edge,0.1,False,0.0,D4,1.9858576946434228,2.231658024924304,0.72,0.5919540229885057,0.1280459770114942,126,2,symmetry,1450.4140691250211,3,0,True,True,0,d4_orbit_holdout_v1,d4_orbit_holdout_v1,D4,True,0,223,49,23254f826010e1f05a505e3a7bc8760eafa2be3851d98438bd328048b73d5e51,898ffe05fe1f89dfae86bd2d395e1dcec5619e4b468dd1cef3f4db89652ed1a7,b69b51193beec9e7e397e02309654d37a9d98e50f65ee9f0f003739f25d4e837,0.0,0.0,0,none,(),5080177bfb0b19e1bdf2c632ce666ddfb4d7c99c079d28ca9950413aad67af82,0c4fabb34ac8b9127e556c700c1da20b5c8c2c4d4fcf83c8a5b917feb814ca61,f439a9ed51f57fae2f57b262021cc4415869d38f86d0bb4d2fa89db413eebdd4
Z2_reflection,3,2,4,450,348,15,100,30,0.01,False,cpu,lightning.qubit,adjoint,paper,edge,0.1,False,0.0,D4,1.876279394103766,2.06229157324905,0.7688888888888888,0.7040229885057471,0.0648659003831417,126,2,symmetry,1170.4425510839792,4,0,True,True,0,d4_orbit_holdout_v1,d4_orbit_holdout_v1,D4,True,0,233,49,2fe5e1a879534b991a638ec38cb4a2205eb385f7b5095e47ea71d17b3b9160d0,898ffe05fe1f89dfae86bd2d395e1dcec5619e4b468dd1cef3f4db89652ed1a7,9a82eb817e755f7a0e79113b591c8992636cb4889a30f9ba76999401c5f9fa93,0.0,0.0,0,none,(),5080177bfb0b19e1bdf2c632ce666ddfb4d7c99c079d28ca9950413aad67af82,0c4fabb34ac8b9127e556c700c1da20b5c8c2c4d4fcf83c8a5b917feb814ca61,f439a9ed51f57fae2f57b262021cc4415869d38f86d0bb4d2fa89db413eebdd4
Z2_reflection,3,2,5,450,348,15,100,30,0.01,False,cpu,lightning.qubit,adjoint,paper,edge,0.1,False,0.0,D4,1.9429650055789285,2.0553829718652237,0.7355555555555555,0.6954022988505747,0.0401532567049808,126,2,symmetry,1550.7404164589825,5,0,True,True,0,d4_orbit_holdout_v1,d4_orbit_holdout_v1,D4,True,0,225,49,cc8a2b591b4ee35f4feb90e5ab75aa21968f28ed0bd0dd865657e6f7438c1309,898ffe05fe1f89dfae86bd2d395e1dcec5619e4b468dd1cef3f4db89652ed1a7,8340097c442d3ae98780c4cd19e283985f58408262e8b98f685b79bc09c56a87,0.0,0.0,0,none,(),5080177bfb0b19e1bdf2c632ce666ddfb4d7c99c079d28ca9950413aad67af82,0c4fabb34ac8b9127e556c700c1da20b5c8c2c4d4fcf83c8a5b917feb814ca61,f439a9ed51f57fae2f57b262021cc4415869d38f86d0bb4d2fa89db413eebdd4
Z2_reflection,3,2,6,450,348,15,100,30,0.01,False,cpu,lightning.qubit,adjoint,paper,edge,0.1,False,0.0,D4,1.9497306978528504,2.088593319285038,0.7333333333333333,0.6896551724137931,0.0436781609195401,126,2,symmetry,1617.0403860420338,6,0,True,True,0,d4_orbit_holdout_v1,d4_orbit_holdout_v1,D4,True,0,226,49,9bc3b31b9f94d53e2801e858a4c3985d9f4b4248f05760948a9642048664ec80,898ffe05fe1f89dfae86bd2d395e1dcec5619e4b468dd1cef3f4db89652ed1a7,b4a042c72cd92a940d7e8b0b4816296c49552aba8bc3a92fcbad4535737f302a,0.0,0.0,0,none,(),5080177bfb0b19e1bdf2c632ce666ddfb4d7c99c079d28ca9950413aad67af82,0c4fabb34ac8b9127e556c700c1da20b5c8c2c4d4fcf83c8a5b917feb814ca61,f439a9ed51f57fae2f57b262021cc4415869d38f86d0bb4d2fa89db413eebdd4
Z2_reflection,3,2,7,450,348,15,100,30,0.01,False,cpu,lightning.qubit,adjoint,paper,edge,0.1,False,0.0,D4,1.9630067839215215,2.0468436931742993,0.74,0.6954022988505747,0.0445977011494252,126,2,symmetry,1432.9642444580095,7,0,True,True,0,d4_orbit_holdout_v1,d4_orbit_holdout_v1,D4,True,0,220,49,e59b993603f46c0c8ef00b8238b4af35a6ad5c327d3f84700cf93cc84364dc2d,898ffe05fe1f89dfae86bd2d395e1dcec5619e4b468dd1cef3f4db89652ed1a7,1bfd8b03cb135a01a564f5f9a7aba100cf20081ee6cadd9953cf3a266fdadc84,0.0,0.0,0,none,(),5080177bfb0b19e1bdf2c632ce666ddfb4d7c99c079d28ca9950413aad67af82,0c4fabb34ac8b9127e556c700c1da20b5c8c2c4d4fcf83c8a5b917feb814ca61,f439a9ed51f57fae2f57b262021cc4415869d38f86d0bb4d2fa89db413eebdd4
Z2_reflection,3,2,8,450,348,15,100,30,0.01,False,cpu,lightning.qubit,adjoint,paper,edge,0.1,False,0.0,D4,1.9304949584498936,2.0413224190997825,0.7333333333333333,0.6637931034482759,0.0695402298850573,126,2,symmetry,1420.095400124963,8,0,True,True,0,d4_orbit_holdout_v1,d4_orbit_holdout_v1,D4,True,0,221,49,3372b2fb3a18ed032d1e6a8c25ef6f8a7cc331bddb0a7aebfd9897c15ef92903,898ffe05fe1f89dfae86bd2d395e1dcec5619e4b468dd1cef3f4db89652ed1a7,fe2a6480671f6da3083312a45e9122069ec6cdc7dda580fec8287a2853cc8f51,0.0,0.0,0,none,(),5080177bfb0b19e1bdf2c632ce666ddfb4d7c99c079d28ca9950413aad67af82,0c4fabb34ac8b9127e556c700c1da20b5c8c2c4d4fcf83c8a5b917feb814ca61,f439a9ed51f57fae2f57b262021cc4415869d38f86d0bb4d2fa89db413eebdd4
Z2_reflection,3,2,9,450,348,15,100,30,0.01,False,cpu,lightning.qubit,adjoint,paper,edge,0.1,False,0.0,D4,1.951418373709719,2.0831371701616916,0.7333333333333333,0.646551724137931,0.0867816091954022,126,2,symmetry,1626.2345030839788,9,0,True,True,0,d4_orbit_holdout_v1,d4_orbit_holdout_v1,D4,True,0,225,49,b53d4b61ecce843683f650bcf1a1d5e86b087793630cdbed59c0a9cda061c796,898ffe05fe1f89dfae86bd2d395e1dcec5619e4b468dd1cef3f4db89652ed1a7,457fa09c7bc53ddd760f859a1e1cdb67a65ec0b45b1c3d750e4e1657edd1ff0e,0.0,0.0,0,none,(),5080177bfb0b19e1bdf2c632ce666ddfb4d7c99c079d28ca9950413aad67af82,0c4fabb34ac8b9127e556c700c1da20b5c8c2c4d4fcf83c8a5b917feb814ca61,f439a9ed51f57fae2f57b262021cc4415869d38f86d0bb4d2fa89db413eebdd4
Z2_reflection,3,2,0,600,348,15,100,30,0.01,False,cpu,lightning.qubit,adjoint,paper,edge,0.1,False,0.0,D4,2.0004069519879604,2.1516236009236933,0.7016666666666667,0.632183908045977,0.0694827586206896,126,2,symmetry,1176.296441709041,0,0,True,True,0,d4_orbit_holdout_v1,d4_orbit_holdout_v1,D4,True,0,264,49,dc5d69f90befaaac45ab97941593e084ce14a5aba58b199edc6ed232514cb4b2,898ffe05fe1f89dfae86bd2d395e1dcec5619e4b468dd1cef3f4db89652ed1a7,539bcdd33972921a9ca9fa6af1e4c2bf16bd64df08697fa6f63ddaab0da4f5c1,0.0,0.0,0,none,(),5080177bfb0b19e1bdf2c632ce666ddfb4d7c99c079d28ca9950413aad67af82,0c4fabb34ac8b9127e556c700c1da20b5c8c2c4d4fcf83c8a5b917feb814ca61,f439a9ed51f57fae2f57b262021cc4415869d38f86d0bb4d2fa89db413eebdd4
Z2_reflection,3,2,1,600,348,15,100,30,0.01,False,cpu,lightning.qubit,adjoint,paper,edge,0.1,False,0.0,D4,1.9218953477892189,2.183264558259835,0.7483333333333333,0.6494252873563219,0.0989080459770114,126,2,symmetry,1185.7283110829885,1,0,True,True,0,d4_orbit_holdout_v1,d4_orbit_holdout_v1,D4,True,0,266,49,502eea996526fedc78321f300a0b61959995d8817760f909360619ea6a7667be,898ffe05fe1f89dfae86bd2d395e1dcec5619e4b468dd1cef3f4db89652ed1a7,784c5fe0f242bd63c5ad1ea12cf6490f72ab6a8480666fb4c08f2677beadc81e,0.0,0.0,0,none,(),5080177bfb0b19e1bdf2c632ce666ddfb4d7c99c079d28ca9950413aad67af82,0c4fabb34ac8b9127e556c700c1da20b5c8c2c4d4fcf83c8a5b917feb814ca61,f439a9ed51f57fae2f57b262021cc4415869d38f86d0bb4d2fa89db413eebdd4
Z2_reflection,3,2,2,600,348,15,100,30,0.01,False,cpu,lightning.qubit,adjoint,paper,edge,0.1,False,0.0,D4,2.0138895931219154,2.1249952336326134,0.7383333333333333,0.6954022988505747,0.0429310344827585,126,2,symmetry,1158.8368306250195,2,0,True,True,0,d4_orbit_holdout_v1,d4_orbit_holdout_v1,D4,True,0,269,49,f9ef66ed8c54beeeab8d30e8c978294086c0bc03d8089bdb0086cc397e19d97b,898ffe05fe1f89dfae86bd2d395e1dcec5619e4b468dd1cef3f4db89652ed1a7,1d49a8470be0d005a3fdbf85fced0419b16c60e88b7a367b16eacec8e9002abf,0.0,0.0,0,none,(),5080177bfb0b19e1bdf2c632ce666ddfb4d7c99c079d28ca9950413aad67af82,0c4fabb34ac8b9127e556c700c1da20b5c8c2c4d4fcf83c8a5b917feb814ca61,f439a9ed51f57fae2f57b262021cc4415869d38f86d0bb4d2fa89db413eebdd4
Z2_reflection,3,2,3,600,348,15,100,30,0.01,False,cpu,lightning.qubit,adjoint,paper,edge,0.1,False,0.0,D4,2.0013505708705046,2.1302729116082406,0.6883333333333334,0.6551724137931034,0.0331609195402299,126,2,symmetry,1174.314620374993,3,0,True,True,0,d4_orbit_holdout_v1,d4_orbit_holdout_v1,D4,True,0,263,49,1a1ba5d100dfa02c205519e367e26c4c26b20e73ecab52b7c845c238b1313513,898ffe05fe1f89dfae86bd2d395e1dcec5619e4b468dd1cef3f4db89652ed1a7,553fb5f1d8e2f96e6941c8974209ced372531f8387994ea8ff669b79551a87ec,0.0,0.0,0,none,(),5080177bfb0b19e1bdf2c632ce666ddfb4d7c99c079d28ca9950413aad67af82,0c4fabb34ac8b9127e556c700c1da20b5c8c2c4d4fcf83c8a5b917feb814ca61,f439a9ed51f57fae2f57b262021cc4415869d38f86d0bb4d2fa89db413eebdd4
Z2_reflection,3,2,4,600,348,15,100,30,0.01,False,cpu,lightning.qubit,adjoint,paper,edge,0.1,False,0.0,D4,1.9765449644954325,2.0691418577982765,0.7316666666666667,0.6609195402298851,0.0707471264367816,126,2,symmetry,1192.6214344170294,4,0,True,True,0,d4_orbit_holdout_v1,d4_orbit_holdout_v1,D4,True,0,272,49,8de29e6cca1e5a9b645400356bb2c0d838066bc7dddf603da0de0e9b9cb613c7,898ffe05fe1f89dfae86bd2d395e1dcec5619e4b468dd1cef3f4db89652ed1a7,ecd54a3b63ae340a5031159d735f8a1f57d301d7fd14f3cacac746b4584efb8b,0.0,0.0,0,none,(),5080177bfb0b19e1bdf2c632ce666ddfb4d7c99c079d28ca9950413aad67af82,0c4fabb34ac8b9127e556c700c1da20b5c8c2c4d4fcf83c8a5b917feb814ca61,f439a9ed51f57fae2f57b262021cc4415869d38f86d0bb4d2fa89db413eebdd4
Z2_reflection,3,2,5,600,348,15,100,30,0.01,False,cpu,lightning.qubit,adjoint,paper,edge,0.1,False,0.0,D4,1.961026150109704,2.0339065433029258,0.7033333333333334,0.7068965517241379,-0.0035632183908045,126,2,symmetry,1432.44815333304,5,0,True,True,0,d4_orbit_holdout_v1,d4_orbit_holdout_v1,D4,True,0,266,49,2119280bef8c6be599a8fc2cdaae297d965bfc209c71b8bed17538f1176a615a,898ffe05fe1f89dfae86bd2d395e1dcec5619e4b468dd1cef3f4db89652ed1a7,549e99c7302d51d62fba17b985414fcbf17a980b9368ddb28122ac3340d85e46,0.0,0.0,0,none,(),5080177bfb0b19e1bdf2c632ce666ddfb4d7c99c079d28ca9950413aad67af82,0c4fabb34ac8b9127e556c700c1da20b5c8c2c4d4fcf83c8a5b917feb814ca61,f439a9ed51f57fae2f57b262021cc4415869d38f86d0bb4d2fa89db413eebdd4
Z2_reflection,3,2,6,600,348,15,100,30,0.01,False,cpu,lightning.qubit,adjoint,paper,edge,0.1,False,0.0,D4,2.00850742060082,2.110067956026466,0.695,0.6120689655172413,0.0829310344827586,126,2,symmetry,1350.169047583011,6,0,True,True,0,d4_orbit_holdout_v1,d4_orbit_holdout_v1,D4,True,0,266,49,f854b9d22b73d3baf149ed8cd897ea6993c77aa15b92a5dbf49befaf6919b01d,898ffe05fe1f89dfae86bd2d395e1dcec5619e4b468dd1cef3f4db89652ed1a7,6e2a4c7f5638223112768702818d511663d147d8d0ba80562a4abe8e5295c478,0.0,0.0,0,none,(),5080177bfb0b19e1bdf2c632ce666ddfb4d7c99c079d28ca9950413aad67af82,0c4fabb34ac8b9127e556c700c1da20b5c8c2c4d4fcf83c8a5b917feb814ca61,f439a9ed51f57fae2f57b262021cc4415869d38f86d0bb4d2fa89db413eebdd4
Z2_reflection,3,2,7,600,348,15,100,30,0.01,False,cpu,lightning.qubit,adjoint,paper,edge,0.1,False,0.0,D4,2.0780888798478214,2.1524686185269437,0.6416666666666667,0.6781609195402298,-0.0364942528735631,126,2,symmetry,1545.7203595419996,7,0,True,True,0,d4_orbit_holdout_v1,d4_orbit_holdout_v1,D4,True,0,262,49,2e4b5e4c0ea21848b05443dfeb749ee5e4b3712272d6f850b1d1c1c198f7b414,898ffe05fe1f89dfae86bd2d395e1dcec5619e4b468dd1cef3f4db89652ed1a7,9a6df2e338d341b2a893a3b35c6043fb5969e7317e81ff563483c2696d01ef32,0.0,0.0,0,none,(),5080177bfb0b19e1bdf2c632ce666ddfb4d7c99c079d28ca9950413aad67af82,0c4fabb34ac8b9127e556c700c1da20b5c8c2c4d4fcf83c8a5b917feb814ca61,f439a9ed51f57fae2f57b262021cc4415869d38f86d0bb4d2fa89db413eebdd4
Z2_reflection,3,2,8,600,348,15,100,30,0.01,False,cpu,lightning.qubit,adjoint,paper,edge,0.1,False,0.0,D4,1.9630431022065225,2.0919680821456423,0.7316666666666667,0.6724137931034483,0.0592528735632184,126,2,symmetry,1532.1716209999868,8,0,True,True,0,d4_orbit_holdout_v1,d4_orbit_holdout_v1,D4,True,0,265,49,c3f231e6f88bb20e9faa707b33a0091c0c4956e17ed8415913bf5554a6e4fca2,898ffe05fe1f89dfae86bd2d395e1dcec5619e4b468dd1cef3f4db89652ed1a7,1c97bca8d39baa612a9ee96f39b51a0b76c97a8fb09ea3e647394d223c7bd7b1,0.0,0.0,0,none,(),5080177bfb0b19e1bdf2c632ce666ddfb4d7c99c079d28ca9950413aad67af82,0c4fabb34ac8b9127e556c700c1da20b5c8c2c4d4fcf83c8a5b917feb814ca61,f439a9ed51f57fae2f57b262021cc4415869d38f86d0bb4d2fa89db413eebdd4
Z2_reflection,3,2,9,600,348,15,100,30,0.01,False,cpu,lightning.qubit,adjoint,paper,edge,0.1,False,0.0,D4,1.955353466245631,2.028050966188225,0.735,0.6925287356321839,0.0424712643678161,126,2,symmetry,1316.0561117500183,9,0,True,True,0,d4_orbit_holdout_v1,d4_orbit_holdout_v1,D4,True,0,265,49,f4adab1d8bd6dd97991fa341e92a77e4ea25c2a5edbb5a14843d7841d1f50a31,898ffe05fe1f89dfae86bd2d395e1dcec5619e4b468dd1cef3f4db89652ed1a7,9e3283df79c5d13febf6c251bd1ed173afed93f6bc4e02184add4fc6a1bb5281,0.0,0.0,0,none,(),5080177bfb0b19e1bdf2c632ce666ddfb4d7c99c079d28ca9950413aad67af82,0c4fabb34ac8b9127e556c700c1da20b5c8c2c4d4fcf83c8a5b917feb814ca61,f439a9ed51f57fae2f57b262021cc4415869d38f86d0bb4d2fa89db413eebdd4
C4,3,2,0,30,348,15,100,30,0.01,False,cpu,lightning.qubit,adjoint,paper,edge,0.1,False,0.0,D4,1.6109749607524582,2.396073818610974,0.8333333333333334,0.5632183908045977,0.2701149425287357,60,4,symmetry,1393.0748508329852,0,0,True,True,0,d4_orbit_holdout_v1,d4_orbit_holdout_v1,D4,True,0,29,49,c013ddbea8c37e6aa8b8cf7d4329d96c625f16b63c157940719fba0d14e27fb2,898ffe05fe1f89dfae86bd2d395e1dcec5619e4b468dd1cef3f4db89652ed1a7,d67fe947f1d0e662a8a6586486cf49f7e46c2239af36cf11cf74f92071990bac,0.0,0.0,0,none,(),5080177bfb0b19e1bdf2c632ce666ddfb4d7c99c079d28ca9950413aad67af82,0c4fabb34ac8b9127e556c700c1da20b5c8c2c4d4fcf83c8a5b917feb814ca61,f439a9ed51f57fae2f57b262021cc4415869d38f86d0bb4d2fa89db413eebdd4
C4,3,2,1,30,348,15,100,30,0.01,False,cpu,lightning.qubit,adjoint,paper,edge,0.1,False,0.0,D4,1.6838414964302288,2.4937475309801305,0.7333333333333333,0.4827586206896552,0.2505747126436781,60,4,symmetry,1439.980034790991,1,0,True,True,0,d4_orbit_holdout_v1,d4_orbit_holdout_v1,D4,True,0,26,49,71076a3914b495d3796f7b0e0fcace2ce7885c03a5ad1769e8fd17a138de406c,898ffe05fe1f89dfae86bd2d395e1dcec5619e4b468dd1cef3f4db89652ed1a7,de789f33d1a7a54349fa2bec40c22b73bf8dd604fa3c02d9ebab813178879aae,0.0,0.0,0,none,(),5080177bfb0b19e1bdf2c632ce666ddfb4d7c99c079d28ca9950413aad67af82,0c4fabb34ac8b9127e556c700c1da20b5c8c2c4d4fcf83c8a5b917feb814ca61,f439a9ed51f57fae2f57b262021cc4415869d38f86d0bb4d2fa89db413eebdd4
C4,3,2,2,30,348,15,100,30,0.01,False,cpu,lightning.qubit,adjoint,paper,edge,0.1,False,0.0,D4,1.2259812037098448,2.151008671510374,0.9,0.5862068965517241,0.3137931034482759,60,4,symmetry,1302.6747213749911,2,0,True,True,0,d4_orbit_holdout_v1,d4_orbit_holdout_v1,D4,True,0,28,49,012351c3e3ce54f4700812ff617dbccd4d328ccf4352f78a7e46b6d690bd904f,898ffe05fe1f89dfae86bd2d395e1dcec5619e4b468dd1cef3f4db89652ed1a7,2bfac0ceb07ae056d3f567b74fbdc97415a67edaa86cf88effe46a69ad9a6361,0.0,0.0,0,none,(),5080177bfb0b19e1bdf2c632ce666ddfb4d7c99c079d28ca9950413aad67af82,0c4fabb34ac8b9127e556c700c1da20b5c8c2c4d4fcf83c8a5b917feb814ca61,f439a9ed51f57fae2f57b262021cc4415869d38f86d0bb4d2fa89db413eebdd4
C4,3,2,3,30,348,15,100,30,0.01,False,cpu,lightning.qubit,adjoint,paper,edge,0.1,False,0.0,D4,1.4691011141178263,2.3539932661574174,0.8,0.5747126436781609,0.2252873563218391,60,4,symmetry,1312.789336708025,3,0,True,True,0,d4_orbit_holdout_v1,d4_orbit_holdout_v1,D4,True,0,29,49,41bbb6e3ea1e2584331d8595a213d7aa32e6694e33b0b64b79f196038e1345dd,898ffe05fe1f89dfae86bd2d395e1dcec5619e4b468dd1cef3f4db89652ed1a7,a144c03febf6de5e9d8a3fbc630df3053f1798b7cc26f90dcc2169022c1fa5f7,0.0,0.0,0,none,(),5080177bfb0b19e1bdf2c632ce666ddfb4d7c99c079d28ca9950413aad67af82,0c4fabb34ac8b9127e556c700c1da20b5c8c2c4d4fcf83c8a5b917feb814ca61,f439a9ed51f57fae2f57b262021cc4415869d38f86d0bb4d2fa89db413eebdd4
C4,3,2,4,30,348,15,100,30,0.01,False,cpu,lightning.qubit,adjoint,paper,edge,0.1,False,0.0,D4,1.1696630804942256,2.3768575753198817,0.9333333333333332,0.5057471264367817,0.4275862068965517,60,4,symmetry,1461.474381166976,4,0,True,True,0,d4_orbit_holdout_v1,d4_orbit_holdout_v1,D4,True,0,29,49,89c3fae076b89317998b8dcbb90b40e0976870e1b98064723ee509ffd8b4db95,898ffe05fe1f89dfae86bd2d395e1dcec5619e4b468dd1cef3f4db89652ed1a7,0abb6d0bcb3d2206506cba7743f9b33dfe3b6b0535a4626dd5598f0a42a2118e,0.0,0.0,0,none,(),5080177bfb0b19e1bdf2c632ce666ddfb4d7c99c079d28ca9950413aad67af82,0c4fabb34ac8b9127e556c700c1da20b5c8c2c4d4fcf83c8a5b917feb814ca61,f439a9ed51f57fae2f57b262021cc4415869d38f86d0bb4d2fa89db413eebdd4
C4,3,2,5,30,348,15,100,30,0.01,False,cpu,lightning.qubit,adjoint,paper,edge,0.1,False,0.0,D4,1.2339339255024029,2.3066649597162816,0.8666666666666667,0.5402298850574713,0.3264367816091954,60,4,symmetry,1140.837704375037,5,0,True,True,0,d4_orbit_holdout_v1,d4_orbit_holdout_v1,D4,True,0,28,49,f19c029f9497e30339db469cea15ee2f27b83b31dfa3c32a19bf17fed2d60ae1,898ffe05fe1f89dfae86bd2d395e1dcec5619e4b468dd1cef3f4db89652ed1a7,9fbae33259973293d1e9d4e11fff2df17f0b6f679b3a34f5aba31bafb5dfc912,0.0,0.0,0,none,(),5080177bfb0b19e1bdf2c632ce666ddfb4d7c99c079d28ca9950413aad67af82,0c4fabb34ac8b9127e556c700c1da20b5c8c2c4d4fcf83c8a5b917feb814ca61,f439a9ed51f57fae2f57b262021cc4415869d38f86d0bb4d2fa89db413eebdd4
C4,3,2,6,30,348,15,100,30,0.01,False,cpu,lightning.qubit,adjoint,paper,edge,0.1,False,0.0,D4,1.7354721275407126,2.4061225744981316,0.9333333333333332,0.5632183908045977,0.3701149425287356,60,4,symmetry,1158.147225791996,6,0,True,True,0,d4_orbit_holdout_v1,d4_orbit_holdout_v1,D4,True,0,30,49,f85213f827a383454046e30bc701450a2d1af00249458e5ad9af16aed62ef924,898ffe05fe1f89dfae86bd2d395e1dcec5619e4b468dd1cef3f4db89652ed1a7,81c5f2e4db78dcf6ec0ad23ca618c4227f4cc2eac414c7fab945a79c24292b9f,0.0,0.0,0,none,(),5080177bfb0b19e1bdf2c632ce666ddfb4d7c99c079d28ca9950413aad67af82,0c4fabb34ac8b9127e556c700c1da20b5c8c2c4d4fcf83c8a5b917feb814ca61,f439a9ed51f57fae2f57b262021cc4415869d38f86d0bb4d2fa89db413eebdd4
C4,3,2,7,30,348,15,100,30,0.01,False,cpu,lightning.qubit,adjoint,paper,edge,0.1,False,0.0,D4,1.513332641505913,2.5563606107730372,0.9,0.4137931034482758,0.4862068965517241,60,4,symmetry,1152.086327750003,7,0,True,True,0,d4_orbit_holdout_v1,d4_orbit_holdout_v1,D4,True,0,28,49,fdebfc5b8a6735daa77adc9c5365409bddbf58c94f1b74c7343da84c639ef4a0,898ffe05fe1f89dfae86bd2d395e1dcec5619e4b468dd1cef3f4db89652ed1a7,b9f58ebcece0ce6055d3e62be47de2d425b08b1197b3b3006717c06706b355d0,0.0,0.0,0,none,(),5080177bfb0b19e1bdf2c632ce666ddfb4d7c99c079d28ca9950413aad67af82,0c4fabb34ac8b9127e556c700c1da20b5c8c2c4d4fcf83c8a5b917feb814ca61,f439a9ed51f57fae2f57b262021cc4415869d38f86d0bb4d2fa89db413eebdd4
C4,3,2,8,30,348,15,100,30,0.01,False,cpu,lightning.qubit,adjoint,paper,edge,0.1,False,0.0,D4,1.3410036444533668,2.384126542273898,0.9,0.5747126436781609,0.3252873563218391,60,4,symmetry,1149.517499708047,8,0,True,True,0,d4_orbit_holdout_v1,d4_orbit_holdout_v1,D4,True,0,27,49,a97b44efcb5383e51130e84ba529dcb761d95a31f02d945ff70da537edc857b5,898ffe05fe1f89dfae86bd2d395e1dcec5619e4b468dd1cef3f4db89652ed1a7,1d6ae38cf90ee615a9edd594492d5c8a9c4aad29553c8a55f9338749a9368ebd,0.0,0.0,0,none,(),5080177bfb0b19e1bdf2c632ce666ddfb4d7c99c079d28ca9950413aad67af82,0c4fabb34ac8b9127e556c700c1da20b5c8c2c4d4fcf83c8a5b917feb814ca61,f439a9ed51f57fae2f57b262021cc4415869d38f86d0bb4d2fa89db413eebdd4
C4,3,2,9,30,348,15,100,30,0.01,False,cpu,lightning.qubit,adjoint,paper,edge,0.1,False,0.0,D4,1.2378278041385826,2.2676693064779405,0.8333333333333334,0.6206896551724138,0.2126436781609195,60,4,symmetry,1158.6544066669885,9,0,True,True,0,d4_orbit_holdout_v1,d4_orbit_holdout_v1,D4,True,0,27,49,b8a15bf853782073a1c3ba0e96b4d587716503a9817656309e9007071d4c24ab,898ffe05fe1f89dfae86bd2d395e1dcec5619e4b468dd1cef3f4db89652ed1a7,7326e9db009aaac7f4f40807b93226b7b081ea82633a5e4b0556c10b3b367cb5,0.0,0.0,0,none,(),5080177bfb0b19e1bdf2c632ce666ddfb4d7c99c079d28ca9950413aad67af82,0c4fabb34ac8b9127e556c700c1da20b5c8c2c4d4fcf83c8a5b917feb814ca61,f439a9ed51f57fae2f57b262021cc4415869d38f86d0bb4d2fa89db413eebdd4
C4,3,2,0,60,348,15,100,30,0.01,False,cpu,lightning.qubit,adjoint,paper,edge,0.1,False,0.0,D4,1.8198412878361232,2.312423704655187,0.7,0.5517241379310345,0.1482758620689654,60,4,symmetry,1320.0220816250076,0,0,True,True,0,d4_orbit_holdout_v1,d4_orbit_holdout_v1,D4,True,0,54,49,7f0c8ffa3a6cf22f2c5d2bcbc3b1f043a7e6f45099996a781c2523fa1c5238fc,898ffe05fe1f89dfae86bd2d395e1dcec5619e4b468dd1cef3f4db89652ed1a7,3e4937a8f938376038ca7372f474fe7c343e35e95fd1ebb01de0d604a5397965,0.0,0.0,0,none,(),5080177bfb0b19e1bdf2c632ce666ddfb4d7c99c079d28ca9950413aad67af82,0c4fabb34ac8b9127e556c700c1da20b5c8c2c4d4fcf83c8a5b917feb814ca61,f439a9ed51f57fae2f57b262021cc4415869d38f86d0bb4d2fa89db413eebdd4
C4,3,2,1,60,348,15,100,30,0.01,False,cpu,lightning.qubit,adjoint,paper,edge,0.1,False,0.0,D4,1.7607434112373537,2.275608437399038,0.8666666666666667,0.6781609195402298,0.1885057471264368,60,4,symmetry,1256.7328124999767,1,0,True,True,0,d4_orbit_holdout_v1,d4_orbit_holdout_v1,D4,True,0,49,49,b15f52cc9246bbcde840b05518e2e3e1f9dce7ebffab5ccac72acb847b1abc9e,898ffe05fe1f89dfae86bd2d395e1dcec5619e4b468dd1cef3f4db89652ed1a7,2cf7c699fb01152e48196977e2c3aaf996aff9c0ff667a32ed2063b4e552449e,0.0,0.0,0,none,(),5080177bfb0b19e1bdf2c632ce666ddfb4d7c99c079d28ca9950413aad67af82,0c4fabb34ac8b9127e556c700c1da20b5c8c2c4d4fcf83c8a5b917feb814ca61,f439a9ed51f57fae2f57b262021cc4415869d38f86d0bb4d2fa89db413eebdd4
C4,3,2,2,60,348,15,100,30,0.01,False,cpu,lightning.qubit,adjoint,paper,edge,0.1,False,0.0,D4,1.5030573598718964,2.2304122708447696,0.8333333333333334,0.5747126436781609,0.2586206896551725,60,4,symmetry,1417.437990958977,2,0,True,True,0,d4_orbit_holdout_v1,d4_orbit_holdout_v1,D4,True,0,51,49,3e10f5e740c3e1fc60bed7b14008fc76d3a7070251b9aafc4d1c9ff42963b675,898ffe05fe1f89dfae86bd2d395e1dcec5619e4b468dd1cef3f4db89652ed1a7,5e80089d322e2e32e8df328353338fa008283708087997f172d6054f6fb1dded,0.0,0.0,0,none,(),5080177bfb0b19e1bdf2c632ce666ddfb4d7c99c079d28ca9950413aad67af82,0c4fabb34ac8b9127e556c700c1da20b5c8c2c4d4fcf83c8a5b917feb814ca61,f439a9ed51f57fae2f57b262021cc4415869d38f86d0bb4d2fa89db413eebdd4
C4,3,2,3,60,348,15,100,30,0.01,False,cpu,lightning.qubit,adjoint,paper,edge,0.1,False,0.0,D4,1.8977819270120453,2.215350023198626,0.6833333333333333,0.632183908045977,0.0511494252873563,60,4,symmetry,1403.1395643749856,3,0,True,True,0,d4_orbit_holdout_v1,d4_orbit_holdout_v1,D4,True,0,53,49,0f338d0769d2901b58b6f7281275a333e9a2bbb1041cf314538a0138b68ff34d,898ffe05fe1f89dfae86bd2d395e1dcec5619e4b468dd1cef3f4db89652ed1a7,f8890153c6da5146e37eea9bd6157fa215a103a75f18cc6dadb24c9ef7f56304,0.0,0.0,0,none,(),5080177bfb0b19e1bdf2c632ce666ddfb4d7c99c079d28ca9950413aad67af82,0c4fabb34ac8b9127e556c700c1da20b5c8c2c4d4fcf83c8a5b917feb814ca61,f439a9ed51f57fae2f57b262021cc4415869d38f86d0bb4d2fa89db413eebdd4
C4,3,2,4,60,348,15,100,30,0.01,False,cpu,lightning.qubit,adjoint,paper,edge,0.1,False,0.0,D4,1.3635759051725258,2.377622191082925,0.85,0.5057471264367817,0.3442528735632183,60,4,symmetry,1226.7499024170102,4,0,True,True,0,d4_orbit_holdout_v1,d4_orbit_holdout_v1,D4,True,0,52,49,dd89f4d3b1611f7595349dba9e78af0aabe848eba19cfd3dd015b8428e3c6576,898ffe05fe1f89dfae86bd2d395e1dcec5619e4b468dd1cef3f4db89652ed1a7,2408b56d9f335509e74ad1616e5177627e5c7cd5828612ad534f45a35a834da6,0.0,0.0,0,none,(),5080177bfb0b19e1bdf2c632ce666ddfb4d7c99c079d28ca9950413aad67af82,0c4fabb34ac8b9127e556c700c1da20b5c8c2c4d4fcf83c8a5b917feb814ca61,f439a9ed51f57fae2f57b262021cc4415869d38f86d0bb4d2fa89db413eebdd4
C4,3,2,5,60,348,15,100,30,0.01,False,cpu,lightning.qubit,adjoint,paper,edge,0.1,False,0.0,D4,1.6279791198792344,2.067717037713074,0.7666666666666667,0.6781609195402298,0.0885057471264368,60,4,symmetry,1486.176805916999,5,0,True,True,0,d4_orbit_holdout_v1,d4_orbit_holdout_v1,D4,True,0,54,49,bd2aa93f70526e37917a32782e0539a410e547269294843dcc57f34ef1b615cf,898ffe05fe1f89dfae86bd2d395e1dcec5619e4b468dd1cef3f4db89652ed1a7,38af9789f7faf10930fc9293e4f070155f8776178331e52e21355219660a1693,0.0,0.0,0,none,(),5080177bfb0b19e1bdf2c632ce666ddfb4d7c99c079d28ca9950413aad67af82,0c4fabb34ac8b9127e556c700c1da20b5c8c2c4d4fcf83c8a5b917feb814ca61,f439a9ed51f57fae2f57b262021cc4415869d38f86d0bb4d2fa89db413eebdd4
C4,3,2,6,60,348,15,100,30,0.01,False,cpu,lightning.qubit,adjoint,paper,edge,0.1,False,0.0,D4,1.8394796872633985,2.1337080004580455,0.7833333333333333,0.632183908045977,0.1511494252873563,60,4,symmetry,1485.837223167007,6,0,True,True,0,d4_orbit_holdout_v1,d4_orbit_holdout_v1,D4,True,0,55,49,3d6bd0d16427e89b63d82c35b271408a0fc35b584967205d0e2621a0623ae23d,898ffe05fe1f89dfae86bd2d395e1dcec5619e4b468dd1cef3f4db89652ed1a7,5350458d2807997896cc1a26d1f80f6a7ca215ce8f89e6926757acfad399bf29,0.0,0.0,0,none,(),5080177bfb0b19e1bdf2c632ce666ddfb4d7c99c079d28ca9950413aad67af82,0c4fabb34ac8b9127e556c700c1da20b5c8c2c4d4fcf83c8a5b917feb814ca61,f439a9ed51f57fae2f57b262021cc4415869d38f86d0bb4d2fa89db413eebdd4
C4,3,2,7,60,348,15,100,30,0.01,False,cpu,lightning.qubit,adjoint,paper,edge,0.1,False,0.0,D4,1.7205873285346864,2.30401329890407,0.8333333333333334,0.632183908045977,0.2011494252873563,60,4,symmetry,1432.3238569999812,7,0,True,True,0,d4_orbit_holdout_v1,d4_orbit_holdout_v1,D4,True,0,52,49,7913d1b81966957fc454d840fd2d104a9889a68fd43027436da50e67f84b4281,898ffe05fe1f89dfae86bd2d395e1dcec5619e4b468dd1cef3f4db89652ed1a7,6343d41d5a3117648f141b20ba8fcdab43f96977d12feb05c81bf0ab33c205fb,0.0,0.0,0,none,(),5080177bfb0b19e1bdf2c632ce666ddfb4d7c99c079d28ca9950413aad67af82,0c4fabb34ac8b9127e556c700c1da20b5c8c2c4d4fcf83c8a5b917feb814ca61,f439a9ed51f57fae2f57b262021cc4415869d38f86d0bb4d2fa89db413eebdd4
C4,3,2,8,60,348,15,100,30,0.01,False,cpu,lightning.qubit,adjoint,paper,edge,0.1,False,0.0,D4,1.743530986036564,2.336035047457685,0.8166666666666667,0.5402298850574713,0.2764367816091954,60,4,symmetry,1440.9541633329936,8,0,True,True,0,d4_orbit_holdout_v1,d4_orbit_holdout_v1,D4,True,0,55,49,6ea8f5333d068b8bb08318ee2433377392ec9bc278c434b8c0241f950f47e22f,898ffe05fe1f89dfae86bd2d395e1dcec5619e4b468dd1cef3f4db89652ed1a7,4bfae1d428798c7edf5ac12b7e27945edc545a5ada4d9e7b39977e3a39fcf369,0.0,0.0,0,none,(),5080177bfb0b19e1bdf2c632ce666ddfb4d7c99c079d28ca9950413aad67af82,0c4fabb34ac8b9127e556c700c1da20b5c8c2c4d4fcf83c8a5b917feb814ca61,f439a9ed51f57fae2f57b262021cc4415869d38f86d0bb4d2fa89db413eebdd4
C4,3,2,9,60,348,15,100,30,0.01,False,cpu,lightning.qubit,adjoint,paper,edge,0.1,False,0.0,D4,1.8196932123780023,2.154144490310459,0.7833333333333333,0.5977011494252874,0.1856321839080459,60,4,symmetry,1484.151589999965,9,0,True,True,0,d4_orbit_holdout_v1,d4_orbit_holdout_v1,D4,True,0,53,49,5664aa4ea41fe79fa8d94f4c5b16821970822c428db2e331730bc11bb3f6651f,898ffe05fe1f89dfae86bd2d395e1dcec5619e4b468dd1cef3f4db89652ed1a7,e80b6a67ed48518c6f9316bfe0df54416a3e603e07bf178f784a6d9fa1519b8e,0.0,0.0,0,none,(),5080177bfb0b19e1bdf2c632ce666ddfb4d7c99c079d28ca9950413aad67af82,0c4fabb34ac8b9127e556c700c1da20b5c8c2c4d4fcf83c8a5b917feb814ca61,f439a9ed51f57fae2f57b262021cc4415869d38f86d0bb4d2fa89db413eebdd4
C4,3,2,0,120,348,15,100,30,0.01,False,cpu,lightning.qubit,adjoint,paper,edge,0.1,False,0.0,D4,1.9458023901015136,2.206028323043791,0.775,0.5862068965517241,0.1887931034482759,60,4,symmetry,1206.5201557499822,0,0,True,True,0,d4_orbit_holdout_v1,d4_orbit_holdout_v1,D4,True,0,94,49,aa9ca803b030705a7cca3e3cc023ecc2ad129ddca70f13c4269ba3c91e253901,898ffe05fe1f89dfae86bd2d395e1dcec5619e4b468dd1cef3f4db89652ed1a7,e1b51f896af5d7fb7fde1711fbb346495419096f71937d3b067dbe77e4e09eee,0.0,0.0,0,none,(),5080177bfb0b19e1bdf2c632ce666ddfb4d7c99c079d28ca9950413aad67af82,0c4fabb34ac8b9127e556c700c1da20b5c8c2c4d4fcf83c8a5b917feb814ca61,f439a9ed51f57fae2f57b262021cc4415869d38f86d0bb4d2fa89db413eebdd4
C4,3,2,1,120,348,15,100,30,0.01,False,cpu,lightning.qubit,adjoint,paper,edge,0.1,False,0.0,D4,1.9512062508974732,2.206012609183135,0.7416666666666667,0.6896551724137931,0.0520114942528735,60,4,symmetry,1249.1269816249842,1,0,True,True,0,d4_orbit_holdout_v1,d4_orbit_holdout_v1,D4,True,0,89,49,348c94e0c602b46df772691fb16bd3d09d7efa7b55e4957c5dba5d9b21a7b341,898ffe05fe1f89dfae86bd2d395e1dcec5619e4b468dd1cef3f4db89652ed1a7,d0dd67a7aaa1de987b52082d78a9f3637bb9b412119726b6d9aea44dd9318c95,0.0,0.0,0,none,(),5080177bfb0b19e1bdf2c632ce666ddfb4d7c99c079d28ca9950413aad67af82,0c4fabb34ac8b9127e556c700c1da20b5c8c2c4d4fcf83c8a5b917feb814ca61,f439a9ed51f57fae2f57b262021cc4415869d38f86d0bb4d2fa89db413eebdd4
C4,3,2,2,120,348,15,100,30,0.01,False,cpu,lightning.qubit,adjoint,paper,edge,0.1,False,0.0,D4,1.842694037685103,2.0339872690604004,0.7833333333333333,0.6896551724137931,0.0936781609195401,60,4,symmetry,1231.107916833018,2,0,True,True,0,d4_orbit_holdout_v1,d4_orbit_holdout_v1,D4,True,0,93,49,585673268215e67b4791fb1d5ff75319099947474366c4072c67c363bb1d5a9b,898ffe05fe1f89dfae86bd2d395e1dcec5619e4b468dd1cef3f4db89652ed1a7,296c83d7a7f92e0eb5a4b1bd86944188f10aa254a951e3b53526d77bee1dd725,0.0,0.0,0,none,(),5080177bfb0b19e1bdf2c632ce666ddfb4d7c99c079d28ca9950413aad67af82,0c4fabb34ac8b9127e556c700c1da20b5c8c2c4d4fcf83c8a5b917feb814ca61,f439a9ed51f57fae2f57b262021cc4415869d38f86d0bb4d2fa89db413eebdd4
C4,3,2,3,120,348,15,100,30,0.01,False,cpu,lightning.qubit,adjoint,paper,edge,0.1,False,0.0,D4,1.9189204208375936,2.29661042359344,0.7666666666666667,0.5977011494252874,0.1689655172413793,60,4,symmetry,1228.64052812499,3,0,True,True,0,d4_orbit_holdout_v1,d4_orbit_holdout_v1,D4,True,0,89,49,e7f9226a35a986d30d70e3b1ade00a758e4aff1044820b5b299c51fe9175ea9d,898ffe05fe1f89dfae86bd2d395e1dcec5619e4b468dd1cef3f4db89652ed1a7,63c2c4d1b4364a4d8088d1fa5452e3f56f6700d2c1edd7f25d2b899fe62517f0,0.0,0.0,0,none,(),5080177bfb0b19e1bdf2c632ce666ddfb4d7c99c079d28ca9950413aad67af82,0c4fabb34ac8b9127e556c700c1da20b5c8c2c4d4fcf83c8a5b917feb814ca61,f439a9ed51f57fae2f57b262021cc4415869d38f86d0bb4d2fa89db413eebdd4
C4,3,2,4,120,348,15,100,30,0.01,False,cpu,lightning.qubit,adjoint,paper,edge,0.1,False,0.0,D4,1.6813089251202,2.128182213901423,0.825,0.5977011494252874,0.2272988505747125,60,4,symmetry,1266.4673210830078,4,0,True,True,0,d4_orbit_holdout_v1,d4_orbit_holdout_v1,D4,True,0,95,49,9f6eba2ac122de0c87ca5f5bae1bc9f25c60553479bc8096d9458ceac0bf57f3,898ffe05fe1f89dfae86bd2d395e1dcec5619e4b468dd1cef3f4db89652ed1a7,a6871ee58e365fbf389459da739117968fa6d5c1ea6ac5b764c2255657fa32e5,0.0,0.0,0,none,(),5080177bfb0b19e1bdf2c632ce666ddfb4d7c99c079d28ca9950413aad67af82,0c4fabb34ac8b9127e556c700c1da20b5c8c2c4d4fcf83c8a5b917feb814ca61,f439a9ed51f57fae2f57b262021cc4415869d38f86d0bb4d2fa89db413eebdd4
C4,3,2,5,120,348,15,100,30,0.01,False,cpu,lightning.qubit,adjoint,paper,edge,0.1,False,0.0,D4,1.8309956505844205,2.076013208244542,0.775,0.5977011494252874,0.1772988505747126,60,4,symmetry,1226.6679130000412,5,0,True,True,0,d4_orbit_holdout_v1,d4_orbit_holdout_v1,D4,True,0,95,49,3adf81a214fcd77b7d308e12147eaa54449693b844ec78ffcfde40d82904f1f5,898ffe05fe1f89dfae86bd2d395e1dcec5619e4b468dd1cef3f4db89652ed1a7,686fa309cd78b1fcf4c2fcf48542ef9a83fca5641ad8cd825509aa6f22d32508,0.0,0.0,0,none,(),5080177bfb0b19e1bdf2c632ce666ddfb4d7c99c079d28ca9950413aad67af82,0c4fabb34ac8b9127e556c700c1da20b5c8c2c4d4fcf83c8a5b917feb814ca61,f439a9ed51f57fae2f57b262021cc4415869d38f86d0bb4d2fa89db413eebdd4
C4,3,2,6,120,348,15,100,30,0.01,False,cpu,lightning.qubit,adjoint,paper,edge,0.1,False,0.0,D4,1.894194637555394,2.106675385921714,0.775,0.7011494252873564,0.0738505747126436,60,4,symmetry,1223.450691709004,6,0,True,True,0,d4_orbit_holdout_v1,d4_orbit_holdout_v1,D4,True,0,98,49,e720cb86e41fc139d9ace2bea5521e01911642d4ef6eabf43328f5c043b1de6e,898ffe05fe1f89dfae86bd2d395e1dcec5619e4b468dd1cef3f4db89652ed1a7,17ee91923e03a129e935303797c1d3500c4a9ebfd416710fd338d30225ff1a83,0.0,0.0,0,none,(),5080177bfb0b19e1bdf2c632ce666ddfb4d7c99c079d28ca9950413aad67af82,0c4fabb34ac8b9127e556c700c1da20b5c8c2c4d4fcf83c8a5b917feb814ca61,f439a9ed51f57fae2f57b262021cc4415869d38f86d0bb4d2fa89db413eebdd4
C4,3,2,7,120,348,15,100,30,0.01,False,cpu,lightning.qubit,adjoint,paper,edge,0.1,False,0.0,D4,1.8227251019792865,2.599149957365122,0.7333333333333333,0.4367816091954023,0.2965517241379309,60,4,symmetry,1214.8939500420238,7,0,True,True,0,d4_orbit_holdout_v1,d4_orbit_holdout_v1,D4,True,0,91,49,a15704f4ba7b44c68aed48d02d69890a5049f9668a5ed5009d7e3d69330b5301,898ffe05fe1f89dfae86bd2d395e1dcec5619e4b468dd1cef3f4db89652ed1a7,1447b67cfb5501f7237a0c9fe011d1361d266b39505b3dd09a34d53288234a4b,0.0,0.0,0,none,(),5080177bfb0b19e1bdf2c632ce666ddfb4d7c99c079d28ca9950413aad67af82,0c4fabb34ac8b9127e556c700c1da20b5c8c2c4d4fcf83c8a5b917feb814ca61,f439a9ed51f57fae2f57b262021cc4415869d38f86d0bb4d2fa89db413eebdd4
C4,3,2,8,120,348,15,100,30,0.01,False,cpu,lightning.qubit,adjoint,paper,edge,0.1,False,0.0,D4,1.8125272746070464,2.0424023776215177,0.8,0.7011494252873564,0.0988505747126436,60,4,symmetry,1210.6250325840083,8,0,True,True,0,d4_orbit_holdout_v1,d4_orbit_holdout_v1,D4,True,0,91,49,580eda3b1cea44649cc78e15f88de3a539ff57069af4c472c089af69840c4dc7,898ffe05fe1f89dfae86bd2d395e1dcec5619e4b468dd1cef3f4db89652ed1a7,e352d7197e6f5412ae6be5df7706da0548f858a397a1d32529fae3b2c525ccd3,0.0,0.0,0,none,(),5080177bfb0b19e1bdf2c632ce666ddfb4d7c99c079d28ca9950413aad67af82,0c4fabb34ac8b9127e556c700c1da20b5c8c2c4d4fcf83c8a5b917feb814ca61,f439a9ed51f57fae2f57b262021cc4415869d38f86d0bb4d2fa89db413eebdd4
C4,3,2,9,120,348,15,100,30,0.01,False,cpu,lightning.qubit,adjoint,paper,edge,0.1,False,0.0,D4,1.9483666142111828,2.0387284056682673,0.7083333333333334,0.6896551724137931,0.0186781609195402,60,4,symmetry,1220.1778069589636,9,0,True,True,0,d4_orbit_holdout_v1,d4_orbit_holdout_v1,D4,True,0,92,49,619ec35ae71ec71f0ab934ed36d94026155952ff99774e23688c463fe2e691b3,898ffe05fe1f89dfae86bd2d395e1dcec5619e4b468dd1cef3f4db89652ed1a7,834ae5926e487b00bbb842d00e0fb0e1486cd1ba2dec383f92ccccf96fe2e622,0.0,0.0,0,none,(),5080177bfb0b19e1bdf2c632ce666ddfb4d7c99c079d28ca9950413aad67af82,0c4fabb34ac8b9127e556c700c1da20b5c8c2c4d4fcf83c8a5b917feb814ca61,f439a9ed51f57fae2f57b262021cc4415869d38f86d0bb4d2fa89db413eebdd4
C4,3,2,0,240,348,15,100,30,0.01,False,cpu,lightning.qubit,adjoint,paper,edge,0.1,False,0.0,D4,1.9619075046229215,2.2113020902802103,0.7083333333333334,0.6206896551724138,0.0876436781609195,60,4,symmetry,1347.3588645830168,0,0,True,True,0,d4_orbit_holdout_v1,d4_orbit_holdout_v1,D4,True,0,154,49,a25c38357d6c5afdf19497fbffd749a1aeb4a2a8be0500b392933f2f2842d722,898ffe05fe1f89dfae86bd2d395e1dcec5619e4b468dd1cef3f4db89652ed1a7,914579416e955b1f6c350603da3bd42e668ba5545df619b41dfce3c406c5b966,0.0,0.0,0,none,(),5080177bfb0b19e1bdf2c632ce666ddfb4d7c99c079d28ca9950413aad67af82,0c4fabb34ac8b9127e556c700c1da20b5c8c2c4d4fcf83c8a5b917feb814ca61,f439a9ed51f57fae2f57b262021cc4415869d38f86d0bb4d2fa89db413eebdd4
C4,3,2,1,240,348,15,100,30,0.01,False,cpu,lightning.qubit,adjoint,paper,edge,0.1,False,0.0,D4,1.8480508761117176,2.0595573734482477,0.7833333333333333,0.6551724137931034,0.1281609195402299,60,4,symmetry,1310.788999915996,1,0,True,True,0,d4_orbit_holdout_v1,d4_orbit_holdout_v1,D4,True,0,153,49,7a035c72a0490cea32d5235f47f960cf4012d5568824bb4048580a6047b51654,898ffe05fe1f89dfae86bd2d395e1dcec5619e4b468dd1cef3f4db89652ed1a7,32f82728c26c02cb8d98bb72a8728c96c5c395f117d51e326a64c413d93c4b6d,0.0,0.0,0,none,(),5080177bfb0b19e1bdf2c632ce666ddfb4d7c99c079d28ca9950413aad67af82,0c4fabb34ac8b9127e556c700c1da20b5c8c2c4d4fcf83c8a5b917feb814ca61,f439a9ed51f57fae2f57b262021cc4415869d38f86d0bb4d2fa89db413eebdd4
C4,3,2,2,240,348,15,100,30,0.01,False,cpu,lightning.qubit,adjoint,paper,edge,0.1,False,0.0,D4,1.925384368106192,2.13641502320963,0.7625,0.6551724137931034,0.1073275862068965,60,4,symmetry,1410.0184172079898,2,0,True,True,0,d4_orbit_holdout_v1,d4_orbit_holdout_v1,D4,True,0,152,49,6ae2b9cabf6c499004c3933f54f9064020a5eeb4ae9e3eab9eeba0ebe08c5b83,898ffe05fe1f89dfae86bd2d395e1dcec5619e4b468dd1cef3f4db89652ed1a7,fd4a44bc6c675210f27bcfe470c396d2c14f1190f75fee31a7495cd57fc37111,0.0,0.0,0,none,(),5080177bfb0b19e1bdf2c632ce666ddfb4d7c99c079d28ca9950413aad67af82,0c4fabb34ac8b9127e556c700c1da20b5c8c2c4d4fcf83c8a5b917feb814ca61,f439a9ed51f57fae2f57b262021cc4415869d38f86d0bb4d2fa89db413eebdd4
C4,3,2,3,240,348,15,100,30,0.01,False,cpu,lightning.qubit,adjoint,paper,edge,0.1,False,0.0,D4,1.9173491415162085,2.176721599087541,0.775,0.632183908045977,0.142816091954023,60,4,symmetry,1398.8371910419664,3,0,True,True,0,d4_orbit_holdout_v1,d4_orbit_holdout_v1,D4,True,0,149,49,0932a2f803b53c282511da9723511ecfd45c5dcafdea9fe7be2b0630277ababc,898ffe05fe1f89dfae86bd2d395e1dcec5619e4b468dd1cef3f4db89652ed1a7,74b852b6ea2b797b360cf6b788a15d44c6ba1290748a0a778b3bd86ad65abea3,0.0,0.0,0,none,(),5080177bfb0b19e1bdf2c632ce666ddfb4d7c99c079d28ca9950413aad67af82,0c4fabb34ac8b9127e556c700c1da20b5c8c2c4d4fcf83c8a5b917feb814ca61,f439a9ed51f57fae2f57b262021cc4415869d38f86d0bb4d2fa89db413eebdd4
C4,3,2,4,240,348,15,100,30,0.01,False,cpu,lightning.qubit,adjoint,paper,edge,0.1,False,0.0,D4,1.7521590938626097,2.1282946848307285,0.7791666666666667,0.6896551724137931,0.0895114942528735,60,4,symmetry,1290.5790760419914,4,0,True,True,0,d4_orbit_holdout_v1,d4_orbit_holdout_v1,D4,True,0,157,49,77466e55cd6da89027202e03ff7baabb4f37cedd496294227837bd2d572fa7a7,898ffe05fe1f89dfae86bd2d395e1dcec5619e4b468dd1cef3f4db89652ed1a7,490dd378965c103f7e6816e5fd840a12189fce54fac6cf6dadd945a9c7c0b856,0.0,0.0,0,none,(),5080177bfb0b19e1bdf2c632ce666ddfb4d7c99c079d28ca9950413aad67af82,0c4fabb34ac8b9127e556c700c1da20b5c8c2c4d4fcf83c8a5b917feb814ca61,f439a9ed51f57fae2f57b262021cc4415869d38f86d0bb4d2fa89db413eebdd4
C4,3,2,5,240,348,15,100,30,0.01,False,cpu,lightning.qubit,adjoint,paper,edge,0.1,False,0.0,D4,1.8567445770599036,2.0486186085716938,0.7583333333333333,0.7586206896551724,-0.000287356321839,60,4,symmetry,1401.07918208302,5,0,True,True,0,d4_orbit_holdout_v1,d4_orbit_holdout_v1,D4,True,0,156,49,a344be3f3386e32e0bda86869eace5bee48dd8db562c4b499b95bce074029eef,898ffe05fe1f89dfae86bd2d395e1dcec5619e4b468dd1cef3f4db89652ed1a7,eb3b235c76053532847a5199c0be11e4f3870fde7e3ab33f4961c22ddb88ec32,0.0,0.0,0,none,(),5080177bfb0b19e1bdf2c632ce666ddfb4d7c99c079d28ca9950413aad67af82,0c4fabb34ac8b9127e556c700c1da20b5c8c2c4d4fcf83c8a5b917feb814ca61,f439a9ed51f57fae2f57b262021cc4415869d38f86d0bb4d2fa89db413eebdd4
C4,3,2,6,240,348,15,100,30,0.01,False,cpu,lightning.qubit,adjoint,paper,edge,0.1,False,0.0,D4,1.9235366859378416,2.0298043697751025,0.775,0.735632183908046,0.039367816091954,60,4,symmetry,1365.4746588749697,6,0,True,True,0,d4_orbit_holdout_v1,d4_orbit_holdout_v1,D4,True,0,150,49,c55eb5bf78465f81d903be701693369417bcfa428cc273eacde6c495f7fda45d,898ffe05fe1f89dfae86bd2d395e1dcec5619e4b468dd1cef3f4db89652ed1a7,7f4e93a3e005917e31980a620e35d0ea81ba76989d02388658991ef09fab850c,0.0,0.0,0,none,(),5080177bfb0b19e1bdf2c632ce666ddfb4d7c99c079d28ca9950413aad67af82,0c4fabb34ac8b9127e556c700c1da20b5c8c2c4d4fcf83c8a5b917feb814ca61,f439a9ed51f57fae2f57b262021cc4415869d38f86d0bb4d2fa89db413eebdd4
C4,3,2,7,240,348,15,100,30,0.01,False,cpu,lightning.qubit,adjoint,paper,edge,0.1,False,0.0,D4,1.922232222355922,2.040117257399746,0.7541666666666667,0.6666666666666666,0.0875,60,4,symmetry,1413.0266457080145,7,0,True,True,0,d4_orbit_holdout_v1,d4_orbit_holdout_v1,D4,True,0,148,49,04a423470264e1fc0eee90f01bf77b97b2d54c99dd0bf6e58283a870a9bc1af5,898ffe05fe1f89dfae86bd2d395e1dcec5619e4b468dd1cef3f4db89652ed1a7,b88ce323afcec010c79f85ad7a7cba3ea4dbbd574df723c05e20804820be7354,0.0,0.0,0,none,(),5080177bfb0b19e1bdf2c632ce666ddfb4d7c99c079d28ca9950413aad67af82,0c4fabb34ac8b9127e556c700c1da20b5c8c2c4d4fcf83c8a5b917feb814ca61,f439a9ed51f57fae2f57b262021cc4415869d38f86d0bb4d2fa89db413eebdd4
C4,3,2,8,240,348,15,100,30,0.01,False,cpu,lightning.qubit,adjoint,paper,edge,0.1,False,0.0,D4,1.962585710500358,2.1852922146116653,0.7125,0.6436781609195402,0.0688218390804598,60,4,symmetry,1410.6596250410075,8,0,True,True,0,d4_orbit_holdout_v1,d4_orbit_holdout_v1,D4,True,0,150,49,171c22e75fc5155734702cfcf541159fc52338fe134785a28534ec0f1362af38,898ffe05fe1f89dfae86bd2d395e1dcec5619e4b468dd1cef3f4db89652ed1a7,e14565dc5ccfdc4c59186735aa7e0eaa7859bb5dda1f546b3eb9e4be00a7f826,0.0,0.0,0,none,(),5080177bfb0b19e1bdf2c632ce666ddfb4d7c99c079d28ca9950413aad67af82,0c4fabb34ac8b9127e556c700c1da20b5c8c2c4d4fcf83c8a5b917feb814ca61,f439a9ed51f57fae2f57b262021cc4415869d38f86d0bb4d2fa89db413eebdd4
C4,3,2,9,240,348,15,100,30,0.01,False,cpu,lightning.qubit,adjoint,paper,edge,0.1,False,0.0,D4,1.989334895429572,2.0516446491045235,0.7208333333333333,0.7126436781609196,0.0081896551724137,60,4,symmetry,1360.5106689580134,9,0,True,True,0,d4_orbit_holdout_v1,d4_orbit_holdout_v1,D4,True,0,157,49,9a0e9b3ccf001585c319639337ecaaf099361b26af31877c3bf1e8c1f69527c1,898ffe05fe1f89dfae86bd2d395e1dcec5619e4b468dd1cef3f4db89652ed1a7,9c04b2c859ca9f2a1a99f694f3ee0ddaae5bede4759c340e57c965906c863f5a,0.0,0.0,0,none,(),5080177bfb0b19e1bdf2c632ce666ddfb4d7c99c079d28ca9950413aad67af82,0c4fabb34ac8b9127e556c700c1da20b5c8c2c4d4fcf83c8a5b917feb814ca61,f439a9ed51f57fae2f57b262021cc4415869d38f86d0bb4d2fa89db413eebdd4
C4,3,2,0,450,348,15,100,30,0.01,False,cpu,lightning.qubit,adjoint,paper,edge,0.1,False,0.0,D4,2.009671929082567,2.312918563551964,0.68,0.5632183908045977,0.1167816091954023,60,4,symmetry,1372.6926054590149,0,0,True,True,0,d4_orbit_holdout_v1,d4_orbit_holdout_v1,D4,True,0,226,49,f1397bc570062daae495b6aadb90f79049b648d027728c7a49b1ca0c775823b9,898ffe05fe1f89dfae86bd2d395e1dcec5619e4b468dd1cef3f4db89652ed1a7,de5e6905b732dda763592549b10c872a142ee5f7abd703e1f002d99052f4b6b1,0.0,0.0,0,none,(),5080177bfb0b19e1bdf2c632ce666ddfb4d7c99c079d28ca9950413aad67af82,0c4fabb34ac8b9127e556c700c1da20b5c8c2c4d4fcf83c8a5b917feb814ca61,f439a9ed51f57fae2f57b262021cc4415869d38f86d0bb4d2fa89db413eebdd4
C4,3,2,1,450,348,15,100,30,0.01,False,cpu,lightning.qubit,adjoint,paper,edge,0.1,False,0.0,D4,1.959142086513899,2.136226231311846,0.7044444444444444,0.6436781609195402,0.0607662835249042,60,4,symmetry,1399.3171485000055,1,0,True,True,0,d4_orbit_holdout_v1,d4_orbit_holdout_v1,D4,True,0,228,49,18d1a933dd0e5239b028a941c92e013673a8d45d2f02802dac7283035cf67b83,898ffe05fe1f89dfae86bd2d395e1dcec5619e4b468dd1cef3f4db89652ed1a7,04a6354a00641d752edf2e9ac853fd031bc2d669f15da74e1a248f00bbd87b0c,0.0,0.0,0,none,(),5080177bfb0b19e1bdf2c632ce666ddfb4d7c99c079d28ca9950413aad67af82,0c4fabb34ac8b9127e556c700c1da20b5c8c2c4d4fcf83c8a5b917feb814ca61,f439a9ed51f57fae2f57b262021cc4415869d38f86d0bb4d2fa89db413eebdd4
C4,3,2,2,450,348,15,100,30,0.01,False,cpu,lightning.qubit,adjoint,paper,edge,0.1,False,0.0,D4,1.9974153253313975,2.0798200815350123,0.7444444444444445,0.7241379310344828,0.0203065134099617,60,4,symmetry,1401.519218125031,2,0,True,True,0,d4_orbit_holdout_v1,d4_orbit_holdout_v1,D4,True,0,229,49,b173370472fc253d6e1cff6bf6a404b7bf82c20c111939cdef36ee1db0fdb4c9,898ffe05fe1f89dfae86bd2d395e1dcec5619e4b468dd1cef3f4db89652ed1a7,d6b2e82383286d26db34de3fe536b206c62d3bdd0bc38645f616c2fe2967f1aa,0.0,0.0,0,none,(),5080177bfb0b19e1bdf2c632ce666ddfb4d7c99c079d28ca9950413aad67af82,0c4fabb34ac8b9127e556c700c1da20b5c8c2c4d4fcf83c8a5b917feb814ca61,f439a9ed51f57fae2f57b262021cc4415869d38f86d0bb4d2fa89db413eebdd4
C4,3,2,3,450,348,15,100,30,0.01,False,cpu,lightning.qubit,adjoint,paper,edge,0.1,False,0.0,D4,1.9729866228805817,2.2133823308006777,0.7044444444444444,0.5977011494252874,0.106743295019157,60,4,symmetry,1404.0301681249985,3,0,True,True,0,d4_orbit_holdout_v1,d4_orbit_holdout_v1,D4,True,0,223,49,23254f826010e1f05a505e3a7bc8760eafa2be3851d98438bd328048b73d5e51,898ffe05fe1f89dfae86bd2d395e1dcec5619e4b468dd1cef3f4db89652ed1a7,b69b51193beec9e7e397e02309654d37a9d98e50f65ee9f0f003739f25d4e837,0.0,0.0,0,none,(),5080177bfb0b19e1bdf2c632ce666ddfb4d7c99c079d28ca9950413aad67af82,0c4fabb34ac8b9127e556c700c1da20b5c8c2c4d4fcf83c8a5b917feb814ca61,f439a9ed51f57fae2f57b262021cc4415869d38f86d0bb4d2fa89db413eebdd4
C4,3,2,4,450,348,15,100,30,0.01,False,cpu,lightning.qubit,adjoint,paper,edge,0.1,False,0.0,D4,1.9425257174281256,2.1598357549256804,0.7066666666666667,0.6896551724137931,0.0170114942528735,60,4,symmetry,1397.4807170410058,4,0,True,True,0,d4_orbit_holdout_v1,d4_orbit_holdout_v1,D4,True,0,233,49,2fe5e1a879534b991a638ec38cb4a2205eb385f7b5095e47ea71d17b3b9160d0,898ffe05fe1f89dfae86bd2d395e1dcec5619e4b468dd1cef3f4db89652ed1a7,9a82eb817e755f7a0e79113b591c8992636cb4889a30f9ba76999401c5f9fa93,0.0,0.0,0,none,(),5080177bfb0b19e1bdf2c632ce666ddfb4d7c99c079d28ca9950413aad67af82,0c4fabb34ac8b9127e556c700c1da20b5c8c2c4d4fcf83c8a5b917feb814ca61,f439a9ed51f57fae2f57b262021cc4415869d38f86d0bb4d2fa89db413eebdd4
C4,3,2,5,450,348,15,100,30,0.01,False,cpu,lightning.qubit,adjoint,paper,edge,0.1,False,0.0,D4,1.887011897852471,1.9634984423401616,0.7488888888888889,0.8045977011494253,-0.0557088122605363,60,4,symmetry,1316.4849485410375,5,0,True,True,0,d4_orbit_holdout_v1,d4_orbit_holdout_v1,D4,True,0,225,49,cc8a2b591b4ee35f4feb90e5ab75aa21968f28ed0bd0dd865657e6f7438c1309,898ffe05fe1f89dfae86bd2d395e1dcec5619e4b468dd1cef3f4db89652ed1a7,8340097c442d3ae98780c4cd19e283985f58408262e8b98f685b79bc09c56a87,0.0,0.0,0,none,(),5080177bfb0b19e1bdf2c632ce666ddfb4d7c99c079d28ca9950413aad67af82,0c4fabb34ac8b9127e556c700c1da20b5c8c2c4d4fcf83c8a5b917feb814ca61,f439a9ed51f57fae2f57b262021cc4415869d38f86d0bb4d2fa89db413eebdd4
C4,3,2,6,450,348,15,100,30,0.01,False,cpu,lightning.qubit,adjoint,paper,edge,0.1,False,0.0,D4,1.906200478237048,1.957492431510235,0.7711111111111111,0.7701149425287356,0.0009961685823755,60,4,symmetry,1333.3855131249877,6,0,True,True,0,d4_orbit_holdout_v1,d4_orbit_holdout_v1,D4,True,0,226,49,9bc3b31b9f94d53e2801e858a4c3985d9f4b4248f05760948a9642048664ec80,898ffe05fe1f89dfae86bd2d395e1dcec5619e4b468dd1cef3f4db89652ed1a7,b4a042c72cd92a940d7e8b0b4816296c49552aba8bc3a92fcbad4535737f302a,0.0,0.0,0,none,(),5080177bfb0b19e1bdf2c632ce666ddfb4d7c99c079d28ca9950413aad67af82,0c4fabb34ac8b9127e556c700c1da20b5c8c2c4d4fcf83c8a5b917feb814ca61,f439a9ed51f57fae2f57b262021cc4415869d38f86d0bb4d2fa89db413eebdd4
C4,3,2,7,450,348,15,100,30,0.01,False,cpu,lightning.qubit,adjoint,paper,edge,0.1,False,0.0,D4,1.9493313018791885,2.0667306365948326,0.7177777777777777,0.7011494252873564,0.0166283524904213,60,4,symmetry,1269.486762082961,7,0,True,True,0,d4_orbit_holdout_v1,d4_orbit_holdout_v1,D4,True,0,220,49,e59b993603f46c0c8ef00b8238b4af35a6ad5c327d3f84700cf93cc84364dc2d,898ffe05fe1f89dfae86bd2d395e1dcec5619e4b468dd1cef3f4db89652ed1a7,1bfd8b03cb135a01a564f5f9a7aba100cf20081ee6cadd9953cf3a266fdadc84,0.0,0.0,0,none,(),5080177bfb0b19e1bdf2c632ce666ddfb4d7c99c079d28ca9950413aad67af82,0c4fabb34ac8b9127e556c700c1da20b5c8c2c4d4fcf83c8a5b917feb814ca61,f439a9ed51f57fae2f57b262021cc4415869d38f86d0bb4d2fa89db413eebdd4
C4,3,2,8,450,348,15,100,30,0.01,False,cpu,lightning.qubit,adjoint,paper,edge,0.1,False,0.0,D4,1.9784310436586907,2.046330099301656,0.7266666666666667,0.6781609195402298,0.0485057471264368,60,4,symmetry,1266.113670874969,8,0,True,True,0,d4_orbit_holdout_v1,d4_orbit_holdout_v1,D4,True,0,221,49,3372b2fb3a18ed032d1e6a8c25ef6f8a7cc331bddb0a7aebfd9897c15ef92903,898ffe05fe1f89dfae86bd2d395e1dcec5619e4b468dd1cef3f4db89652ed1a7,fe2a6480671f6da3083312a45e9122069ec6cdc7dda580fec8287a2853cc8f51,0.0,0.0,0,none,(),5080177bfb0b19e1bdf2c632ce666ddfb4d7c99c079d28ca9950413aad67af82,0c4fabb34ac8b9127e556c700c1da20b5c8c2c4d4fcf83c8a5b917feb814ca61,f439a9ed51f57fae2f57b262021cc4415869d38f86d0bb4d2fa89db413eebdd4
C4,3,2,9,450,348,15,100,30,0.01,False,cpu,lightning.qubit,adjoint,paper,edge,0.1,False,0.0,D4,1.9715619500161048,2.0068078613080576,0.7133333333333334,0.6896551724137931,0.0236781609195402,60,4,symmetry,1341.1409331670147,9,0,True,True,0,d4_orbit_holdout_v1,d4_orbit_holdout_v1,D4,True,0,225,49,b53d4b61ecce843683f650bcf1a1d5e86b087793630cdbed59c0a9cda061c796,898ffe05fe1f89dfae86bd2d395e1dcec5619e4b468dd1cef3f4db89652ed1a7,457fa09c7bc53ddd760f859a1e1cdb67a65ec0b45b1c3d750e4e1657edd1ff0e,0.0,0.0,0,none,(),5080177bfb0b19e1bdf2c632ce666ddfb4d7c99c079d28ca9950413aad67af82,0c4fabb34ac8b9127e556c700c1da20b5c8c2c4d4fcf83c8a5b917feb814ca61,f439a9ed51f57fae2f57b262021cc4415869d38f86d0bb4d2fa89db413eebdd4
C4,3,2,0,600,348,15,100,30,0.01,False,cpu,lightning.qubit,adjoint,paper,edge,0.1,False,0.0,D4,2.0004671032390284,2.1125658382011254,0.685,0.6436781609195402,0.0413218390804598,60,4,symmetry,1298.1130539160222,0,0,True,True,0,d4_orbit_holdout_v1,d4_orbit_holdout_v1,D4,True,0,264,49,dc5d69f90befaaac45ab97941593e084ce14a5aba58b199edc6ed232514cb4b2,898ffe05fe1f89dfae86bd2d395e1dcec5619e4b468dd1cef3f4db89652ed1a7,539bcdd33972921a9ca9fa6af1e4c2bf16bd64df08697fa6f63ddaab0da4f5c1,0.0,0.0,0,none,(),5080177bfb0b19e1bdf2c632ce666ddfb4d7c99c079d28ca9950413aad67af82,0c4fabb34ac8b9127e556c700c1da20b5c8c2c4d4fcf83c8a5b917feb814ca61,f439a9ed51f57fae2f57b262021cc4415869d38f86d0bb4d2fa89db413eebdd4
C4,3,2,1,600,348,15,100,30,0.01,False,cpu,lightning.qubit,adjoint,paper,edge,0.1,False,0.0,D4,1.9310460987903235,2.0695425015981113,0.755,0.7241379310344828,0.0308620689655172,60,4,symmetry,1294.681983708986,1,0,True,True,0,d4_orbit_holdout_v1,d4_orbit_holdout_v1,D4,True,0,266,49,502eea996526fedc78321f300a0b61959995d8817760f909360619ea6a7667be,898ffe05fe1f89dfae86bd2d395e1dcec5619e4b468dd1cef3f4db89652ed1a7,784c5fe0f242bd63c5ad1ea12cf6490f72ab6a8480666fb4c08f2677beadc81e,0.0,0.0,0,none,(),5080177bfb0b19e1bdf2c632ce666ddfb4d7c99c079d28ca9950413aad67af82,0c4fabb34ac8b9127e556c700c1da20b5c8c2c4d4fcf83c8a5b917feb814ca61,f439a9ed51f57fae2f57b262021cc4415869d38f86d0bb4d2fa89db413eebdd4
C4,3,2,2,600,348,15,100,30,0.01,False,cpu,lightning.qubit,adjoint,paper,edge,0.1,False,0.0,D4,1.9754912174189652,2.120821760708356,0.7633333333333333,0.7011494252873564,0.0621839080459769,60,4,symmetry,1307.7654290829669,2,0,True,True,0,d4_orbit_holdout_v1,d4_orbit_holdout_v1,D4,True,0,269,49,f9ef66ed8c54beeeab8d30e8c978294086c0bc03d8089bdb0086cc397e19d97b,898ffe05fe1f89dfae86bd2d395e1dcec5619e4b468dd1cef3f4db89652ed1a7,1d49a8470be0d005a3fdbf85fced0419b16c60e88b7a367b16eacec8e9002abf,0.0,0.0,0,none,(),5080177bfb0b19e1bdf2c632ce666ddfb4d7c99c079d28ca9950413aad67af82,0c4fabb34ac8b9127e556c700c1da20b5c8c2c4d4fcf83c8a5b917feb814ca61,f439a9ed51f57fae2f57b262021cc4415869d38f86d0bb4d2fa89db413eebdd4
C4,3,2,3,600,348,15,100,30,0.01,False,cpu,lightning.qubit,adjoint,paper,edge,0.1,False,0.0,D4,1.9244520832900005,2.136138356397773,0.7716666666666666,0.7126436781609196,0.059022988505747,60,4,symmetry,1305.3807882079857,3,0,True,True,0,d4_orbit_holdout_v1,d4_orbit_holdout_v1,D4,True,0,263,49,1a1ba5d100dfa02c205519e367e26c4c26b20e73ecab52b7c845c238b1313513,898ffe05fe1f89dfae86bd2d395e1dcec5619e4b468dd1cef3f4db89652ed1a7,553fb5f1d8e2f96e6941c8974209ced372531f8387994ea8ff669b79551a87ec,0.0,0.0,0,none,(),5080177bfb0b19e1bdf2c632ce666ddfb4d7c99c079d28ca9950413aad67af82,0c4fabb34ac8b9127e556c700c1da20b5c8c2c4d4fcf83c8a5b917feb814ca61,f439a9ed51f57fae2f57b262021cc4415869d38f86d0bb4d2fa89db413eebdd4
C4,3,2,4,600,348,15,100,30,0.01,False,cpu,lightning.qubit,adjoint,paper,edge,0.1,False,0.0,D4,1.9879654763624717,2.0915316441391587,0.7016666666666667,0.6896551724137931,0.0120114942528735,60,4,symmetry,1290.8309822080191,4,0,True,True,0,d4_orbit_holdout_v1,d4_orbit_holdout_v1,D4,True,0,272,49,8de29e6cca1e5a9b645400356bb2c0d838066bc7dddf603da0de0e9b9cb613c7,898ffe05fe1f89dfae86bd2d395e1dcec5619e4b468dd1cef3f4db89652ed1a7,ecd54a3b63ae340a5031159d735f8a1f57d301d7fd14f3cacac746b4584efb8b,0.0,0.0,0,none,(),5080177bfb0b19e1bdf2c632ce666ddfb4d7c99c079d28ca9950413aad67af82,0c4fabb34ac8b9127e556c700c1da20b5c8c2c4d4fcf83c8a5b917feb814ca61,f439a9ed51f57fae2f57b262021cc4415869d38f86d0bb4d2fa89db413eebdd4
C4,3,2,5,600,348,15,100,30,0.01,False,cpu,lightning.qubit,adjoint,paper,edge,0.1,False,0.0,D4,1.9292199440915203,1.9238405937632104,0.7383333333333333,0.8275862068965517,-0.0892528735632184,60,4,symmetry,1294.3099082079716,5,0,True,True,0,d4_orbit_holdout_v1,d4_orbit_holdout_v1,D4,True,0,266,49,2119280bef8c6be599a8fc2cdaae297d965bfc209c71b8bed17538f1176a615a,898ffe05fe1f89dfae86bd2d395e1dcec5619e4b468dd1cef3f4db89652ed1a7,549e99c7302d51d62fba17b985414fcbf17a980b9368ddb28122ac3340d85e46,0.0,0.0,0,none,(),5080177bfb0b19e1bdf2c632ce666ddfb4d7c99c079d28ca9950413aad67af82,0c4fabb34ac8b9127e556c700c1da20b5c8c2c4d4fcf83c8a5b917feb814ca61,f439a9ed51f57fae2f57b262021cc4415869d38f86d0bb4d2fa89db413eebdd4
C4,3,2,6,600,348,15,100,30,0.01,False,cpu,lightning.qubit,adjoint,paper,edge,0.1,False,0.0,D4,1.909855876560983,1.9792573642902571,0.7316666666666667,0.7126436781609196,0.0190229885057471,60,4,symmetry,1261.7791977919987,6,0,True,True,0,d4_orbit_holdout_v1,d4_orbit_holdout_v1,D4,True,0,266,49,f854b9d22b73d3baf149ed8cd897ea6993c77aa15b92a5dbf49befaf6919b01d,898ffe05fe1f89dfae86bd2d395e1dcec5619e4b468dd1cef3f4db89652ed1a7,6e2a4c7f5638223112768702818d511663d147d8d0ba80562a4abe8e5295c478,0.0,0.0,0,none,(),5080177bfb0b19e1bdf2c632ce666ddfb4d7c99c079d28ca9950413aad67af82,0c4fabb34ac8b9127e556c700c1da20b5c8c2c4d4fcf83c8a5b917feb814ca61,f439a9ed51f57fae2f57b262021cc4415869d38f86d0bb4d2fa89db413eebdd4
C4,3,2,7,600,348,15,100,30,0.01,False,cpu,lightning.qubit,adjoint,paper,edge,0.1,False,0.0,D4,1.9628119415158416,2.1064325037106126,0.6716666666666666,0.6436781609195402,0.0279885057471264,60,4,symmetry,1302.8142827500124,7,0,True,True,0,d4_orbit_holdout_v1,d4_orbit_holdout_v1,D4,True,0,262,49,2e4b5e4c0ea21848b05443dfeb749ee5e4b3712272d6f850b1d1c1c198f7b414,898ffe05fe1f89dfae86bd2d395e1dcec5619e4b468dd1cef3f4db89652ed1a7,9a6df2e338d341b2a893a3b35c6043fb5969e7317e81ff563483c2696d01ef32,0.0,0.0,0,none,(),5080177bfb0b19e1bdf2c632ce666ddfb4d7c99c079d28ca9950413aad67af82,0c4fabb34ac8b9127e556c700c1da20b5c8c2c4d4fcf83c8a5b917feb814ca61,f439a9ed51f57fae2f57b262021cc4415869d38f86d0bb4d2fa89db413eebdd4
C4,3,2,8,600,348,15,100,30,0.01,False,cpu,lightning.qubit,adjoint,paper,edge,0.1,False,0.0,D4,1.988423190642665,2.0712121006833315,0.6983333333333334,0.7011494252873564,-0.0028160919540229,60,4,symmetry,1301.2126294170157,8,0,True,True,0,d4_orbit_holdout_v1,d4_orbit_holdout_v1,D4,True,0,265,49,c3f231e6f88bb20e9faa707b33a0091c0c4956e17ed8415913bf5554a6e4fca2,898ffe05fe1f89dfae86bd2d395e1dcec5619e4b468dd1cef3f4db89652ed1a7,1c97bca8d39baa612a9ee96f39b51a0b76c97a8fb09ea3e647394d223c7bd7b1,0.0,0.0,0,none,(),5080177bfb0b19e1bdf2c632ce666ddfb4d7c99c079d28ca9950413aad67af82,0c4fabb34ac8b9127e556c700c1da20b5c8c2c4d4fcf83c8a5b917feb814ca61,f439a9ed51f57fae2f57b262021cc4415869d38f86d0bb4d2fa89db413eebdd4
C4,3,2,9,600,348,15,100,30,0.01,False,cpu,lightning.qubit,adjoint,paper,edge,0.1,False,0.0,D4,1.9659356755807984,2.005896272478548,0.7016666666666667,0.6781609195402298,0.0235057471264368,60,4,symmetry,1259.515178208996,9,0,True,True,0,d4_orbit_holdout_v1,d4_orbit_holdout_v1,D4,True,0,265,49,f4adab1d8bd6dd97991fa341e92a77e4ea25c2a5edbb5a14843d7841d1f50a31,898ffe05fe1f89dfae86bd2d395e1dcec5619e4b468dd1cef3f4db89652ed1a7,9e3283df79c5d13febf6c251bd1ed173afed93f6bc4e02184add4fc6a1bb5281,0.0,0.0,0,none,(),5080177bfb0b19e1bdf2c632ce666ddfb4d7c99c079d28ca9950413aad67af82,0c4fabb34ac8b9127e556c700c1da20b5c8c2c4d4fcf83c8a5b917feb814ca61,f439a9ed51f57fae2f57b262021cc4415869d38f86d0bb4d2fa89db413eebdd4
D2_V4,3,2,0,30,348,15,100,30,0.01,False,cpu,lightning.qubit,adjoint,paper,edge,0.1,False,0.0,D4,1.4014344300194217,2.5836418026960715,0.9333333333333332,0.4827586206896552,0.4505747126436781,78,4,symmetry,1262.0125201250194,0,0,True,True,0,d4_orbit_holdout_v1,d4_orbit_holdout_v1,D4,True,0,29,49,c013ddbea8c37e6aa8b8cf7d4329d96c625f16b63c157940719fba0d14e27fb2,898ffe05fe1f89dfae86bd2d395e1dcec5619e4b468dd1cef3f4db89652ed1a7,d67fe947f1d0e662a8a6586486cf49f7e46c2239af36cf11cf74f92071990bac,0.0,0.0,0,none,(),5080177bfb0b19e1bdf2c632ce666ddfb4d7c99c079d28ca9950413aad67af82,0c4fabb34ac8b9127e556c700c1da20b5c8c2c4d4fcf83c8a5b917feb814ca61,f439a9ed51f57fae2f57b262021cc4415869d38f86d0bb4d2fa89db413eebdd4
D2_V4,3,2,1,30,348,15,100,30,0.01,False,cpu,lightning.qubit,adjoint,paper,edge,0.1,False,0.0,D4,1.4826605154641892,2.4298349759797757,0.9,0.5114942528735632,0.3885057471264368,78,4,symmetry,1285.2025517080328,1,0,True,True,0,d4_orbit_holdout_v1,d4_orbit_holdout_v1,D4,True,0,26,49,71076a3914b495d3796f7b0e0fcace2ce7885c03a5ad1769e8fd17a138de406c,898ffe05fe1f89dfae86bd2d395e1dcec5619e4b468dd1cef3f4db89652ed1a7,de789f33d1a7a54349fa2bec40c22b73bf8dd604fa3c02d9ebab813178879aae,0.0,0.0,0,none,(),5080177bfb0b19e1bdf2c632ce666ddfb4d7c99c079d28ca9950413aad67af82,0c4fabb34ac8b9127e556c700c1da20b5c8c2c4d4fcf83c8a5b917feb814ca61,f439a9ed51f57fae2f57b262021cc4415869d38f86d0bb4d2fa89db413eebdd4
D2_V4,3,2,2,30,348,15,100,30,0.01,False,cpu,lightning.qubit,adjoint,paper,edge,0.1,False,0.0,D4,1.182397361168314,2.353100212829669,0.9333333333333332,0.5172413793103449,0.4160919540229885,78,4,symmetry,1307.801642083039,2,0,True,True,0,d4_orbit_holdout_v1,d4_orbit_holdout_v1,D4,True,0,28,49,012351c3e3ce54f4700812ff617dbccd4d328ccf4352f78a7e46b6d690bd904f,898ffe05fe1f89dfae86bd2d395e1dcec5619e4b468dd1cef3f4db89652ed1a7,2bfac0ceb07ae056d3f567b74fbdc97415a67edaa86cf88effe46a69ad9a6361,0.0,0.0,0,none,(),5080177bfb0b19e1bdf2c632ce666ddfb4d7c99c079d28ca9950413aad67af82,0c4fabb34ac8b9127e556c700c1da20b5c8c2c4d4fcf83c8a5b917feb814ca61,f439a9ed51f57fae2f57b262021cc4415869d38f86d0bb4d2fa89db413eebdd4
D2_V4,3,2,3,30,348,15,100,30,0.01,False,cpu,lightning.qubit,adjoint,paper,edge,0.1,False,0.0,D4,1.234410149973028,2.3273195199463235,0.9333333333333332,0.5574712643678161,0.3758620689655172,78,4,symmetry,1281.653265833971,3,0,True,True,0,d4_orbit_holdout_v1,d4_orbit_holdout_v1,D4,True,0,29,49,41bbb6e3ea1e2584331d8595a213d7aa32e6694e33b0b64b79f196038e1345dd,898ffe05fe1f89dfae86bd2d395e1dcec5619e4b468dd1cef3f4db89652ed1a7,a144c03febf6de5e9d8a3fbc630df3053f1798b7cc26f90dcc2169022c1fa5f7,0.0,0.0,0,none,(),5080177bfb0b19e1bdf2c632ce666ddfb4d7c99c079d28ca9950413aad67af82,0c4fabb34ac8b9127e556c700c1da20b5c8c2c4d4fcf83c8a5b917feb814ca61,f439a9ed51f57fae2f57b262021cc4415869d38f86d0bb4d2fa89db413eebdd4
D2_V4,3,2,4,30,348,15,100,30,0.01,False,cpu,lightning.qubit,adjoint,paper,edge,0.1,False,0.0,D4,1.0666621183557654,2.487146762735452,0.9333333333333332,0.425287356321839,0.5080459770114942,78,4,symmetry,1280.2492810419644,4,0,True,True,0,d4_orbit_holdout_v1,d4_orbit_holdout_v1,D4,True,0,29,49,89c3fae076b89317998b8dcbb90b40e0976870e1b98064723ee509ffd8b4db95,898ffe05fe1f89dfae86bd2d395e1dcec5619e4b468dd1cef3f4db89652ed1a7,0abb6d0bcb3d2206506cba7743f9b33dfe3b6b0535a4626dd5598f0a42a2118e,0.0,0.0,0,none,(),5080177bfb0b19e1bdf2c632ce666ddfb4d7c99c079d28ca9950413aad67af82,0c4fabb34ac8b9127e556c700c1da20b5c8c2c4d4fcf83c8a5b917feb814ca61,f439a9ed51f57fae2f57b262021cc4415869d38f86d0bb4d2fa89db413eebdd4
D2_V4,3,2,5,30,348,15,100,30,0.01,False,cpu,lightning.qubit,adjoint,paper,edge,0.1,False,0.0,D4,1.156617287437504,2.361775732680888,0.8666666666666667,0.5459770114942529,0.3206896551724137,78,4,symmetry,1294.213852499961,5,0,True,True,0,d4_orbit_holdout_v1,d4_orbit_holdout_v1,D4,True,0,28,49,f19c029f9497e30339db469cea15ee2f27b83b31dfa3c32a19bf17fed2d60ae1,898ffe05fe1f89dfae86bd2d395e1dcec5619e4b468dd1cef3f4db89652ed1a7,9fbae33259973293d1e9d4e11fff2df17f0b6f679b3a34f5aba31bafb5dfc912,0.0,0.0,0,none,(),5080177bfb0b19e1bdf2c632ce666ddfb4d7c99c079d28ca9950413aad67af82,0c4fabb34ac8b9127e556c700c1da20b5c8c2c4d4fcf83c8a5b917feb814ca61,f439a9ed51f57fae2f57b262021cc4415869d38f86d0bb4d2fa89db413eebdd4
D2_V4,3,2,6,30,348,15,100,30,0.01,False,cpu,lightning.qubit,adjoint,paper,edge,0.1,False,0.0,D4,1.4847430380015652,2.49226245566147,0.9,0.5402298850574713,0.3597701149425287,78,4,symmetry,1293.4640176669927,6,0,True,True,0,d4_orbit_holdout_v1,d4_orbit_holdout_v1,D4,True,0,30,49,f85213f827a383454046e30bc701450a2d1af00249458e5ad9af16aed62ef924,898ffe05fe1f89dfae86bd2d395e1dcec5619e4b468dd1cef3f4db89652ed1a7,81c5f2e4db78dcf6ec0ad23ca618c4227f4cc2eac414c7fab945a79c24292b9f,0.0,0.0,0,none,(),5080177bfb0b19e1bdf2c632ce666ddfb4d7c99c079d28ca9950413aad67af82,0c4fabb34ac8b9127e556c700c1da20b5c8c2c4d4fcf83c8a5b917feb814ca61,f439a9ed51f57fae2f57b262021cc4415869d38f86d0bb4d2fa89db413eebdd4
D2_V4,3,2,7,30,348,15,100,30,0.01,False,cpu,lightning.qubit,adjoint,paper,edge,0.1,False,0.0,D4,1.4753248297920836,2.7570421563756393,0.9,0.3735632183908046,0.5264367816091955,78,4,symmetry,1274.1596785830334,7,0,True,True,0,d4_orbit_holdout_v1,d4_orbit_holdout_v1,D4,True,0,28,49,fdebfc5b8a6735daa77adc9c5365409bddbf58c94f1b74c7343da84c639ef4a0,898ffe05fe1f89dfae86bd2d395e1dcec5619e4b468dd1cef3f4db89652ed1a7,b9f58ebcece0ce6055d3e62be47de2d425b08b1197b3b3006717c06706b355d0,0.0,0.0,0,none,(),5080177bfb0b19e1bdf2c632ce666ddfb4d7c99c079d28ca9950413aad67af82,0c4fabb34ac8b9127e556c700c1da20b5c8c2c4d4fcf83c8a5b917feb814ca61,f439a9ed51f57fae2f57b262021cc4415869d38f86d0bb4d2fa89db413eebdd4
D2_V4,3,2,8,30,348,15,100,30,0.01,False,cpu,lightning.qubit,adjoint,paper,edge,0.1,False,0.0,D4,1.2220054705700634,2.4109834735284315,0.9,0.5114942528735632,0.3885057471264368,78,4,symmetry,1290.6552209170186,8,0,True,True,0,d4_orbit_holdout_v1,d4_orbit_holdout_v1,D4,True,0,27,49,a97b44efcb5383e51130e84ba529dcb761d95a31f02d945ff70da537edc857b5,898ffe05fe1f89dfae86bd2d395e1dcec5619e4b468dd1cef3f4db89652ed1a7,1d6ae38cf90ee615a9edd594492d5c8a9c4aad29553c8a55f9338749a9368ebd,0.0,0.0,0,none,(),5080177bfb0b19e1bdf2c632ce666ddfb4d7c99c079d28ca9950413aad67af82,0c4fabb34ac8b9127e556c700c1da20b5c8c2c4d4fcf83c8a5b917feb814ca61,f439a9ed51f57fae2f57b262021cc4415869d38f86d0bb4d2fa89db413eebdd4
D2_V4,3,2,9,30,348,15,100,30,0.01,False,cpu,lightning.qubit,adjoint,paper,edge,0.1,False,0.0,D4,1.508104645896447,2.416502735549511,0.9,0.5287356321839081,0.3712643678160919,78,4,symmetry,1289.0243693750235,9,0,True,True,0,d4_orbit_holdout_v1,d4_orbit_holdout_v1,D4,True,0,27,49,b8a15bf853782073a1c3ba0e96b4d587716503a9817656309e9007071d4c24ab,898ffe05fe1f89dfae86bd2d395e1dcec5619e4b468dd1cef3f4db89652ed1a7,7326e9db009aaac7f4f40807b93226b7b081ea82633a5e4b0556c10b3b367cb5,0.0,0.0,0,none,(),5080177bfb0b19e1bdf2c632ce666ddfb4d7c99c079d28ca9950413aad67af82,0c4fabb34ac8b9127e556c700c1da20b5c8c2c4d4fcf83c8a5b917feb814ca61,f439a9ed51f57fae2f57b262021cc4415869d38f86d0bb4d2fa89db413eebdd4
D2_V4,3,2,0,60,348,15,100,30,0.01,False,cpu,lightning.qubit,adjoint,paper,edge,0.1,False,0.0,D4,1.6357155838652515,2.441034586936138,0.8166666666666667,0.5287356321839081,0.2879310344827586,78,4,symmetry,1335.032798332977,0,0,True,True,0,d4_orbit_holdout_v1,d4_orbit_holdout_v1,D4,True,0,54,49,7f0c8ffa3a6cf22f2c5d2bcbc3b1f043a7e6f45099996a781c2523fa1c5238fc,898ffe05fe1f89dfae86bd2d395e1dcec5619e4b468dd1cef3f4db89652ed1a7,3e4937a8f938376038ca7372f474fe7c343e35e95fd1ebb01de0d604a5397965,0.0,0.0,0,none,(),5080177bfb0b19e1bdf2c632ce666ddfb4d7c99c079d28ca9950413aad67af82,0c4fabb34ac8b9127e556c700c1da20b5c8c2c4d4fcf83c8a5b917feb814ca61,f439a9ed51f57fae2f57b262021cc4415869d38f86d0bb4d2fa89db413eebdd4
D2_V4,3,2,1,60,348,15,100,30,0.01,False,cpu,lightning.qubit,adjoint,paper,edge,0.1,False,0.0,D4,1.6130667576739224,2.4658514726660914,0.8,0.4827586206896552,0.3172413793103448,78,4,symmetry,1317.5484611249994,1,0,True,True,0,d4_orbit_holdout_v1,d4_orbit_holdout_v1,D4,True,0,49,49,b15f52cc9246bbcde840b05518e2e3e1f9dce7ebffab5ccac72acb847b1abc9e,898ffe05fe1f89dfae86bd2d395e1dcec5619e4b468dd1cef3f4db89652ed1a7,2cf7c699fb01152e48196977e2c3aaf996aff9c0ff667a32ed2063b4e552449e,0.0,0.0,0,none,(),5080177bfb0b19e1bdf2c632ce666ddfb4d7c99c079d28ca9950413aad67af82,0c4fabb34ac8b9127e556c700c1da20b5c8c2c4d4fcf83c8a5b917feb814ca61,f439a9ed51f57fae2f57b262021cc4415869d38f86d0bb4d2fa89db413eebdd4
D2_V4,3,2,2,60,348,15,100,30,0.01,False,cpu,lightning.qubit,adjoint,paper,edge,0.1,False,0.0,D4,1.5327087054907824,2.405095766478005,0.8666666666666667,0.4942528735632184,0.3724137931034483,78,4,symmetry,1364.2738769580028,2,0,True,True,0,d4_orbit_holdout_v1,d4_orbit_holdout_v1,D4,True,0,51,49,3e10f5e740c3e1fc60bed7b14008fc76d3a7070251b9aafc4d1c9ff42963b675,898ffe05fe1f89dfae86bd2d395e1dcec5619e4b468dd1cef3f4db89652ed1a7,5e80089d322e2e32e8df328353338fa008283708087997f172d6054f6fb1dded,0.0,0.0,0,none,(),5080177bfb0b19e1bdf2c632ce666ddfb4d7c99c079d28ca9950413aad67af82,0c4fabb34ac8b9127e556c700c1da20b5c8c2c4d4fcf83c8a5b917feb814ca61,f439a9ed51f57fae2f57b262021cc4415869d38f86d0bb4d2fa89db413eebdd4
D2_V4,3,2,3,60,348,15,100,30,0.01,False,cpu,lightning.qubit,adjoint,paper,edge,0.1,False,0.0,D4,1.9067927177412232,2.262036288571099,0.75,0.5977011494252874,0.1522988505747126,78,4,symmetry,1359.4106876670269,3,0,True,True,0,d4_orbit_holdout_v1,d4_orbit_holdout_v1,D4,True,0,53,49,0f338d0769d2901b58b6f7281275a333e9a2bbb1041cf314538a0138b68ff34d,898ffe05fe1f89dfae86bd2d395e1dcec5619e4b468dd1cef3f4db89652ed1a7,f8890153c6da5146e37eea9bd6157fa215a103a75f18cc6dadb24c9ef7f56304,0.0,0.0,0,none,(),5080177bfb0b19e1bdf2c632ce666ddfb4d7c99c079d28ca9950413aad67af82,0c4fabb34ac8b9127e556c700c1da20b5c8c2c4d4fcf83c8a5b917feb814ca61,f439a9ed51f57fae2f57b262021cc4415869d38f86d0bb4d2fa89db413eebdd4
D2_V4,3,2,4,60,348,15,100,30,0.01,False,cpu,lightning.qubit,adjoint,paper,edge,0.1,False,0.0,D4,1.300706340239104,2.3543667883443047,0.85,0.5172413793103449,0.3327586206896551,78,4,symmetry,1276.7524122920004,4,0,True,True,0,d4_orbit_holdout_v1,d4_orbit_holdout_v1,D4,True,0,52,49,dd89f4d3b1611f7595349dba9e78af0aabe848eba19cfd3dd015b8428e3c6576,898ffe05fe1f89dfae86bd2d395e1dcec5619e4b468dd1cef3f4db89652ed1a7,2408b56d9f335509e74ad1616e5177627e5c7cd5828612ad534f45a35a834da6,0.0,0.0,0,none,(),5080177bfb0b19e1bdf2c632ce666ddfb4d7c99c079d28ca9950413aad67af82,0c4fabb34ac8b9127e556c700c1da20b5c8c2c4d4fcf83c8a5b917feb814ca61,f439a9ed51f57fae2f57b262021cc4415869d38f86d0bb4d2fa89db413eebdd4
D2_V4,3,2,5,60,348,15,100,30,0.01,False,cpu,lightning.qubit,adjoint,paper,edge,0.1,False,0.0,D4,1.5850325093839257,2.1915526056328365,0.8,0.5804597701149425,0.2195402298850575,78,4,symmetry,1321.626452416007,5,0,True,True,0,d4_orbit_holdout_v1,d4_orbit_holdout_v1,D4,True,0,54,49,bd2aa93f70526e37917a32782e0539a410e547269294843dcc57f34ef1b615cf,898ffe05fe1f89dfae86bd2d395e1dcec5619e4b468dd1cef3f4db89652ed1a7,38af9789f7faf10930fc9293e4f070155f8776178331e52e21355219660a1693,0.0,0.0,0,none,(),5080177bfb0b19e1bdf2c632ce666ddfb4d7c99c079d28ca9950413aad67af82,0c4fabb34ac8b9127e556c700c1da20b5c8c2c4d4fcf83c8a5b917feb814ca61,f439a9ed51f57fae2f57b262021cc4415869d38f86d0bb4d2fa89db413eebdd4
D2_V4,3,2,6,60,348,15,100,30,0.01,False,cpu,lightning.qubit,adjoint,paper,edge,0.1,False,0.0,D4,1.7214984808819365,2.3746047799196353,0.8,0.5574712643678161,0.2425287356321839,78,4,symmetry,1317.065240209049,6,0,True,True,0,d4_orbit_holdout_v1,d4_orbit_holdout_v1,D4,True,0,55,49,3d6bd0d16427e89b63d82c35b271408a0fc35b584967205d0e2621a0623ae23d,898ffe05fe1f89dfae86bd2d395e1dcec5619e4b468dd1cef3f4db89652ed1a7,5350458d2807997896cc1a26d1f80f6a7ca215ce8f89e6926757acfad399bf29,0.0,0.0,0,none,(),5080177bfb0b19e1bdf2c632ce666ddfb4d7c99c079d28ca9950413aad67af82,0c4fabb34ac8b9127e556c700c1da20b5c8c2c4d4fcf83c8a5b917feb814ca61,f439a9ed51f57fae2f57b262021cc4415869d38f86d0bb4d2fa89db413eebdd4
D2_V4,3,2,7,60,348,15,100,30,0.01,False,cpu,lightning.qubit,adjoint,paper,edge,0.1,False,0.0,D4,1.5358383368636053,2.3248236502706656,0.85,0.5804597701149425,0.2695402298850574,78,4,symmetry,1364.5133343330235,7,0,True,True,0,d4_orbit_holdout_v1,d4_orbit_holdout_v1,D4,True,0,52,49,7913d1b81966957fc454d840fd2d104a9889a68fd43027436da50e67f84b4281,898ffe05fe1f89dfae86bd2d395e1dcec5619e4b468dd1cef3f4db89652ed1a7,6343d41d5a3117648f141b20ba8fcdab43f96977d12feb05c81bf0ab33c205fb,0.0,0.0,0,none,(),5080177bfb0b19e1bdf2c632ce666ddfb4d7c99c079d28ca9950413aad67af82,0c4fabb34ac8b9127e556c700c1da20b5c8c2c4d4fcf83c8a5b917feb814ca61,f439a9ed51f57fae2f57b262021cc4415869d38f86d0bb4d2fa89db413eebdd4
D2_V4,3,2,8,60,348,15,100,30,0.01,False,cpu,lightning.qubit,adjoint,paper,edge,0.1,False,0.0,D4,1.6667021891600882,2.2868107594019476,0.8333333333333334,0.5804597701149425,0.2528735632183908,78,4,symmetry,1362.2687985830123,8,0,True,True,0,d4_orbit_holdout_v1,d4_orbit_holdout_v1,D4,True,0,55,49,6ea8f5333d068b8bb08318ee2433377392ec9bc278c434b8c0241f950f47e22f,898ffe05fe1f89dfae86bd2d395e1dcec5619e4b468dd1cef3f4db89652ed1a7,4bfae1d428798c7edf5ac12b7e27945edc545a5ada4d9e7b39977e3a39fcf369,0.0,0.0,0,none,(),5080177bfb0b19e1bdf2c632ce666ddfb4d7c99c079d28ca9950413aad67af82,0c4fabb34ac8b9127e556c700c1da20b5c8c2c4d4fcf83c8a5b917feb814ca61,f439a9ed51f57fae2f57b262021cc4415869d38f86d0bb4d2fa89db413eebdd4
D2_V4,3,2,9,60,348,15,100,30,0.01,False,cpu,lightning.qubit,adjoint,paper,edge,0.1,False,0.0,D4,1.6926570632630336,2.2754649776715787,0.8166666666666667,0.5689655172413793,0.2477011494252873,78,4,symmetry,1343.513044292049,9,0,True,True,0,d4_orbit_holdout_v1,d4_orbit_holdout_v1,D4,True,0,53,49,5664aa4ea41fe79fa8d94f4c5b16821970822c428db2e331730bc11bb3f6651f,898ffe05fe1f89dfae86bd2d395e1dcec5619e4b468dd1cef3f4db89652ed1a7,e80b6a67ed48518c6f9316bfe0df54416a3e603e07bf178f784a6d9fa1519b8e,0.0,0.0,0,none,(),5080177bfb0b19e1bdf2c632ce666ddfb4d7c99c079d28ca9950413aad67af82,0c4fabb34ac8b9127e556c700c1da20b5c8c2c4d4fcf83c8a5b917feb814ca61,f439a9ed51f57fae2f57b262021cc4415869d38f86d0bb4d2fa89db413eebdd4
D2_V4,3,2,0,120,348,15,100,30,0.01,False,cpu,lightning.qubit,adjoint,paper,edge,0.1,False,0.0,D4,1.8733482569070723,2.4587069655619955,0.7916666666666666,0.5344827586206896,0.257183908045977,78,4,symmetry,1354.525135333999,0,0,True,True,0,d4_orbit_holdout_v1,d4_orbit_holdout_v1,D4,True,0,94,49,aa9ca803b030705a7cca3e3cc023ecc2ad129ddca70f13c4269ba3c91e253901,898ffe05fe1f89dfae86bd2d395e1dcec5619e4b468dd1cef3f4db89652ed1a7,e1b51f896af5d7fb7fde1711fbb346495419096f71937d3b067dbe77e4e09eee,0.0,0.0,0,none,(),5080177bfb0b19e1bdf2c632ce666ddfb4d7c99c079d28ca9950413aad67af82,0c4fabb34ac8b9127e556c700c1da20b5c8c2c4d4fcf83c8a5b917feb814ca61,f439a9ed51f57fae2f57b262021cc4415869d38f86d0bb4d2fa89db413eebdd4
D2_V4,3,2,1,120,348,15,100,30,0.01,False,cpu,lightning.qubit,adjoint,paper,edge,0.1,False,0.0,D4,1.9037742105201376,2.131641863321093,0.7916666666666666,0.6436781609195402,0.1479885057471264,78,4,symmetry,1350.4180189999752,1,0,True,True,0,d4_orbit_holdout_v1,d4_orbit_holdout_v1,D4,True,0,89,49,348c94e0c602b46df772691fb16bd3d09d7efa7b55e4957c5dba5d9b21a7b341,898ffe05fe1f89dfae86bd2d395e1dcec5619e4b468dd1cef3f4db89652ed1a7,d0dd67a7aaa1de987b52082d78a9f3637bb9b412119726b6d9aea44dd9318c95,0.0,0.0,0,none,(),5080177bfb0b19e1bdf2c632ce666ddfb4d7c99c079d28ca9950413aad67af82,0c4fabb34ac8b9127e556c700c1da20b5c8c2c4d4fcf83c8a5b917feb814ca61,f439a9ed51f57fae2f57b262021cc4415869d38f86d0bb4d2fa89db413eebdd4
D2_V4,3,2,2,120,348,15,100,30,0.01,False,cpu,lightning.qubit,adjoint,paper,edge,0.1,False,0.0,D4,1.7916492302486993,2.152796339522242,0.7916666666666666,0.6551724137931034,0.1364942528735632,78,4,symmetry,1363.991256624984,2,0,True,True,0,d4_orbit_holdout_v1,d4_orbit_holdout_v1,D4,True,0,93,49,585673268215e67b4791fb1d5ff75319099947474366c4072c67c363bb1d5a9b,898ffe05fe1f89dfae86bd2d395e1dcec5619e4b468dd1cef3f4db89652ed1a7,296c83d7a7f92e0eb5a4b1bd86944188f10aa254a951e3b53526d77bee1dd725,0.0,0.0,0,none,(),5080177bfb0b19e1bdf2c632ce666ddfb4d7c99c079d28ca9950413aad67af82,0c4fabb34ac8b9127e556c700c1da20b5c8c2c4d4fcf83c8a5b917feb814ca61,f439a9ed51f57fae2f57b262021cc4415869d38f86d0bb4d2fa89db413eebdd4
D2_V4,3,2,3,120,348,15,100,30,0.01,False,cpu,lightning.qubit,adjoint,paper,edge,0.1,False,0.0,D4,1.8974098288588317,2.3812018410508164,0.7833333333333333,0.5747126436781609,0.2086206896551724,78,4,symmetry,1330.5966014169971,3,0,True,True,0,d4_orbit_holdout_v1,d4_orbit_holdout_v1,D4,True,0,89,49,e7f9226a35a986d30d70e3b1ade00a758e4aff1044820b5b299c51fe9175ea9d,898ffe05fe1f89dfae86bd2d395e1dcec5619e4b468dd1cef3f4db89652ed1a7,63c2c4d1b4364a4d8088d1fa5452e3f56f6700d2c1edd7f25d2b899fe62517f0,0.0,0.0,0,none,(),5080177bfb0b19e1bdf2c632ce666ddfb4d7c99c079d28ca9950413aad67af82,0c4fabb34ac8b9127e556c700c1da20b5c8c2c4d4fcf83c8a5b917feb814ca61,f439a9ed51f57fae2f57b262021cc4415869d38f86d0bb4d2fa89db413eebdd4
D2_V4,3,2,4,120,348,15,100,30,0.01,False,cpu,lightning.qubit,adjoint,paper,edge,0.1,False,0.0,D4,1.5624955494279535,2.220145069672163,0.8583333333333333,0.5977011494252874,0.2606321839080459,78,4,symmetry,1346.403533292003,4,0,True,True,0,d4_orbit_holdout_v1,d4_orbit_holdout_v1,D4,True,0,95,49,9f6eba2ac122de0c87ca5f5bae1bc9f25c60553479bc8096d9458ceac0bf57f3,898ffe05fe1f89dfae86bd2d395e1dcec5619e4b468dd1cef3f4db89652ed1a7,a6871ee58e365fbf389459da739117968fa6d5c1ea6ac5b764c2255657fa32e5,0.0,0.0,0,none,(),5080177bfb0b19e1bdf2c632ce666ddfb4d7c99c079d28ca9950413aad67af82,0c4fabb34ac8b9127e556c700c1da20b5c8c2c4d4fcf83c8a5b917feb814ca61,f439a9ed51f57fae2f57b262021cc4415869d38f86d0bb4d2fa89db413eebdd4
D2_V4,3,2,5,120,348,15,100,30,0.01,False,cpu,lightning.qubit,adjoint,paper,edge,0.1,False,0.0,D4,1.7403380324102788,2.17148413342085,0.8083333333333333,0.6091954022988506,0.1991379310344827,78,4,symmetry,1351.132691041974,5,0,True,True,0,d4_orbit_holdout_v1,d4_orbit_holdout_v1,D4,True,0,95,49,3adf81a214fcd77b7d308e12147eaa54449693b844ec78ffcfde40d82904f1f5,898ffe05fe1f89dfae86bd2d395e1dcec5619e4b468dd1cef3f4db89652ed1a7,686fa309cd78b1fcf4c2fcf48542ef9a83fca5641ad8cd825509aa6f22d32508,0.0,0.0,0,none,(),5080177bfb0b19e1bdf2c632ce666ddfb4d7c99c079d28ca9950413aad67af82,0c4fabb34ac8b9127e556c700c1da20b5c8c2c4d4fcf83c8a5b917feb814ca61,f439a9ed51f57fae2f57b262021cc4415869d38f86d0bb4d2fa89db413eebdd4
D2_V4,3,2,6,120,348,15,100,30,0.01,False,cpu,lightning.qubit,adjoint,paper,edge,0.1,False,0.0,D4,1.7827057086581222,2.335850123178882,0.7833333333333333,0.5689655172413793,0.214367816091954,78,4,symmetry,1345.3353826660314,6,0,True,True,0,d4_orbit_holdout_v1,d4_orbit_holdout_v1,D4,True,0,98,49,e720cb86e41fc139d9ace2bea5521e01911642d4ef6eabf43328f5c043b1de6e,898ffe05fe1f89dfae86bd2d395e1dcec5619e4b468dd1cef3f4db89652ed1a7,17ee91923e03a129e935303797c1d3500c4a9ebfd416710fd338d30225ff1a83,0.0,0.0,0,none,(),5080177bfb0b19e1bdf2c632ce666ddfb4d7c99c079d28ca9950413aad67af82,0c4fabb34ac8b9127e556c700c1da20b5c8c2c4d4fcf83c8a5b917feb814ca61,f439a9ed51f57fae2f57b262021cc4415869d38f86d0bb4d2fa89db413eebdd4
D2_V4,3,2,7,120,348,15,100,30,0.01,False,cpu,lightning.qubit,adjoint,paper,edge,0.1,False,0.0,D4,1.9434500398161936,2.455012968880958,0.6833333333333333,0.5287356321839081,0.1545977011494252,78,4,symmetry,1336.5390035830203,7,0,True,True,0,d4_orbit_holdout_v1,d4_orbit_holdout_v1,D4,True,0,91,49,a15704f4ba7b44c68aed48d02d69890a5049f9668a5ed5009d7e3d69330b5301,898ffe05fe1f89dfae86bd2d395e1dcec5619e4b468dd1cef3f4db89652ed1a7,1447b67cfb5501f7237a0c9fe011d1361d266b39505b3dd09a34d53288234a4b,0.0,0.0,0,none,(),5080177bfb0b19e1bdf2c632ce666ddfb4d7c99c079d28ca9950413aad67af82,0c4fabb34ac8b9127e556c700c1da20b5c8c2c4d4fcf83c8a5b917feb814ca61,f439a9ed51f57fae2f57b262021cc4415869d38f86d0bb4d2fa89db413eebdd4
D2_V4,3,2,8,120,348,15,100,30,0.01,False,cpu,lightning.qubit,adjoint,paper,edge,0.1,False,0.0,D4,1.7619754691104377,2.0737172508374817,0.7666666666666667,0.7126436781609196,0.0540229885057471,78,4,symmetry,1362.127275832987,8,0,True,True,0,d4_orbit_holdout_v1,d4_orbit_holdout_v1,D4,True,0,91,49,580eda3b1cea44649cc78e15f88de3a539ff57069af4c472c089af69840c4dc7,898ffe05fe1f89dfae86bd2d395e1dcec5619e4b468dd1cef3f4db89652ed1a7,e352d7197e6f5412ae6be5df7706da0548f858a397a1d32529fae3b2c525ccd3,0.0,0.0,0,none,(),5080177bfb0b19e1bdf2c632ce666ddfb4d7c99c079d28ca9950413aad67af82,0c4fabb34ac8b9127e556c700c1da20b5c8c2c4d4fcf83c8a5b917feb814ca61,f439a9ed51f57fae2f57b262021cc4415869d38f86d0bb4d2fa89db413eebdd4
D2_V4,3,2,9,120,348,15,100,30,0.01,False,cpu,lightning.qubit,adjoint,paper,edge,0.1,False,0.0,D4,1.8624511995869293,2.0238344468962737,0.775,0.6551724137931034,0.1198275862068966,78,4,symmetry,1342.5452399170026,9,0,True,True,0,d4_orbit_holdout_v1,d4_orbit_holdout_v1,D4,True,0,92,49,619ec35ae71ec71f0ab934ed36d94026155952ff99774e23688c463fe2e691b3,898ffe05fe1f89dfae86bd2d395e1dcec5619e4b468dd1cef3f4db89652ed1a7,834ae5926e487b00bbb842d00e0fb0e1486cd1ba2dec383f92ccccf96fe2e622,0.0,0.0,0,none,(),5080177bfb0b19e1bdf2c632ce666ddfb4d7c99c079d28ca9950413aad67af82,0c4fabb34ac8b9127e556c700c1da20b5c8c2c4d4fcf83c8a5b917feb814ca61,f439a9ed51f57fae2f57b262021cc4415869d38f86d0bb4d2fa89db413eebdd4
D2_V4,3,2,0,240,348,15,100,30,0.01,False,cpu,lightning.qubit,adjoint,paper,edge,0.1,False,0.0,D4,1.9235703509707969,2.2262211356827883,0.7333333333333333,0.5919540229885057,0.1413793103448275,78,4,symmetry,1363.2209825000027,0,0,True,True,0,d4_orbit_holdout_v1,d4_orbit_holdout_v1,D4,True,0,154,49,a25c38357d6c5afdf19497fbffd749a1aeb4a2a8be0500b392933f2f2842d722,898ffe05fe1f89dfae86bd2d395e1dcec5619e4b468dd1cef3f4db89652ed1a7,914579416e955b1f6c350603da3bd42e668ba5545df619b41dfce3c406c5b966,0.0,0.0,0,none,(),5080177bfb0b19e1bdf2c632ce666ddfb4d7c99c079d28ca9950413aad67af82,0c4fabb34ac8b9127e556c700c1da20b5c8c2c4d4fcf83c8a5b917feb814ca61,f439a9ed51f57fae2f57b262021cc4415869d38f86d0bb4d2fa89db413eebdd4
D2_V4,3,2,1,240,348,15,100,30,0.01,False,cpu,lightning.qubit,adjoint,paper,edge,0.1,False,0.0,D4,1.861180280553541,2.096310796387581,0.7458333333333333,0.6494252873563219,0.0964080459770114,78,4,symmetry,1357.6901911250316,1,0,True,True,0,d4_orbit_holdout_v1,d4_orbit_holdout_v1,D4,True,0,153,49,7a035c72a0490cea32d5235f47f960cf4012d5568824bb4048580a6047b51654,898ffe05fe1f89dfae86bd2d395e1dcec5619e4b468dd1cef3f4db89652ed1a7,32f82728c26c02cb8d98bb72a8728c96c5c395f117d51e326a64c413d93c4b6d,0.0,0.0,0,none,(),5080177bfb0b19e1bdf2c632ce666ddfb4d7c99c079d28ca9950413aad67af82,0c4fabb34ac8b9127e556c700c1da20b5c8c2c4d4fcf83c8a5b917feb814ca61,f439a9ed51f57fae2f57b262021cc4415869d38f86d0bb4d2fa89db413eebdd4
D2_V4,3,2,2,240,348,15,100,30,0.01,False,cpu,lightning.qubit,adjoint,paper,edge,0.1,False,0.0,D4,1.9400327363201493,2.1110671769490565,0.7875,0.7586206896551724,0.0288793103448276,78,4,symmetry,1373.3963579580304,2,0,True,True,0,d4_orbit_holdout_v1,d4_orbit_holdout_v1,D4,True,0,152,49,6ae2b9cabf6c499004c3933f54f9064020a5eeb4ae9e3eab9eeba0ebe08c5b83,898ffe05fe1f89dfae86bd2d395e1dcec5619e4b468dd1cef3f4db89652ed1a7,fd4a44bc6c675210f27bcfe470c396d2c14f1190f75fee31a7495cd57fc37111,0.0,0.0,0,none,(),5080177bfb0b19e1bdf2c632ce666ddfb4d7c99c079d28ca9950413aad67af82,0c4fabb34ac8b9127e556c700c1da20b5c8c2c4d4fcf83c8a5b917feb814ca61,f439a9ed51f57fae2f57b262021cc4415869d38f86d0bb4d2fa89db413eebdd4
D2_V4,3,2,3,240,348,15,100,30,0.01,False,cpu,lightning.qubit,adjoint,paper,edge,0.1,False,0.0,D4,2.025094420248759,2.2215704425015157,0.7083333333333334,0.5862068965517241,0.1221264367816092,78,4,symmetry,1371.113060000003,3,0,True,True,0,d4_orbit_holdout_v1,d4_orbit_holdout_v1,D4,True,0,149,49,0932a2f803b53c282511da9723511ecfd45c5dcafdea9fe7be2b0630277ababc,898ffe05fe1f89dfae86bd2d395e1dcec5619e4b468dd1cef3f4db89652ed1a7,74b852b6ea2b797b360cf6b788a15d44c6ba1290748a0a778b3bd86ad65abea3,0.0,0.0,0,none,(),5080177bfb0b19e1bdf2c632ce666ddfb4d7c99c079d28ca9950413aad67af82,0c4fabb34ac8b9127e556c700c1da20b5c8c2c4d4fcf83c8a5b917feb814ca61,f439a9ed51f57fae2f57b262021cc4415869d38f86d0bb4d2fa89db413eebdd4
D2_V4,3,2,4,240,348,15,100,30,0.01,False,cpu,lightning.qubit,adjoint,paper,edge,0.1,False,0.0,D4,1.763376240934733,2.052780080472321,0.7875,0.7068965517241379,0.080603448275862,78,4,symmetry,1319.4885698749567,4,0,True,True,0,d4_orbit_holdout_v1,d4_orbit_holdout_v1,D4,True,0,157,49,77466e55cd6da89027202e03ff7baabb4f37cedd496294227837bd2d572fa7a7,898ffe05fe1f89dfae86bd2d395e1dcec5619e4b468dd1cef3f4db89652ed1a7,490dd378965c103f7e6816e5fd840a12189fce54fac6cf6dadd945a9c7c0b856,0.0,0.0,0,none,(),5080177bfb0b19e1bdf2c632ce666ddfb4d7c99c079d28ca9950413aad67af82,0c4fabb34ac8b9127e556c700c1da20b5c8c2c4d4fcf83c8a5b917feb814ca61,f439a9ed51f57fae2f57b262021cc4415869d38f86d0bb4d2fa89db413eebdd4
D2_V4,3,2,5,240,348,15,100,30,0.01,False,cpu,lightning.qubit,adjoint,paper,edge,0.1,False,0.0,D4,1.868100518176224,2.0605381956777213,0.7416666666666667,0.6609195402298851,0.0807471264367816,78,4,symmetry,1809.4550769170164,5,0,True,True,0,d4_orbit_holdout_v1,d4_orbit_holdout_v1,D4,True,0,156,49,a344be3f3386e32e0bda86869eace5bee48dd8db562c4b499b95bce074029eef,898ffe05fe1f89dfae86bd2d395e1dcec5619e4b468dd1cef3f4db89652ed1a7,eb3b235c76053532847a5199c0be11e4f3870fde7e3ab33f4961c22ddb88ec32,0.0,0.0,0,none,(),5080177bfb0b19e1bdf2c632ce666ddfb4d7c99c079d28ca9950413aad67af82,0c4fabb34ac8b9127e556c700c1da20b5c8c2c4d4fcf83c8a5b917feb814ca61,f439a9ed51f57fae2f57b262021cc4415869d38f86d0bb4d2fa89db413eebdd4
D2_V4,3,2,6,240,348,15,100,30,0.01,False,cpu,lightning.qubit,adjoint,paper,edge,0.1,False,0.0,D4,1.97211254486236,2.1523357186348635,0.6833333333333333,0.6264367816091954,0.0568965517241379,78,4,symmetry,1693.3578577089938,6,0,True,True,0,d4_orbit_holdout_v1,d4_orbit_holdout_v1,D4,True,0,150,49,c55eb5bf78465f81d903be701693369417bcfa428cc273eacde6c495f7fda45d,898ffe05fe1f89dfae86bd2d395e1dcec5619e4b468dd1cef3f4db89652ed1a7,7f4e93a3e005917e31980a620e35d0ea81ba76989d02388658991ef09fab850c,0.0,0.0,0,none,(),5080177bfb0b19e1bdf2c632ce666ddfb4d7c99c079d28ca9950413aad67af82,0c4fabb34ac8b9127e556c700c1da20b5c8c2c4d4fcf83c8a5b917feb814ca61,f439a9ed51f57fae2f57b262021cc4415869d38f86d0bb4d2fa89db413eebdd4
D2_V4,3,2,7,240,348,15,100,30,0.01,False,cpu,lightning.qubit,adjoint,paper,edge,0.1,False,0.0,D4,2.033111824291888,2.1396084839661857,0.7125,0.6724137931034483,0.0400862068965517,78,4,symmetry,1817.4328415000343,7,0,True,True,0,d4_orbit_holdout_v1,d4_orbit_holdout_v1,D4,True,0,148,49,04a423470264e1fc0eee90f01bf77b97b2d54c99dd0bf6e58283a870a9bc1af5,898ffe05fe1f89dfae86bd2d395e1dcec5619e4b468dd1cef3f4db89652ed1a7,b88ce323afcec010c79f85ad7a7cba3ea4dbbd574df723c05e20804820be7354,0.0,0.0,0,none,(),5080177bfb0b19e1bdf2c632ce666ddfb4d7c99c079d28ca9950413aad67af82,0c4fabb34ac8b9127e556c700c1da20b5c8c2c4d4fcf83c8a5b917feb814ca61,f439a9ed51f57fae2f57b262021cc4415869d38f86d0bb4d2fa89db413eebdd4
D2_V4,3,2,8,240,348,15,100,30,0.01,False,cpu,lightning.qubit,adjoint,paper,edge,0.1,False,0.0,D4,1.902132056033586,2.0506993435771643,0.7125,0.6896551724137931,0.0228448275862068,78,4,symmetry,1811.5175595839976,8,0,True,True,0,d4_orbit_holdout_v1,d4_orbit_holdout_v1,D4,True,0,150,49,171c22e75fc5155734702cfcf541159fc52338fe134785a28534ec0f1362af38,898ffe05fe1f89dfae86bd2d395e1dcec5619e4b468dd1cef3f4db89652ed1a7,e14565dc5ccfdc4c59186735aa7e0eaa7859bb5dda1f546b3eb9e4be00a7f826,0.0,0.0,0,none,(),5080177bfb0b19e1bdf2c632ce666ddfb4d7c99c079d28ca9950413aad67af82,0c4fabb34ac8b9127e556c700c1da20b5c8c2c4d4fcf83c8a5b917feb814ca61,f439a9ed51f57fae2f57b262021cc4415869d38f86d0bb4d2fa89db413eebdd4
D2_V4,3,2,9,240,348,15,100,30,0.01,False,cpu,lightning.qubit,adjoint,paper,edge,0.1,False,0.0,D4,1.975284008085624,2.187954689792581,0.7583333333333333,0.7011494252873564,0.0571839080459769,78,4,symmetry,1522.4114399160026,9,0,True,True,0,d4_orbit_holdout_v1,d4_orbit_holdout_v1,D4,True,0,157,49,9a0e9b3ccf001585c319639337ecaaf099361b26af31877c3bf1e8c1f69527c1,898ffe05fe1f89dfae86bd2d395e1dcec5619e4b468dd1cef3f4db89652ed1a7,9c04b2c859ca9f2a1a99f694f3ee0ddaae5bede4759c340e57c965906c863f5a,0.0,0.0,0,none,(),5080177bfb0b19e1bdf2c632ce666ddfb4d7c99c079d28ca9950413aad67af82,0c4fabb34ac8b9127e556c700c1da20b5c8c2c4d4fcf83c8a5b917feb814ca61,f439a9ed51f57fae2f57b262021cc4415869d38f86d0bb4d2fa89db413eebdd4
D2_V4,3,2,0,450,348,15,100,30,0.01,False,cpu,lightning.qubit,adjoint,paper,edge,0.1,False,0.0,D4,1.8997455975016695,2.125171946757745,0.7288888888888889,0.6724137931034483,0.0564750957854406,78,4,symmetry,1329.906134666002,0,0,True,True,0,d4_orbit_holdout_v1,d4_orbit_holdout_v1,D4,True,0,226,49,f1397bc570062daae495b6aadb90f79049b648d027728c7a49b1ca0c775823b9,898ffe05fe1f89dfae86bd2d395e1dcec5619e4b468dd1cef3f4db89652ed1a7,de5e6905b732dda763592549b10c872a142ee5f7abd703e1f002d99052f4b6b1,0.0,0.0,0,none,(),5080177bfb0b19e1bdf2c632ce666ddfb4d7c99c079d28ca9950413aad67af82,0c4fabb34ac8b9127e556c700c1da20b5c8c2c4d4fcf83c8a5b917feb814ca61,f439a9ed51f57fae2f57b262021cc4415869d38f86d0bb4d2fa89db413eebdd4
D2_V4,3,2,1,450,348,15,100,30,0.01,False,cpu,lightning.qubit,adjoint,paper,edge,0.1,False,0.0,D4,1.9512680022077784,2.067175604976384,0.7444444444444445,0.6781609195402298,0.0662835249042146,78,4,symmetry,1435.795254958968,1,0,True,True,0,d4_orbit_holdout_v1,d4_orbit_holdout_v1,D4,True,0,228,49,18d1a933dd0e5239b028a941c92e013673a8d45d2f02802dac7283035cf67b83,898ffe05fe1f89dfae86bd2d395e1dcec5619e4b468dd1cef3f4db89652ed1a7,04a6354a00641d752edf2e9ac853fd031bc2d669f15da74e1a248f00bbd87b0c,0.0,0.0,0,none,(),5080177bfb0b19e1bdf2c632ce666ddfb4d7c99c079d28ca9950413aad67af82,0c4fabb34ac8b9127e556c700c1da20b5c8c2c4d4fcf83c8a5b917feb814ca61,f439a9ed51f57fae2f57b262021cc4415869d38f86d0bb4d2fa89db413eebdd4
D2_V4,3,2,2,450,348,15,100,30,0.01,False,cpu,lightning.qubit,adjoint,paper,edge,0.1,False,0.0,D4,1.985849927844802,2.0776794715059537,0.66,0.6666666666666666,-0.0066666666666665,78,4,symmetry,1410.0691424999968,2,0,True,True,0,d4_orbit_holdout_v1,d4_orbit_holdout_v1,D4,True,0,229,49,b173370472fc253d6e1cff6bf6a404b7bf82c20c111939cdef36ee1db0fdb4c9,898ffe05fe1f89dfae86bd2d395e1dcec5619e4b468dd1cef3f4db89652ed1a7,d6b2e82383286d26db34de3fe536b206c62d3bdd0bc38645f616c2fe2967f1aa,0.0,0.0,0,none,(),5080177bfb0b19e1bdf2c632ce666ddfb4d7c99c079d28ca9950413aad67af82,0c4fabb34ac8b9127e556c700c1da20b5c8c2c4d4fcf83c8a5b917feb814ca61,f439a9ed51f57fae2f57b262021cc4415869d38f86d0bb4d2fa89db413eebdd4
D2_V4,3,2,3,450,348,15,100,30,0.01,False,cpu,lightning.qubit,adjoint,paper,edge,0.1,False,0.0,D4,1.9999108442982485,2.1811814948032007,0.7088888888888889,0.6379310344827587,0.0709578544061302,78,4,symmetry,1408.3626944580465,3,0,True,True,0,d4_orbit_holdout_v1,d4_orbit_holdout_v1,D4,True,0,223,49,23254f826010e1f05a505e3a7bc8760eafa2be3851d98438bd328048b73d5e51,898ffe05fe1f89dfae86bd2d395e1dcec5619e4b468dd1cef3f4db89652ed1a7,b69b51193beec9e7e397e02309654d37a9d98e50f65ee9f0f003739f25d4e837,0.0,0.0,0,none,(),5080177bfb0b19e1bdf2c632ce666ddfb4d7c99c079d28ca9950413aad67af82,0c4fabb34ac8b9127e556c700c1da20b5c8c2c4d4fcf83c8a5b917feb814ca61,f439a9ed51f57fae2f57b262021cc4415869d38f86d0bb4d2fa89db413eebdd4
D2_V4,3,2,4,450,348,15,100,30,0.01,False,cpu,lightning.qubit,adjoint,paper,edge,0.1,False,0.0,D4,1.9517578221587193,2.0510668178706197,0.7022222222222222,0.6896551724137931,0.012567049808429,78,4,symmetry,1634.758018166991,4,0,True,True,0,d4_orbit_holdout_v1,d4_orbit_holdout_v1,D4,True,0,233,49,2fe5e1a879534b991a638ec38cb4a2205eb385f7b5095e47ea71d17b3b9160d0,898ffe05fe1f89dfae86bd2d395e1dcec5619e4b468dd1cef3f4db89652ed1a7,9a82eb817e755f7a0e79113b591c8992636cb4889a30f9ba76999401c5f9fa93,0.0,0.0,0,none,(),5080177bfb0b19e1bdf2c632ce666ddfb4d7c99c079d28ca9950413aad67af82,0c4fabb34ac8b9127e556c700c1da20b5c8c2c4d4fcf83c8a5b917feb814ca61,f439a9ed51f57fae2f57b262021cc4415869d38f86d0bb4d2fa89db413eebdd4
D2_V4,3,2,5,450,348,15,100,30,0.01,False,cpu,lightning.qubit,adjoint,paper,edge,0.1,False,0.0,D4,1.9860360387579248,2.0284965068847094,0.7822222222222223,0.6666666666666666,0.1155555555555556,78,4,symmetry,1403.3677861670149,5,0,True,True,0,d4_orbit_holdout_v1,d4_orbit_holdout_v1,D4,True,0,225,49,cc8a2b591b4ee35f4feb90e5ab75aa21968f28ed0bd0dd865657e6f7438c1309,898ffe05fe1f89dfae86bd2d395e1dcec5619e4b468dd1cef3f4db89652ed1a7,8340097c442d3ae98780c4cd19e283985f58408262e8b98f685b79bc09c56a87,0.0,0.0,0,none,(),5080177bfb0b19e1bdf2c632ce666ddfb4d7c99c079d28ca9950413aad67af82,0c4fabb34ac8b9127e556c700c1da20b5c8c2c4d4fcf83c8a5b917feb814ca61,f439a9ed51f57fae2f57b262021cc4415869d38f86d0bb4d2fa89db413eebdd4
D2_V4,3,2,6,450,348,15,100,30,0.01,False,cpu,lightning.qubit,adjoint,paper,edge,0.1,False,0.0,D4,1.9639202054537663,1.9938919756251088,0.7333333333333333,0.7241379310344828,0.0091954022988505,78,4,symmetry,1396.889823333011,6,0,True,True,0,d4_orbit_holdout_v1,d4_orbit_holdout_v1,D4,True,0,226,49,9bc3b31b9f94d53e2801e858a4c3985d9f4b4248f05760948a9642048664ec80,898ffe05fe1f89dfae86bd2d395e1dcec5619e4b468dd1cef3f4db89652ed1a7,b4a042c72cd92a940d7e8b0b4816296c49552aba8bc3a92fcbad4535737f302a,0.0,0.0,0,none,(),5080177bfb0b19e1bdf2c632ce666ddfb4d7c99c079d28ca9950413aad67af82,0c4fabb34ac8b9127e556c700c1da20b5c8c2c4d4fcf83c8a5b917feb814ca61,f439a9ed51f57fae2f57b262021cc4415869d38f86d0bb4d2fa89db413eebdd4
D2_V4,3,2,7,450,348,15,100,30,0.01,False,cpu,lightning.qubit,adjoint,paper,edge,0.1,False,0.0,D4,2.0515615681174135,2.100922795243682,0.6422222222222222,0.6436781609195402,-0.0014559386973179,78,4,symmetry,1377.8379473749665,7,0,True,True,0,d4_orbit_holdout_v1,d4_orbit_holdout_v1,D4,True,0,220,49,e59b993603f46c0c8ef00b8238b4af35a6ad5c327d3f84700cf93cc84364dc2d,898ffe05fe1f89dfae86bd2d395e1dcec5619e4b468dd1cef3f4db89652ed1a7,1bfd8b03cb135a01a564f5f9a7aba100cf20081ee6cadd9953cf3a266fdadc84,0.0,0.0,0,none,(),5080177bfb0b19e1bdf2c632ce666ddfb4d7c99c079d28ca9950413aad67af82,0c4fabb34ac8b9127e556c700c1da20b5c8c2c4d4fcf83c8a5b917feb814ca61,f439a9ed51f57fae2f57b262021cc4415869d38f86d0bb4d2fa89db413eebdd4
D2_V4,3,2,8,450,348,15,100,30,0.01,False,cpu,lightning.qubit,adjoint,paper,edge,0.1,False,0.0,D4,1.966433464510806,2.1211453799511064,0.7244444444444444,0.6666666666666666,0.0577777777777778,78,4,symmetry,1371.9330520000076,8,0,True,True,0,d4_orbit_holdout_v1,d4_orbit_holdout_v1,D4,True,0,221,49,3372b2fb3a18ed032d1e6a8c25ef6f8a7cc331bddb0a7aebfd9897c15ef92903,898ffe05fe1f89dfae86bd2d395e1dcec5619e4b468dd1cef3f4db89652ed1a7,fe2a6480671f6da3083312a45e9122069ec6cdc7dda580fec8287a2853cc8f51,0.0,0.0,0,none,(),5080177bfb0b19e1bdf2c632ce666ddfb4d7c99c079d28ca9950413aad67af82,0c4fabb34ac8b9127e556c700c1da20b5c8c2c4d4fcf83c8a5b917feb814ca61,f439a9ed51f57fae2f57b262021cc4415869d38f86d0bb4d2fa89db413eebdd4
D2_V4,3,2,9,450,348,15,100,30,0.01,False,cpu,lightning.qubit,adjoint,paper,edge,0.1,False,0.0,D4,1.941377947537542,2.010476203123221,0.6711111111111111,0.6436781609195402,0.0274329501915708,78,4,symmetry,1391.945324750035,9,0,True,True,0,d4_orbit_holdout_v1,d4_orbit_holdout_v1,D4,True,0,225,49,b53d4b61ecce843683f650bcf1a1d5e86b087793630cdbed59c0a9cda061c796,898ffe05fe1f89dfae86bd2d395e1dcec5619e4b468dd1cef3f4db89652ed1a7,457fa09c7bc53ddd760f859a1e1cdb67a65ec0b45b1c3d750e4e1657edd1ff0e,0.0,0.0,0,none,(),5080177bfb0b19e1bdf2c632ce666ddfb4d7c99c079d28ca9950413aad67af82,0c4fabb34ac8b9127e556c700c1da20b5c8c2c4d4fcf83c8a5b917feb814ca61,f439a9ed51f57fae2f57b262021cc4415869d38f86d0bb4d2fa89db413eebdd4
D2_V4,3,2,0,600,348,15,100,30,0.01,False,cpu,lightning.qubit,adjoint,paper,edge,0.1,False,0.0,D4,1.9091034995035312,2.003023139577494,0.7466666666666667,0.7126436781609196,0.0340229885057471,78,4,symmetry,1369.4768327499623,0,0,True,True,0,d4_orbit_holdout_v1,d4_orbit_holdout_v1,D4,True,0,264,49,dc5d69f90befaaac45ab97941593e084ce14a5aba58b199edc6ed232514cb4b2,898ffe05fe1f89dfae86bd2d395e1dcec5619e4b468dd1cef3f4db89652ed1a7,539bcdd33972921a9ca9fa6af1e4c2bf16bd64df08697fa6f63ddaab0da4f5c1,0.0,0.0,0,none,(),5080177bfb0b19e1bdf2c632ce666ddfb4d7c99c079d28ca9950413aad67af82,0c4fabb34ac8b9127e556c700c1da20b5c8c2c4d4fcf83c8a5b917feb814ca61,f439a9ed51f57fae2f57b262021cc4415869d38f86d0bb4d2fa89db413eebdd4
D2_V4,3,2,1,600,348,15,100,30,0.01,False,cpu,lightning.qubit,adjoint,paper,edge,0.1,False,0.0,D4,1.9554004386987192,2.1183826214599684,0.675,0.6551724137931034,0.0198275862068966,78,4,symmetry,1363.9632608750253,1,0,True,True,0,d4_orbit_holdout_v1,d4_orbit_holdout_v1,D4,True,0,266,49,502eea996526fedc78321f300a0b61959995d8817760f909360619ea6a7667be,898ffe05fe1f89dfae86bd2d395e1dcec5619e4b468dd1cef3f4db89652ed1a7,784c5fe0f242bd63c5ad1ea12cf6490f72ab6a8480666fb4c08f2677beadc81e,0.0,0.0,0,none,(),5080177bfb0b19e1bdf2c632ce666ddfb4d7c99c079d28ca9950413aad67af82,0c4fabb34ac8b9127e556c700c1da20b5c8c2c4d4fcf83c8a5b917feb814ca61,f439a9ed51f57fae2f57b262021cc4415869d38f86d0bb4d2fa89db413eebdd4
D2_V4,3,2,2,600,348,15,100,30,0.01,False,cpu,lightning.qubit,adjoint,paper,edge,0.1,False,0.0,D4,1.9703859920585645,2.108330210495456,0.7433333333333333,0.7068965517241379,0.0364367816091953,78,4,symmetry,1346.4104987499886,2,0,True,True,0,d4_orbit_holdout_v1,d4_orbit_holdout_v1,D4,True,0,269,49,f9ef66ed8c54beeeab8d30e8c978294086c0bc03d8089bdb0086cc397e19d97b,898ffe05fe1f89dfae86bd2d395e1dcec5619e4b468dd1cef3f4db89652ed1a7,1d49a8470be0d005a3fdbf85fced0419b16c60e88b7a367b16eacec8e9002abf,0.0,0.0,0,none,(),5080177bfb0b19e1bdf2c632ce666ddfb4d7c99c079d28ca9950413aad67af82,0c4fabb34ac8b9127e556c700c1da20b5c8c2c4d4fcf83c8a5b917feb814ca61,f439a9ed51f57fae2f57b262021cc4415869d38f86d0bb4d2fa89db413eebdd4
D2_V4,3,2,3,600,348,15,100,30,0.01,False,cpu,lightning.qubit,adjoint,paper,edge,0.1,False,0.0,D4,1.9691226099203747,2.19877905468797,0.6683333333333333,0.5632183908045977,0.1051149425287356,78,4,symmetry,1346.4095974590164,3,0,True,True,0,d4_orbit_holdout_v1,d4_orbit_holdout_v1,D4,True,0,263,49,1a1ba5d100dfa02c205519e367e26c4c26b20e73ecab52b7c845c238b1313513,898ffe05fe1f89dfae86bd2d395e1dcec5619e4b468dd1cef3f4db89652ed1a7,553fb5f1d8e2f96e6941c8974209ced372531f8387994ea8ff669b79551a87ec,0.0,0.0,0,none,(),5080177bfb0b19e1bdf2c632ce666ddfb4d7c99c079d28ca9950413aad67af82,0c4fabb34ac8b9127e556c700c1da20b5c8c2c4d4fcf83c8a5b917feb814ca61,f439a9ed51f57fae2f57b262021cc4415869d38f86d0bb4d2fa89db413eebdd4
D2_V4,3,2,4,600,348,15,100,30,0.01,False,cpu,lightning.qubit,adjoint,paper,edge,0.1,False,0.0,D4,1.9787805443469288,1.994938549165616,0.6783333333333333,0.6724137931034483,0.005919540229885,78,4,symmetry,1361.5239344580332,4,0,True,True,0,d4_orbit_holdout_v1,d4_orbit_holdout_v1,D4,True,0,272,49,8de29e6cca1e5a9b645400356bb2c0d838066bc7dddf603da0de0e9b9cb613c7,898ffe05fe1f89dfae86bd2d395e1dcec5619e4b468dd1cef3f4db89652ed1a7,ecd54a3b63ae340a5031159d735f8a1f57d301d7fd14f3cacac746b4584efb8b,0.0,0.0,0,none,(),5080177bfb0b19e1bdf2c632ce666ddfb4d7c99c079d28ca9950413aad67af82,0c4fabb34ac8b9127e556c700c1da20b5c8c2c4d4fcf83c8a5b917feb814ca61,f439a9ed51f57fae2f57b262021cc4415869d38f86d0bb4d2fa89db413eebdd4
D2_V4,3,2,5,600,348,15,100,30,0.01,False,cpu,lightning.qubit,adjoint,paper,edge,0.1,False,0.0,D4,1.9725634431794576,2.093057640948513,0.7,0.6551724137931034,0.0448275862068965,78,4,symmetry,1362.8101034160354,5,0,True,True,0,d4_orbit_holdout_v1,d4_orbit_holdout_v1,D4,True,0,266,49,2119280bef8c6be599a8fc2cdaae297d965bfc209c71b8bed17538f1176a615a,898ffe05fe1f89dfae86bd2d395e1dcec5619e4b468dd1cef3f4db89652ed1a7,549e99c7302d51d62fba17b985414fcbf17a980b9368ddb28122ac3340d85e46,0.0,0.0,0,none,(),5080177bfb0b19e1bdf2c632ce666ddfb4d7c99c079d28ca9950413aad67af82,0c4fabb34ac8b9127e556c700c1da20b5c8c2c4d4fcf83c8a5b917feb814ca61,f439a9ed51f57fae2f57b262021cc4415869d38f86d0bb4d2fa89db413eebdd4
D2_V4,3,2,6,600,348,15,100,30,0.01,False,cpu,lightning.qubit,adjoint,paper,edge,0.1,False,0.0,D4,1.993904803713075,2.0844293039786925,0.67,0.6551724137931034,0.0148275862068966,78,4,symmetry,1359.7787437079824,6,0,True,True,0,d4_orbit_holdout_v1,d4_orbit_holdout_v1,D4,True,0,266,49,f854b9d22b73d3baf149ed8cd897ea6993c77aa15b92a5dbf49befaf6919b01d,898ffe05fe1f89dfae86bd2d395e1dcec5619e4b468dd1cef3f4db89652ed1a7,6e2a4c7f5638223112768702818d511663d147d8d0ba80562a4abe8e5295c478,0.0,0.0,0,none,(),5080177bfb0b19e1bdf2c632ce666ddfb4d7c99c079d28ca9950413aad67af82,0c4fabb34ac8b9127e556c700c1da20b5c8c2c4d4fcf83c8a5b917feb814ca61,f439a9ed51f57fae2f57b262021cc4415869d38f86d0bb4d2fa89db413eebdd4
D2_V4,3,2,7,600,348,15,100,30,0.01,False,cpu,lightning.qubit,adjoint,paper,edge,0.1,False,0.0,D4,2.063135401659862,2.2189360873184225,0.695,0.5574712643678161,0.1375287356321838,78,4,symmetry,1371.196405790979,7,0,True,True,0,d4_orbit_holdout_v1,d4_orbit_holdout_v1,D4,True,0,262,49,2e4b5e4c0ea21848b05443dfeb749ee5e4b3712272d6f850b1d1c1c198f7b414,898ffe05fe1f89dfae86bd2d395e1dcec5619e4b468dd1cef3f4db89652ed1a7,9a6df2e338d341b2a893a3b35c6043fb5969e7317e81ff563483c2696d01ef32,0.0,0.0,0,none,(),5080177bfb0b19e1bdf2c632ce666ddfb4d7c99c079d28ca9950413aad67af82,0c4fabb34ac8b9127e556c700c1da20b5c8c2c4d4fcf83c8a5b917feb814ca61,f439a9ed51f57fae2f57b262021cc4415869d38f86d0bb4d2fa89db413eebdd4
D2_V4,3,2,8,600,348,15,100,30,0.01,False,cpu,lightning.qubit,adjoint,paper,edge,0.1,False,0.0,D4,1.9486571046485293,2.0943229807780237,0.7483333333333333,0.7068965517241379,0.0414367816091953,78,4,symmetry,1369.177151250013,8,0,True,True,0,d4_orbit_holdout_v1,d4_orbit_holdout_v1,D4,True,0,265,49,c3f231e6f88bb20e9faa707b33a0091c0c4956e17ed8415913bf5554a6e4fca2,898ffe05fe1f89dfae86bd2d395e1dcec5619e4b468dd1cef3f4db89652ed1a7,1c97bca8d39baa612a9ee96f39b51a0b76c97a8fb09ea3e647394d223c7bd7b1,0.0,0.0,0,none,(),5080177bfb0b19e1bdf2c632ce666ddfb4d7c99c079d28ca9950413aad67af82,0c4fabb34ac8b9127e556c700c1da20b5c8c2c4d4fcf83c8a5b917feb814ca61,f439a9ed51f57fae2f57b262021cc4415869d38f86d0bb4d2fa89db413eebdd4
D2_V4,3,2,9,600,348,15,100,30,0.01,False,cpu,lightning.qubit,adjoint,paper,edge,0.1,False,0.0,D4,1.979398122838442,2.0159369891706436,0.6616666666666666,0.6206896551724138,0.0409770114942528,78,4,symmetry,1326.256707958004,9,0,True,True,0,d4_orbit_holdout_v1,d4_orbit_holdout_v1,D4,True,0,265,49,f4adab1d8bd6dd97991fa341e92a77e4ea25c2a5edbb5a14843d7841d1f50a31,898ffe05fe1f89dfae86bd2d395e1dcec5619e4b468dd1cef3f4db89652ed1a7,9e3283df79c5d13febf6c251bd1ed173afed93f6bc4e02184add4fc6a1bb5281,0.0,0.0,0,none,(),5080177bfb0b19e1bdf2c632ce666ddfb4d7c99c079d28ca9950413aad67af82,0c4fabb34ac8b9127e556c700c1da20b5c8c2c4d4fcf83c8a5b917feb814ca61,f439a9ed51f57fae2f57b262021cc4415869d38f86d0bb4d2fa89db413eebdd4
D4,3,2,0,30,348,15,100,30,0.01,False,cpu,lightning.qubit,adjoint,paper,edge,0.1,False,0.0,D4,1.6644617055674578,2.4839454280980195,0.8333333333333334,0.5747126436781609,0.2586206896551725,54,8,symmetry,1327.084264917008,0,0,True,True,0,d4_orbit_holdout_v1,d4_orbit_holdout_v1,D4,True,0,29,49,c013ddbea8c37e6aa8b8cf7d4329d96c625f16b63c157940719fba0d14e27fb2,898ffe05fe1f89dfae86bd2d395e1dcec5619e4b468dd1cef3f4db89652ed1a7,d67fe947f1d0e662a8a6586486cf49f7e46c2239af36cf11cf74f92071990bac,0.0,0.0,0,none,(),5080177bfb0b19e1bdf2c632ce666ddfb4d7c99c079d28ca9950413aad67af82,0c4fabb34ac8b9127e556c700c1da20b5c8c2c4d4fcf83c8a5b917feb814ca61,f439a9ed51f57fae2f57b262021cc4415869d38f86d0bb4d2fa89db413eebdd4
D4,3,2,1,30,348,15,100,30,0.01,False,cpu,lightning.qubit,adjoint,paper,edge,0.1,False,0.0,D4,1.6711224401643854,2.5311691269788263,0.8666666666666667,0.4942528735632184,0.3724137931034483,54,8,symmetry,1302.9053865409803,1,0,True,True,0,d4_orbit_holdout_v1,d4_orbit_holdout_v1,D4,True,0,26,49,71076a3914b495d3796f7b0e0fcace2ce7885c03a5ad1769e8fd17a138de406c,898ffe05fe1f89dfae86bd2d395e1dcec5619e4b468dd1cef3f4db89652ed1a7,de789f33d1a7a54349fa2bec40c22b73bf8dd604fa3c02d9ebab813178879aae,0.0,0.0,0,none,(),5080177bfb0b19e1bdf2c632ce666ddfb4d7c99c079d28ca9950413aad67af82,0c4fabb34ac8b9127e556c700c1da20b5c8c2c4d4fcf83c8a5b917feb814ca61,f439a9ed51f57fae2f57b262021cc4415869d38f86d0bb4d2fa89db413eebdd4
D4,3,2,2,30,348,15,100,30,0.01,False,cpu,lightning.qubit,adjoint,paper,edge,0.1,False,0.0,D4,1.2174657379738352,2.1528129755634833,0.9,0.5747126436781609,0.3252873563218391,54,8,symmetry,1333.422609500005,2,0,True,True,0,d4_orbit_holdout_v1,d4_orbit_holdout_v1,D4,True,0,28,49,012351c3e3ce54f4700812ff617dbccd4d328ccf4352f78a7e46b6d690bd904f,898ffe05fe1f89dfae86bd2d395e1dcec5619e4b468dd1cef3f4db89652ed1a7,2bfac0ceb07ae056d3f567b74fbdc97415a67edaa86cf88effe46a69ad9a6361,0.0,0.0,0,none,(),5080177bfb0b19e1bdf2c632ce666ddfb4d7c99c079d28ca9950413aad67af82,0c4fabb34ac8b9127e556c700c1da20b5c8c2c4d4fcf83c8a5b917feb814ca61,f439a9ed51f57fae2f57b262021cc4415869d38f86d0bb4d2fa89db413eebdd4
D4,3,2,3,30,348,15,100,30,0.01,False,cpu,lightning.qubit,adjoint,paper,edge,0.1,False,0.0,D4,1.4925501517861666,2.336440040697849,0.7666666666666667,0.5632183908045977,0.203448275862069,54,8,symmetry,1331.1576030420256,3,0,True,True,0,d4_orbit_holdout_v1,d4_orbit_holdout_v1,D4,True,0,29,49,41bbb6e3ea1e2584331d8595a213d7aa32e6694e33b0b64b79f196038e1345dd,898ffe05fe1f89dfae86bd2d395e1dcec5619e4b468dd1cef3f4db89652ed1a7,a144c03febf6de5e9d8a3fbc630df3053f1798b7cc26f90dcc2169022c1fa5f7,0.0,0.0,0,none,(),5080177bfb0b19e1bdf2c632ce666ddfb4d7c99c079d28ca9950413aad67af82,0c4fabb34ac8b9127e556c700c1da20b5c8c2c4d4fcf83c8a5b917feb814ca61,f439a9ed51f57fae2f57b262021cc4415869d38f86d0bb4d2fa89db413eebdd4
D4,3,2,4,30,348,15,100,30,0.01,False,cpu,lightning.qubit,adjoint,paper,edge,0.1,False,0.0,D4,1.2678029192278346,2.289576664636433,0.9333333333333332,0.5862068965517241,0.3471264367816092,54,8,symmetry,1326.5156587079982,4,0,True,True,0,d4_orbit_holdout_v1,d4_orbit_holdout_v1,D4,True,0,29,49,89c3fae076b89317998b8dcbb90b40e0976870e1b98064723ee509ffd8b4db95,898ffe05fe1f89dfae86bd2d395e1dcec5619e4b468dd1cef3f4db89652ed1a7,0abb6d0bcb3d2206506cba7743f9b33dfe3b6b0535a4626dd5598f0a42a2118e,0.0,0.0,0,none,(),5080177bfb0b19e1bdf2c632ce666ddfb4d7c99c079d28ca9950413aad67af82,0c4fabb34ac8b9127e556c700c1da20b5c8c2c4d4fcf83c8a5b917feb814ca61,f439a9ed51f57fae2f57b262021cc4415869d38f86d0bb4d2fa89db413eebdd4
D4,3,2,5,30,348,15,100,30,0.01,False,cpu,lightning.qubit,adjoint,paper,edge,0.1,False,0.0,D4,1.3740932373026633,2.2431975500503083,0.8333333333333334,0.6206896551724138,0.2126436781609195,54,8,symmetry,1298.6886033749906,5,0,True,True,0,d4_orbit_holdout_v1,d4_orbit_holdout_v1,D4,True,0,28,49,f19c029f9497e30339db469cea15ee2f27b83b31dfa3c32a19bf17fed2d60ae1,898ffe05fe1f89dfae86bd2d395e1dcec5619e4b468dd1cef3f4db89652ed1a7,9fbae33259973293d1e9d4e11fff2df17f0b6f679b3a34f5aba31bafb5dfc912,0.0,0.0,0,none,(),5080177bfb0b19e1bdf2c632ce666ddfb4d7c99c079d28ca9950413aad67af82,0c4fabb34ac8b9127e556c700c1da20b5c8c2c4d4fcf83c8a5b917feb814ca61,f439a9ed51f57fae2f57b262021cc4415869d38f86d0bb4d2fa89db413eebdd4
D4,3,2,6,30,348,15,100,30,0.01,False,cpu,lightning.qubit,adjoint,paper,edge,0.1,False,0.0,D4,1.6891325210960455,2.365558966767352,0.9333333333333332,0.5517241379310345,0.3816091954022989,54,8,symmetry,1322.3375301249907,6,0,True,True,0,d4_orbit_holdout_v1,d4_orbit_holdout_v1,D4,True,0,30,49,f85213f827a383454046e30bc701450a2d1af00249458e5ad9af16aed62ef924,898ffe05fe1f89dfae86bd2d395e1dcec5619e4b468dd1cef3f4db89652ed1a7,81c5f2e4db78dcf6ec0ad23ca618c4227f4cc2eac414c7fab945a79c24292b9f,0.0,0.0,0,none,(),5080177bfb0b19e1bdf2c632ce666ddfb4d7c99c079d28ca9950413aad67af82,0c4fabb34ac8b9127e556c700c1da20b5c8c2c4d4fcf83c8a5b917feb814ca61,f439a9ed51f57fae2f57b262021cc4415869d38f86d0bb4d2fa89db413eebdd4
D4,3,2,7,30,348,15,100,30,0.01,False,cpu,lightning.qubit,adjoint,paper,edge,0.1,False,0.0,D4,1.5319567940416896,2.4215662486794747,0.9,0.5287356321839081,0.3712643678160919,54,8,symmetry,1321.6773401250248,7,0,True,True,0,d4_orbit_holdout_v1,d4_orbit_holdout_v1,D4,True,0,28,49,fdebfc5b8a6735daa77adc9c5365409bddbf58c94f1b74c7343da84c639ef4a0,898ffe05fe1f89dfae86bd2d395e1dcec5619e4b468dd1cef3f4db89652ed1a7,b9f58ebcece0ce6055d3e62be47de2d425b08b1197b3b3006717c06706b355d0,0.0,0.0,0,none,(),5080177bfb0b19e1bdf2c632ce666ddfb4d7c99c079d28ca9950413aad67af82,0c4fabb34ac8b9127e556c700c1da20b5c8c2c4d4fcf83c8a5b917feb814ca61,f439a9ed51f57fae2f57b262021cc4415869d38f86d0bb4d2fa89db413eebdd4
D4,3,2,8,30,348,15,100,30,0.01,False,cpu,lightning.qubit,adjoint,paper,edge,0.1,False,0.0,D4,1.3517274982142236,2.412493177875485,0.9333333333333332,0.5517241379310345,0.3816091954022989,54,8,symmetry,1318.9390130839893,8,0,True,True,0,d4_orbit_holdout_v1,d4_orbit_holdout_v1,D4,True,0,27,49,a97b44efcb5383e51130e84ba529dcb761d95a31f02d945ff70da537edc857b5,898ffe05fe1f89dfae86bd2d395e1dcec5619e4b468dd1cef3f4db89652ed1a7,1d6ae38cf90ee615a9edd594492d5c8a9c4aad29553c8a55f9338749a9368ebd,0.0,0.0,0,none,(),5080177bfb0b19e1bdf2c632ce666ddfb4d7c99c079d28ca9950413aad67af82,0c4fabb34ac8b9127e556c700c1da20b5c8c2c4d4fcf83c8a5b917feb814ca61,f439a9ed51f57fae2f57b262021cc4415869d38f86d0bb4d2fa89db413eebdd4
D4,3,2,9,30,348,15,100,30,0.01,False,cpu,lightning.qubit,adjoint,paper,edge,0.1,False,0.0,D4,1.4848955005462108,2.1898222176066775,0.8,0.5977011494252874,0.2022988505747126,54,8,symmetry,1317.2273093750118,9,0,True,True,0,d4_orbit_holdout_v1,d4_orbit_holdout_v1,D4,True,0,27,49,b8a15bf853782073a1c3ba0e96b4d587716503a9817656309e9007071d4c24ab,898ffe05fe1f89dfae86bd2d395e1dcec5619e4b468dd1cef3f4db89652ed1a7,7326e9db009aaac7f4f40807b93226b7b081ea82633a5e4b0556c10b3b367cb5,0.0,0.0,0,none,(),5080177bfb0b19e1bdf2c632ce666ddfb4d7c99c079d28ca9950413aad67af82,0c4fabb34ac8b9127e556c700c1da20b5c8c2c4d4fcf83c8a5b917feb814ca61,f439a9ed51f57fae2f57b262021cc4415869d38f86d0bb4d2fa89db413eebdd4
D4,3,2,0,60,348,15,100,30,0.01,False,cpu,lightning.qubit,adjoint,paper,edge,0.1,False,0.0,D4,1.8250250856993,2.287133821055974,0.8,0.5862068965517241,0.2137931034482759,54,8,symmetry,1298.1471857499564,0,0,True,True,0,d4_orbit_holdout_v1,d4_orbit_holdout_v1,D4,True,0,54,49,7f0c8ffa3a6cf22f2c5d2bcbc3b1f043a7e6f45099996a781c2523fa1c5238fc,898ffe05fe1f89dfae86bd2d395e1dcec5619e4b468dd1cef3f4db89652ed1a7,3e4937a8f938376038ca7372f474fe7c343e35e95fd1ebb01de0d604a5397965,0.0,0.0,0,none,(),5080177bfb0b19e1bdf2c632ce666ddfb4d7c99c079d28ca9950413aad67af82,0c4fabb34ac8b9127e556c700c1da20b5c8c2c4d4fcf83c8a5b917feb814ca61,f439a9ed51f57fae2f57b262021cc4415869d38f86d0bb4d2fa89db413eebdd4
D4,3,2,1,60,348,15,100,30,0.01,False,cpu,lightning.qubit,adjoint,paper,edge,0.1,False,0.0,D4,1.810778454533108,2.4408887871222715,0.85,0.5517241379310345,0.2982758620689655,54,8,symmetry,1294.458069000044,1,0,True,True,0,d4_orbit_holdout_v1,d4_orbit_holdout_v1,D4,True,0,49,49,b15f52cc9246bbcde840b05518e2e3e1f9dce7ebffab5ccac72acb847b1abc9e,898ffe05fe1f89dfae86bd2d395e1dcec5619e4b468dd1cef3f4db89652ed1a7,2cf7c699fb01152e48196977e2c3aaf996aff9c0ff667a32ed2063b4e552449e,0.0,0.0,0,none,(),5080177bfb0b19e1bdf2c632ce666ddfb4d7c99c079d28ca9950413aad67af82,0c4fabb34ac8b9127e556c700c1da20b5c8c2c4d4fcf83c8a5b917feb814ca61,f439a9ed51f57fae2f57b262021cc4415869d38f86d0bb4d2fa89db413eebdd4
D4,3,2,2,60,348,15,100,30,0.01,False,cpu,lightning.qubit,adjoint,paper,edge,0.1,False,0.0,D4,1.5815506269704542,2.2480091885108324,0.8,0.5747126436781609,0.2252873563218391,54,8,symmetry,1281.0491999169462,2,0,True,True,0,d4_orbit_holdout_v1,d4_orbit_holdout_v1,D4,True,0,51,49,3e10f5e740c3e1fc60bed7b14008fc76d3a7070251b9aafc4d1c9ff42963b675,898ffe05fe1f89dfae86bd2d395e1dcec5619e4b468dd1cef3f4db89652ed1a7,5e80089d322e2e32e8df328353338fa008283708087997f172d6054f6fb1dded,0.0,0.0,0,none,(),5080177bfb0b19e1bdf2c632ce666ddfb4d7c99c079d28ca9950413aad67af82,0c4fabb34ac8b9127e556c700c1da20b5c8c2c4d4fcf83c8a5b917feb814ca61,f439a9ed51f57fae2f57b262021cc4415869d38f86d0bb4d2fa89db413eebdd4
D4,3,2,3,60,348,15,100,30,0.01,False,cpu,lightning.qubit,adjoint,paper,edge,0.1,False,0.0,D4,1.9415789867246256,2.299774571902639,0.7166666666666667,0.5747126436781609,0.1419540229885058,54,8,symmetry,1281.004705458996,3,0,True,True,0,d4_orbit_holdout_v1,d4_orbit_holdout_v1,D4,True,0,53,49,0f338d0769d2901b58b6f7281275a333e9a2bbb1041cf314538a0138b68ff34d,898ffe05fe1f89dfae86bd2d395e1dcec5619e4b468dd1cef3f4db89652ed1a7,f8890153c6da5146e37eea9bd6157fa215a103a75f18cc6dadb24c9ef7f56304,0.0,0.0,0,none,(),5080177bfb0b19e1bdf2c632ce666ddfb4d7c99c079d28ca9950413aad67af82,0c4fabb34ac8b9127e556c700c1da20b5c8c2c4d4fcf83c8a5b917feb814ca61,f439a9ed51f57fae2f57b262021cc4415869d38f86d0bb4d2fa89db413eebdd4
D4,3,2,4,60,348,15,100,30,0.01,False,cpu,lightning.qubit,adjoint,paper,edge,0.1,False,0.0,D4,1.3286717241557189,2.356221315084787,0.8666666666666667,0.5517241379310345,0.3149425287356322,54,8,symmetry,1299.631860374997,4,0,True,True,0,d4_orbit_holdout_v1,d4_orbit_holdout_v1,D4,True,0,52,49,dd89f4d3b1611f7595349dba9e78af0aabe848eba19cfd3dd015b8428e3c6576,898ffe05fe1f89dfae86bd2d395e1dcec5619e4b468dd1cef3f4db89652ed1a7,2408b56d9f335509e74ad1616e5177627e5c7cd5828612ad534f45a35a834da6,0.0,0.0,0,none,(),5080177bfb0b19e1bdf2c632ce666ddfb4d7c99c079d28ca9950413aad67af82,0c4fabb34ac8b9127e556c700c1da20b5c8c2c4d4fcf83c8a5b917feb814ca61,f439a9ed51f57fae2f57b262021cc4415869d38f86d0bb4d2fa89db413eebdd4
D4,3,2,5,60,348,15,100,30,0.01,False,cpu,lightning.qubit,adjoint,paper,edge,0.1,False,0.0,D4,1.6550380844512118,2.154888127491717,0.8,0.6091954022988506,0.1908045977011494,54,8,symmetry,1298.5491105419933,5,0,True,True,0,d4_orbit_holdout_v1,d4_orbit_holdout_v1,D4,True,0,54,49,bd2aa93f70526e37917a32782e0539a410e547269294843dcc57f34ef1b615cf,898ffe05fe1f89dfae86bd2d395e1dcec5619e4b468dd1cef3f4db89652ed1a7,38af9789f7faf10930fc9293e4f070155f8776178331e52e21355219660a1693,0.0,0.0,0,none,(),5080177bfb0b19e1bdf2c632ce666ddfb4d7c99c079d28ca9950413aad67af82,0c4fabb34ac8b9127e556c700c1da20b5c8c2c4d4fcf83c8a5b917feb814ca61,f439a9ed51f57fae2f57b262021cc4415869d38f86d0bb4d2fa89db413eebdd4
D4,3,2,6,60,348,15,100,30,0.01,False,cpu,lightning.qubit,adjoint,paper,edge,0.1,False,0.0,D4,1.7826573984047902,2.0764256941243877,0.85,0.735632183908046,0.114367816091954,54,8,symmetry,1268.1212336250464,6,0,True,True,0,d4_orbit_holdout_v1,d4_orbit_holdout_v1,D4,True,0,55,49,3d6bd0d16427e89b63d82c35b271408a0fc35b584967205d0e2621a0623ae23d,898ffe05fe1f89dfae86bd2d395e1dcec5619e4b468dd1cef3f4db89652ed1a7,5350458d2807997896cc1a26d1f80f6a7ca215ce8f89e6926757acfad399bf29,0.0,0.0,0,none,(),5080177bfb0b19e1bdf2c632ce666ddfb4d7c99c079d28ca9950413aad67af82,0c4fabb34ac8b9127e556c700c1da20b5c8c2c4d4fcf83c8a5b917feb814ca61,f439a9ed51f57fae2f57b262021cc4415869d38f86d0bb4d2fa89db413eebdd4
D4,3,2,7,60,348,15,100,30,0.01,False,cpu,lightning.qubit,adjoint,paper,edge,0.1,False,0.0,D4,1.7191594062820412,2.218305496771791,0.8333333333333334,0.6781609195402298,0.1551724137931035,54,8,symmetry,1316.0956143749645,7,0,True,True,0,d4_orbit_holdout_v1,d4_orbit_holdout_v1,D4,True,0,52,49,7913d1b81966957fc454d840fd2d104a9889a68fd43027436da50e67f84b4281,898ffe05fe1f89dfae86bd2d395e1dcec5619e4b468dd1cef3f4db89652ed1a7,6343d41d5a3117648f141b20ba8fcdab43f96977d12feb05c81bf0ab33c205fb,0.0,0.0,0,none,(),5080177bfb0b19e1bdf2c632ce666ddfb4d7c99c079d28ca9950413aad67af82,0c4fabb34ac8b9127e556c700c1da20b5c8c2c4d4fcf83c8a5b917feb814ca61,f439a9ed51f57fae2f57b262021cc4415869d38f86d0bb4d2fa89db413eebdd4
D4,3,2,8,60,348,15,100,30,0.01,False,cpu,lightning.qubit,adjoint,paper,edge,0.1,False,0.0,D4,1.7264065267486908,2.0610625783155267,0.85,0.6781609195402298,0.1718390804597701,54,8,symmetry,1307.1510149170065,8,0,True,True,0,d4_orbit_holdout_v1,d4_orbit_holdout_v1,D4,True,0,55,49,6ea8f5333d068b8bb08318ee2433377392ec9bc278c434b8c0241f950f47e22f,898ffe05fe1f89dfae86bd2d395e1dcec5619e4b468dd1cef3f4db89652ed1a7,4bfae1d428798c7edf5ac12b7e27945edc545a5ada4d9e7b39977e3a39fcf369,0.0,0.0,0,none,(),5080177bfb0b19e1bdf2c632ce666ddfb4d7c99c079d28ca9950413aad67af82,0c4fabb34ac8b9127e556c700c1da20b5c8c2c4d4fcf83c8a5b917feb814ca61,f439a9ed51f57fae2f57b262021cc4415869d38f86d0bb4d2fa89db413eebdd4
D4,3,2,9,60,348,15,100,30,0.01,False,cpu,lightning.qubit,adjoint,paper,edge,0.1,False,0.0,D4,1.7132394467407288,2.1863207935840574,0.75,0.5747126436781609,0.1752873563218391,54,8,symmetry,1262.6319738330203,9,0,True,True,0,d4_orbit_holdout_v1,d4_orbit_holdout_v1,D4,True,0,53,49,5664aa4ea41fe79fa8d94f4c5b16821970822c428db2e331730bc11bb3f6651f,898ffe05fe1f89dfae86bd2d395e1dcec5619e4b468dd1cef3f4db89652ed1a7,e80b6a67ed48518c6f9316bfe0df54416a3e603e07bf178f784a6d9fa1519b8e,0.0,0.0,0,none,(),5080177bfb0b19e1bdf2c632ce666ddfb4d7c99c079d28ca9950413aad67af82,0c4fabb34ac8b9127e556c700c1da20b5c8c2c4d4fcf83c8a5b917feb814ca61,f439a9ed51f57fae2f57b262021cc4415869d38f86d0bb4d2fa89db413eebdd4
D4,3,2,0,120,348,15,100,30,0.01,False,cpu,lightning.qubit,adjoint,paper,edge,0.1,False,0.0,D4,2.055776004825392,2.4131493847662666,0.7,0.5172413793103449,0.1827586206896551,54,8,symmetry,1261.6135632499936,0,0,True,True,0,d4_orbit_holdout_v1,d4_orbit_holdout_v1,D4,True,0,94,49,aa9ca803b030705a7cca3e3cc023ecc2ad129ddca70f13c4269ba3c91e253901,898ffe05fe1f89dfae86bd2d395e1dcec5619e4b468dd1cef3f4db89652ed1a7,e1b51f896af5d7fb7fde1711fbb346495419096f71937d3b067dbe77e4e09eee,0.0,0.0,0,none,(),5080177bfb0b19e1bdf2c632ce666ddfb4d7c99c079d28ca9950413aad67af82,0c4fabb34ac8b9127e556c700c1da20b5c8c2c4d4fcf83c8a5b917feb814ca61,f439a9ed51f57fae2f57b262021cc4415869d38f86d0bb4d2fa89db413eebdd4
D4,3,2,1,120,348,15,100,30,0.01,False,cpu,lightning.qubit,adjoint,paper,edge,0.1,False,0.0,D4,1.937246645899837,2.118516241993716,0.7833333333333333,0.6666666666666666,0.1166666666666667,54,8,symmetry,1292.8957296669832,1,0,True,True,0,d4_orbit_holdout_v1,d4_orbit_holdout_v1,D4,True,0,89,49,348c94e0c602b46df772691fb16bd3d09d7efa7b55e4957c5dba5d9b21a7b341,898ffe05fe1f89dfae86bd2d395e1dcec5619e4b468dd1cef3f4db89652ed1a7,d0dd67a7aaa1de987b52082d78a9f3637bb9b412119726b6d9aea44dd9318c95,0.0,0.0,0,none,(),5080177bfb0b19e1bdf2c632ce666ddfb4d7c99c079d28ca9950413aad67af82,0c4fabb34ac8b9127e556c700c1da20b5c8c2c4d4fcf83c8a5b917feb814ca61,f439a9ed51f57fae2f57b262021cc4415869d38f86d0bb4d2fa89db413eebdd4
D4,3,2,2,120,348,15,100,30,0.01,False,cpu,lightning.qubit,adjoint,paper,edge,0.1,False,0.0,D4,1.8180005870896436,2.0809665280277736,0.7833333333333333,0.6666666666666666,0.1166666666666667,54,8,symmetry,1282.2620587499696,2,0,True,True,0,d4_orbit_holdout_v1,d4_orbit_holdout_v1,D4,True,0,93,49,585673268215e67b4791fb1d5ff75319099947474366c4072c67c363bb1d5a9b,898ffe05fe1f89dfae86bd2d395e1dcec5619e4b468dd1cef3f4db89652ed1a7,296c83d7a7f92e0eb5a4b1bd86944188f10aa254a951e3b53526d77bee1dd725,0.0,0.0,0,none,(),5080177bfb0b19e1bdf2c632ce666ddfb4d7c99c079d28ca9950413aad67af82,0c4fabb34ac8b9127e556c700c1da20b5c8c2c4d4fcf83c8a5b917feb814ca61,f439a9ed51f57fae2f57b262021cc4415869d38f86d0bb4d2fa89db413eebdd4
D4,3,2,3,120,348,15,100,30,0.01,False,cpu,lightning.qubit,adjoint,paper,edge,0.1,False,0.0,D4,2.0079232001306098,2.1974253223915823,0.7166666666666667,0.6206896551724138,0.0959770114942528,54,8,symmetry,1284.510417249985,3,0,True,True,0,d4_orbit_holdout_v1,d4_orbit_holdout_v1,D4,True,0,89,49,e7f9226a35a986d30d70e3b1ade00a758e4aff1044820b5b299c51fe9175ea9d,898ffe05fe1f89dfae86bd2d395e1dcec5619e4b468dd1cef3f4db89652ed1a7,63c2c4d1b4364a4d8088d1fa5452e3f56f6700d2c1edd7f25d2b899fe62517f0,0.0,0.0,0,none,(),5080177bfb0b19e1bdf2c632ce666ddfb4d7c99c079d28ca9950413aad67af82,0c4fabb34ac8b9127e556c700c1da20b5c8c2c4d4fcf83c8a5b917feb814ca61,f439a9ed51f57fae2f57b262021cc4415869d38f86d0bb4d2fa89db413eebdd4
D4,3,2,4,120,348,15,100,30,0.01,False,cpu,lightning.qubit,adjoint,paper,edge,0.1,False,0.0,D4,1.5290008593131792,2.073722154261935,0.85,0.7011494252873564,0.1488505747126436,54,8,symmetry,1297.8475626250147,4,0,True,True,0,d4_orbit_holdout_v1,d4_orbit_holdout_v1,D4,True,0,95,49,9f6eba2ac122de0c87ca5f5bae1bc9f25c60553479bc8096d9458ceac0bf57f3,898ffe05fe1f89dfae86bd2d395e1dcec5619e4b468dd1cef3f4db89652ed1a7,a6871ee58e365fbf389459da739117968fa6d5c1ea6ac5b764c2255657fa32e5,0.0,0.0,0,none,(),5080177bfb0b19e1bdf2c632ce666ddfb4d7c99c079d28ca9950413aad67af82,0c4fabb34ac8b9127e556c700c1da20b5c8c2c4d4fcf83c8a5b917feb814ca61,f439a9ed51f57fae2f57b262021cc4415869d38f86d0bb4d2fa89db413eebdd4
D4,3,2,5,120,348,15,100,30,0.01,False,cpu,lightning.qubit,adjoint,paper,edge,0.1,False,0.0,D4,1.7360718513663604,2.004878744206786,0.75,0.7241379310344828,0.0258620689655172,54,8,symmetry,1272.1560179999797,5,0,True,True,0,d4_orbit_holdout_v1,d4_orbit_holdout_v1,D4,True,0,95,49,3adf81a214fcd77b7d308e12147eaa54449693b844ec78ffcfde40d82904f1f5,898ffe05fe1f89dfae86bd2d395e1dcec5619e4b468dd1cef3f4db89652ed1a7,686fa309cd78b1fcf4c2fcf48542ef9a83fca5641ad8cd825509aa6f22d32508,0.0,0.0,0,none,(),5080177bfb0b19e1bdf2c632ce666ddfb4d7c99c079d28ca9950413aad67af82,0c4fabb34ac8b9127e556c700c1da20b5c8c2c4d4fcf83c8a5b917feb814ca61,f439a9ed51f57fae2f57b262021cc4415869d38f86d0bb4d2fa89db413eebdd4
D4,3,2,6,120,348,15,100,30,0.01,False,cpu,lightning.qubit,adjoint,paper,edge,0.1,False,0.0,D4,1.9002639240768595,2.0187126055943416,0.75,0.7126436781609196,0.0373563218390804,54,8,symmetry,1265.1876125409617,6,0,True,True,0,d4_orbit_holdout_v1,d4_orbit_holdout_v1,D4,True,0,98,49,e720cb86e41fc139d9ace2bea5521e01911642d4ef6eabf43328f5c043b1de6e,898ffe05fe1f89dfae86bd2d395e1dcec5619e4b468dd1cef3f4db89652ed1a7,17ee91923e03a129e935303797c1d3500c4a9ebfd416710fd338d30225ff1a83,0.0,0.0,0,none,(),5080177bfb0b19e1bdf2c632ce666ddfb4d7c99c079d28ca9950413aad67af82,0c4fabb34ac8b9127e556c700c1da20b5c8c2c4d4fcf83c8a5b917feb814ca61,f439a9ed51f57fae2f57b262021cc4415869d38f86d0bb4d2fa89db413eebdd4
D4,3,2,7,120,348,15,100,30,0.01,False,cpu,lightning.qubit,adjoint,paper,edge,0.1,False,0.0,D4,1.983405060428557,2.2360497570417,0.6916666666666667,0.5862068965517241,0.1054597701149425,54,8,symmetry,1255.8188991249772,7,0,True,True,0,d4_orbit_holdout_v1,d4_orbit_holdout_v1,D4,True,0,91,49,a15704f4ba7b44c68aed48d02d69890a5049f9668a5ed5009d7e3d69330b5301,898ffe05fe1f89dfae86bd2d395e1dcec5619e4b468dd1cef3f4db89652ed1a7,1447b67cfb5501f7237a0c9fe011d1361d266b39505b3dd09a34d53288234a4b,0.0,0.0,0,none,(),5080177bfb0b19e1bdf2c632ce666ddfb4d7c99c079d28ca9950413aad67af82,0c4fabb34ac8b9127e556c700c1da20b5c8c2c4d4fcf83c8a5b917feb814ca61,f439a9ed51f57fae2f57b262021cc4415869d38f86d0bb4d2fa89db413eebdd4
D4,3,2,8,120,348,15,100,30,0.01,False,cpu,lightning.qubit,adjoint,paper,edge,0.1,False,0.0,D4,1.8356202009996048,2.0705826231979443,0.8166666666666667,0.632183908045977,0.1844827586206896,54,8,symmetry,1252.9270135000115,8,0,True,True,0,d4_orbit_holdout_v1,d4_orbit_holdout_v1,D4,True,0,91,49,580eda3b1cea44649cc78e15f88de3a539ff57069af4c472c089af69840c4dc7,898ffe05fe1f89dfae86bd2d395e1dcec5619e4b468dd1cef3f4db89652ed1a7,e352d7197e6f5412ae6be5df7706da0548f858a397a1d32529fae3b2c525ccd3,0.0,0.0,0,none,(),5080177bfb0b19e1bdf2c632ce666ddfb4d7c99c079d28ca9950413aad67af82,0c4fabb34ac8b9127e556c700c1da20b5c8c2c4d4fcf83c8a5b917feb814ca61,f439a9ed51f57fae2f57b262021cc4415869d38f86d0bb4d2fa89db413eebdd4
D4,3,2,9,120,348,15,100,30,0.01,False,cpu,lightning.qubit,adjoint,paper,edge,0.1,False,0.0,D4,1.960683437039552,2.088345154499627,0.7083333333333334,0.5172413793103449,0.1910919540229885,54,8,symmetry,1263.448048375023,9,0,True,True,0,d4_orbit_holdout_v1,d4_orbit_holdout_v1,D4,True,0,92,49,619ec35ae71ec71f0ab934ed36d94026155952ff99774e23688c463fe2e691b3,898ffe05fe1f89dfae86bd2d395e1dcec5619e4b468dd1cef3f4db89652ed1a7,834ae5926e487b00bbb842d00e0fb0e1486cd1ba2dec383f92ccccf96fe2e622,0.0,0.0,0,none,(),5080177bfb0b19e1bdf2c632ce666ddfb4d7c99c079d28ca9950413aad67af82,0c4fabb34ac8b9127e556c700c1da20b5c8c2c4d4fcf83c8a5b917feb814ca61,f439a9ed51f57fae2f57b262021cc4415869d38f86d0bb4d2fa89db413eebdd4
D4,3,2,0,240,348,15,100,30,0.01,False,cpu,lightning.qubit,adjoint,paper,edge,0.1,False,0.0,D4,1.8772431221218728,2.091039101978183,0.7416666666666667,0.6666666666666666,0.075,54,8,symmetry,1302.9468577920345,0,0,True,True,0,d4_orbit_holdout_v1,d4_orbit_holdout_v1,D4,True,0,154,49,a25c38357d6c5afdf19497fbffd749a1aeb4a2a8be0500b392933f2f2842d722,898ffe05fe1f89dfae86bd2d395e1dcec5619e4b468dd1cef3f4db89652ed1a7,914579416e955b1f6c350603da3bd42e668ba5545df619b41dfce3c406c5b966,0.0,0.0,0,none,(),5080177bfb0b19e1bdf2c632ce666ddfb4d7c99c079d28ca9950413aad67af82,0c4fabb34ac8b9127e556c700c1da20b5c8c2c4d4fcf83c8a5b917feb814ca61,f439a9ed51f57fae2f57b262021cc4415869d38f86d0bb4d2fa89db413eebdd4
D4,3,2,1,240,348,15,100,30,0.01,False,cpu,lightning.qubit,adjoint,paper,edge,0.1,False,0.0,D4,1.9475191105571168,2.160313085463502,0.7,0.5862068965517241,0.1137931034482758,54,8,symmetry,1295.8664139580214,1,0,True,True,0,d4_orbit_holdout_v1,d4_orbit_holdout_v1,D4,True,0,153,49,7a035c72a0490cea32d5235f47f960cf4012d5568824bb4048580a6047b51654,898ffe05fe1f89dfae86bd2d395e1dcec5619e4b468dd1cef3f4db89652ed1a7,32f82728c26c02cb8d98bb72a8728c96c5c395f117d51e326a64c413d93c4b6d,0.0,0.0,0,none,(),5080177bfb0b19e1bdf2c632ce666ddfb4d7c99c079d28ca9950413aad67af82,0c4fabb34ac8b9127e556c700c1da20b5c8c2c4d4fcf83c8a5b917feb814ca61,f439a9ed51f57fae2f57b262021cc4415869d38f86d0bb4d2fa89db413eebdd4
D4,3,2,2,240,348,15,100,30,0.01,False,cpu,lightning.qubit,adjoint,paper,edge,0.1,False,0.0,D4,1.987744244251465,2.1499535305527995,0.6833333333333333,0.6666666666666666,0.0166666666666667,54,8,symmetry,1310.1580730840217,2,0,True,True,0,d4_orbit_holdout_v1,d4_orbit_holdout_v1,D4,True,0,152,49,6ae2b9cabf6c499004c3933f54f9064020a5eeb4ae9e3eab9eeba0ebe08c5b83,898ffe05fe1f89dfae86bd2d395e1dcec5619e4b468dd1cef3f4db89652ed1a7,fd4a44bc6c675210f27bcfe470c396d2c14f1190f75fee31a7495cd57fc37111,0.0,0.0,0,none,(),5080177bfb0b19e1bdf2c632ce666ddfb4d7c99c079d28ca9950413aad67af82,0c4fabb34ac8b9127e556c700c1da20b5c8c2c4d4fcf83c8a5b917feb814ca61,f439a9ed51f57fae2f57b262021cc4415869d38f86d0bb4d2fa89db413eebdd4
D4,3,2,3,240,348,15,100,30,0.01,False,cpu,lightning.qubit,adjoint,paper,edge,0.1,False,0.0,D4,1.9683429861359272,2.1995601888234777,0.7,0.6781609195402298,0.0218390804597701,54,8,symmetry,1307.7031717089703,3,0,True,True,0,d4_orbit_holdout_v1,d4_orbit_holdout_v1,D4,True,0,149,49,0932a2f803b53c282511da9723511ecfd45c5dcafdea9fe7be2b0630277ababc,898ffe05fe1f89dfae86bd2d395e1dcec5619e4b468dd1cef3f4db89652ed1a7,74b852b6ea2b797b360cf6b788a15d44c6ba1290748a0a778b3bd86ad65abea3,0.0,0.0,0,none,(),5080177bfb0b19e1bdf2c632ce666ddfb4d7c99c079d28ca9950413aad67af82,0c4fabb34ac8b9127e556c700c1da20b5c8c2c4d4fcf83c8a5b917feb814ca61,f439a9ed51f57fae2f57b262021cc4415869d38f86d0bb4d2fa89db413eebdd4
D4,3,2,4,240,348,15,100,30,0.01,False,cpu,lightning.qubit,adjoint,paper,edge,0.1,False,0.0,D4,1.7835775444606667,2.0859728832738496,0.7833333333333333,0.6666666666666666,0.1166666666666667,54,8,symmetry,1238.4921617090004,4,0,True,True,0,d4_orbit_holdout_v1,d4_orbit_holdout_v1,D4,True,0,157,49,77466e55cd6da89027202e03ff7baabb4f37cedd496294227837bd2d572fa7a7,898ffe05fe1f89dfae86bd2d395e1dcec5619e4b468dd1cef3f4db89652ed1a7,490dd378965c103f7e6816e5fd840a12189fce54fac6cf6dadd945a9c7c0b856,0.0,0.0,0,none,(),5080177bfb0b19e1bdf2c632ce666ddfb4d7c99c079d28ca9950413aad67af82,0c4fabb34ac8b9127e556c700c1da20b5c8c2c4d4fcf83c8a5b917feb814ca61,f439a9ed51f57fae2f57b262021cc4415869d38f86d0bb4d2fa89db413eebdd4
D4,3,2,5,240,348,15,100,30,0.01,False,cpu,lightning.qubit,adjoint,paper,edge,0.1,False,0.0,D4,1.824435896471558,1.9275186051878412,0.7,0.735632183908046,-0.035632183908046,54,8,symmetry,1263.3046806249768,5,0,True,True,0,d4_orbit_holdout_v1,d4_orbit_holdout_v1,D4,True,0,156,49,a344be3f3386e32e0bda86869eace5bee48dd8db562c4b499b95bce074029eef,898ffe05fe1f89dfae86bd2d395e1dcec5619e4b468dd1cef3f4db89652ed1a7,eb3b235c76053532847a5199c0be11e4f3870fde7e3ab33f4961c22ddb88ec32,0.0,0.0,0,none,(),5080177bfb0b19e1bdf2c632ce666ddfb4d7c99c079d28ca9950413aad67af82,0c4fabb34ac8b9127e556c700c1da20b5c8c2c4d4fcf83c8a5b917feb814ca61,f439a9ed51f57fae2f57b262021cc4415869d38f86d0bb4d2fa89db413eebdd4
D4,3,2,6,240,348,15,100,30,0.01,False,cpu,lightning.qubit,adjoint,paper,edge,0.1,False,0.0,D4,1.8839079515435049,1.918645318297706,0.7791666666666667,0.735632183908046,0.0435344827586207,54,8,symmetry,1243.888400750002,6,0,True,True,0,d4_orbit_holdout_v1,d4_orbit_holdout_v1,D4,True,0,150,49,c55eb5bf78465f81d903be701693369417bcfa428cc273eacde6c495f7fda45d,898ffe05fe1f89dfae86bd2d395e1dcec5619e4b468dd1cef3f4db89652ed1a7,7f4e93a3e005917e31980a620e35d0ea81ba76989d02388658991ef09fab850c,0.0,0.0,0,none,(),5080177bfb0b19e1bdf2c632ce666ddfb4d7c99c079d28ca9950413aad67af82,0c4fabb34ac8b9127e556c700c1da20b5c8c2c4d4fcf83c8a5b917feb814ca61,f439a9ed51f57fae2f57b262021cc4415869d38f86d0bb4d2fa89db413eebdd4
D4,3,2,7,240,348,15,100,30,0.01,False,cpu,lightning.qubit,adjoint,paper,edge,0.1,False,0.0,D4,1.9763156625548828,2.0738587557370782,0.7166666666666667,0.7471264367816092,-0.0304597701149424,54,8,symmetry,1288.8164234170108,7,0,True,True,0,d4_orbit_holdout_v1,d4_orbit_holdout_v1,D4,True,0,148,49,04a423470264e1fc0eee90f01bf77b97b2d54c99dd0bf6e58283a870a9bc1af5,898ffe05fe1f89dfae86bd2d395e1dcec5619e4b468dd1cef3f4db89652ed1a7,b88ce323afcec010c79f85ad7a7cba3ea4dbbd574df723c05e20804820be7354,0.0,0.0,0,none,(),5080177bfb0b19e1bdf2c632ce666ddfb4d7c99c079d28ca9950413aad67af82,0c4fabb34ac8b9127e556c700c1da20b5c8c2c4d4fcf83c8a5b917feb814ca61,f439a9ed51f57fae2f57b262021cc4415869d38f86d0bb4d2fa89db413eebdd4
D4,3,2,8,240,348,15,100,30,0.01,False,cpu,lightning.qubit,adjoint,paper,edge,0.1,False,0.0,D4,1.9528319984184253,2.1909139165887708,0.7208333333333333,0.632183908045977,0.0886494252873563,54,8,symmetry,1285.1698144999682,8,0,True,True,0,d4_orbit_holdout_v1,d4_orbit_holdout_v1,D4,True,0,150,49,171c22e75fc5155734702cfcf541159fc52338fe134785a28534ec0f1362af38,898ffe05fe1f89dfae86bd2d395e1dcec5619e4b468dd1cef3f4db89652ed1a7,e14565dc5ccfdc4c59186735aa7e0eaa7859bb5dda1f546b3eb9e4be00a7f826,0.0,0.0,0,none,(),5080177bfb0b19e1bdf2c632ce666ddfb4d7c99c079d28ca9950413aad67af82,0c4fabb34ac8b9127e556c700c1da20b5c8c2c4d4fcf83c8a5b917feb814ca61,f439a9ed51f57fae2f57b262021cc4415869d38f86d0bb4d2fa89db413eebdd4
D4,3,2,9,240,348,15,100,30,0.01,False,cpu,lightning.qubit,adjoint,paper,edge,0.1,False,0.0,D4,1.979245540757473,2.003117604905338,0.7,0.735632183908046,-0.035632183908046,54,8,symmetry,1293.497818291013,9,0,True,True,0,d4_orbit_holdout_v1,d4_orbit_holdout_v1,D4,True,0,157,49,9a0e9b3ccf001585c319639337ecaaf099361b26af31877c3bf1e8c1f69527c1,898ffe05fe1f89dfae86bd2d395e1dcec5619e4b468dd1cef3f4db89652ed1a7,9c04b2c859ca9f2a1a99f694f3ee0ddaae5bede4759c340e57c965906c863f5a,0.0,0.0,0,none,(),5080177bfb0b19e1bdf2c632ce666ddfb4d7c99c079d28ca9950413aad67af82,0c4fabb34ac8b9127e556c700c1da20b5c8c2c4d4fcf83c8a5b917feb814ca61,f439a9ed51f57fae2f57b262021cc4415869d38f86d0bb4d2fa89db413eebdd4
D4,3,2,0,450,348,15,100,30,0.01,False,cpu,lightning.qubit,adjoint,paper,edge,0.1,False,0.0,D4,1.9555188057454616,2.162940577327767,0.6844444444444444,0.6436781609195402,0.0407662835249041,54,8,symmetry,1268.812943583005,0,0,True,True,0,d4_orbit_holdout_v1,d4_orbit_holdout_v1,D4,True,0,226,49,f1397bc570062daae495b6aadb90f79049b648d027728c7a49b1ca0c775823b9,898ffe05fe1f89dfae86bd2d395e1dcec5619e4b468dd1cef3f4db89652ed1a7,de5e6905b732dda763592549b10c872a142ee5f7abd703e1f002d99052f4b6b1,0.0,0.0,0,none,(),5080177bfb0b19e1bdf2c632ce666ddfb4d7c99c079d28ca9950413aad67af82,0c4fabb34ac8b9127e556c700c1da20b5c8c2c4d4fcf83c8a5b917feb814ca61,f439a9ed51f57fae2f57b262021cc4415869d38f86d0bb4d2fa89db413eebdd4
D4,3,2,1,450,348,15,100,30,0.01,False,cpu,lightning.qubit,adjoint,paper,edge,0.1,False,0.0,D4,1.941794007443689,2.093974132434015,0.7288888888888889,0.6896551724137931,0.0392337164750957,54,8,symmetry,1276.8365860829945,1,0,True,True,0,d4_orbit_holdout_v1,d4_orbit_holdout_v1,D4,True,0,228,49,18d1a933dd0e5239b028a941c92e013673a8d45d2f02802dac7283035cf67b83,898ffe05fe1f89dfae86bd2d395e1dcec5619e4b468dd1cef3f4db89652ed1a7,04a6354a00641d752edf2e9ac853fd031bc2d669f15da74e1a248f00bbd87b0c,0.0,0.0,0,none,(),5080177bfb0b19e1bdf2c632ce666ddfb4d7c99c079d28ca9950413aad67af82,0c4fabb34ac8b9127e556c700c1da20b5c8c2c4d4fcf83c8a5b917feb814ca61,f439a9ed51f57fae2f57b262021cc4415869d38f86d0bb4d2fa89db413eebdd4
D4,3,2,2,450,348,15,100,30,0.01,False,cpu,lightning.qubit,adjoint,paper,edge,0.1,False,0.0,D4,1.964240580724742,2.035942470408703,0.78,0.6551724137931034,0.1248275862068966,54,8,symmetry,1295.39554425003,2,0,True,True,0,d4_orbit_holdout_v1,d4_orbit_holdout_v1,D4,True,0,229,49,b173370472fc253d6e1cff6bf6a404b7bf82c20c111939cdef36ee1db0fdb4c9,898ffe05fe1f89dfae86bd2d395e1dcec5619e4b468dd1cef3f4db89652ed1a7,d6b2e82383286d26db34de3fe536b206c62d3bdd0bc38645f616c2fe2967f1aa,0.0,0.0,0,none,(),5080177bfb0b19e1bdf2c632ce666ddfb4d7c99c079d28ca9950413aad67af82,0c4fabb34ac8b9127e556c700c1da20b5c8c2c4d4fcf83c8a5b917feb814ca61,f439a9ed51f57fae2f57b262021cc4415869d38f86d0bb4d2fa89db413eebdd4
D4,3,2,3,450,348,15,100,30,0.01,False,cpu,lightning.qubit,adjoint,paper,edge,0.1,False,0.0,D4,1.959129948531999,2.208430988004667,0.6822222222222222,0.5977011494252874,0.0845210727969347,54,8,symmetry,1288.4700422919705,3,0,True,True,0,d4_orbit_holdout_v1,d4_orbit_holdout_v1,D4,True,0,223,49,23254f826010e1f05a505e3a7bc8760eafa2be3851d98438bd328048b73d5e51,898ffe05fe1f89dfae86bd2d395e1dcec5619e4b468dd1cef3f4db89652ed1a7,b69b51193beec9e7e397e02309654d37a9d98e50f65ee9f0f003739f25d4e837,0.0,0.0,0,none,(),5080177bfb0b19e1bdf2c632ce666ddfb4d7c99c079d28ca9950413aad67af82,0c4fabb34ac8b9127e556c700c1da20b5c8c2c4d4fcf83c8a5b917feb814ca61,f439a9ed51f57fae2f57b262021cc4415869d38f86d0bb4d2fa89db413eebdd4
D4,3,2,4,450,348,15,100,30,0.01,False,cpu,lightning.qubit,adjoint,paper,edge,0.1,False,0.0,D4,1.9097801561967565,2.0927524471928973,0.7266666666666667,0.6666666666666666,0.06,54,8,symmetry,1277.7791937500006,4,0,True,True,0,d4_orbit_holdout_v1,d4_orbit_holdout_v1,D4,True,0,233,49,2fe5e1a879534b991a638ec38cb4a2205eb385f7b5095e47ea71d17b3b9160d0,898ffe05fe1f89dfae86bd2d395e1dcec5619e4b468dd1cef3f4db89652ed1a7,9a82eb817e755f7a0e79113b591c8992636cb4889a30f9ba76999401c5f9fa93,0.0,0.0,0,none,(),5080177bfb0b19e1bdf2c632ce666ddfb4d7c99c079d28ca9950413aad67af82,0c4fabb34ac8b9127e556c700c1da20b5c8c2c4d4fcf83c8a5b917feb814ca61,f439a9ed51f57fae2f57b262021cc4415869d38f86d0bb4d2fa89db413eebdd4
D4,3,2,5,450,348,15,100,30,0.01,False,cpu,lightning.qubit,adjoint,paper,edge,0.1,False,0.0,D4,1.9747101023496816,2.039032488162065,0.7133333333333334,0.7011494252873564,0.012183908045977,54,8,symmetry,1284.5006010830402,5,0,True,True,0,d4_orbit_holdout_v1,d4_orbit_holdout_v1,D4,True,0,225,49,cc8a2b591b4ee35f4feb90e5ab75aa21968f28ed0bd0dd865657e6f7438c1309,898ffe05fe1f89dfae86bd2d395e1dcec5619e4b468dd1cef3f4db89652ed1a7,8340097c442d3ae98780c4cd19e283985f58408262e8b98f685b79bc09c56a87,0.0,0.0,0,none,(),5080177bfb0b19e1bdf2c632ce666ddfb4d7c99c079d28ca9950413aad67af82,0c4fabb34ac8b9127e556c700c1da20b5c8c2c4d4fcf83c8a5b917feb814ca61,f439a9ed51f57fae2f57b262021cc4415869d38f86d0bb4d2fa89db413eebdd4
D4,3,2,6,450,348,15,100,30,0.01,False,cpu,lightning.qubit,adjoint,paper,edge,0.1,False,0.0,D4,1.989860967843226,2.057446838358263,0.7,0.632183908045977,0.0678160919540229,54,8,symmetry,1284.2350994580192,6,0,True,True,0,d4_orbit_holdout_v1,d4_orbit_holdout_v1,D4,True,0,226,49,9bc3b31b9f94d53e2801e858a4c3985d9f4b4248f05760948a9642048664ec80,898ffe05fe1f89dfae86bd2d395e1dcec5619e4b468dd1cef3f4db89652ed1a7,b4a042c72cd92a940d7e8b0b4816296c49552aba8bc3a92fcbad4535737f302a,0.0,0.0,0,none,(),5080177bfb0b19e1bdf2c632ce666ddfb4d7c99c079d28ca9950413aad67af82,0c4fabb34ac8b9127e556c700c1da20b5c8c2c4d4fcf83c8a5b917feb814ca61,f439a9ed51f57fae2f57b262021cc4415869d38f86d0bb4d2fa89db413eebdd4
D4,3,2,7,450,348,15,100,30,0.01,False,cpu,lightning.qubit,adjoint,paper,edge,0.1,False,0.0,D4,1.9697571671715817,2.034915879846217,0.7,0.6666666666666666,0.0333333333333333,54,8,symmetry,1257.7377722079982,7,0,True,True,0,d4_orbit_holdout_v1,d4_orbit_holdout_v1,D4,True,0,220,49,e59b993603f46c0c8ef00b8238b4af35a6ad5c327d3f84700cf93cc84364dc2d,898ffe05fe1f89dfae86bd2d395e1dcec5619e4b468dd1cef3f4db89652ed1a7,1bfd8b03cb135a01a564f5f9a7aba100cf20081ee6cadd9953cf3a266fdadc84,0.0,0.0,0,none,(),5080177bfb0b19e1bdf2c632ce666ddfb4d7c99c079d28ca9950413aad67af82,0c4fabb34ac8b9127e556c700c1da20b5c8c2c4d4fcf83c8a5b917feb814ca61,f439a9ed51f57fae2f57b262021cc4415869d38f86d0bb4d2fa89db413eebdd4
D4,3,2,8,450,348,15,100,30,0.01,False,cpu,lightning.qubit,adjoint,paper,edge,0.1,False,0.0,D4,1.942266477787964,2.0983600545354832,0.7288888888888889,0.7471264367816092,-0.0182375478927202,54,8,symmetry,1260.1692595410277,8,0,True,True,0,d4_orbit_holdout_v1,d4_orbit_holdout_v1,D4,True,0,221,49,3372b2fb3a18ed032d1e6a8c25ef6f8a7cc331bddb0a7aebfd9897c15ef92903,898ffe05fe1f89dfae86bd2d395e1dcec5619e4b468dd1cef3f4db89652ed1a7,fe2a6480671f6da3083312a45e9122069ec6cdc7dda580fec8287a2853cc8f51,0.0,0.0,0,none,(),5080177bfb0b19e1bdf2c632ce666ddfb4d7c99c079d28ca9950413aad67af82,0c4fabb34ac8b9127e556c700c1da20b5c8c2c4d4fcf83c8a5b917feb814ca61,f439a9ed51f57fae2f57b262021cc4415869d38f86d0bb4d2fa89db413eebdd4
D4,3,2,9,450,348,15,100,30,0.01,False,cpu,lightning.qubit,adjoint,paper,edge,0.1,False,0.0,D4,2.0576442673000015,2.152475975619775,0.6911111111111111,0.6551724137931034,0.0359386973180076,54,8,symmetry,1279.1868761249934,9,0,True,True,0,d4_orbit_holdout_v1,d4_orbit_holdout_v1,D4,True,0,225,49,b53d4b61ecce843683f650bcf1a1d5e86b087793630cdbed59c0a9cda061c796,898ffe05fe1f89dfae86bd2d395e1dcec5619e4b468dd1cef3f4db89652ed1a7,457fa09c7bc53ddd760f859a1e1cdb67a65ec0b45b1c3d750e4e1657edd1ff0e,0.0,0.0,0,none,(),5080177bfb0b19e1bdf2c632ce666ddfb4d7c99c079d28ca9950413aad67af82,0c4fabb34ac8b9127e556c700c1da20b5c8c2c4d4fcf83c8a5b917feb814ca61,f439a9ed51f57fae2f57b262021cc4415869d38f86d0bb4d2fa89db413eebdd4
D4,3,2,0,600,348,15,100,30,0.01,False,cpu,lightning.qubit,adjoint,paper,edge,0.1,False,0.0,D4,1.9029501694103608,2.0638899807125943,0.705,0.7471264367816092,-0.0421264367816092,54,8,symmetry,1302.3365095840418,0,0,True,True,0,d4_orbit_holdout_v1,d4_orbit_holdout_v1,D4,True,0,264,49,dc5d69f90befaaac45ab97941593e084ce14a5aba58b199edc6ed232514cb4b2,898ffe05fe1f89dfae86bd2d395e1dcec5619e4b468dd1cef3f4db89652ed1a7,539bcdd33972921a9ca9fa6af1e4c2bf16bd64df08697fa6f63ddaab0da4f5c1,0.0,0.0,0,none,(),5080177bfb0b19e1bdf2c632ce666ddfb4d7c99c079d28ca9950413aad67af82,0c4fabb34ac8b9127e556c700c1da20b5c8c2c4d4fcf83c8a5b917feb814ca61,f439a9ed51f57fae2f57b262021cc4415869d38f86d0bb4d2fa89db413eebdd4
D4,3,2,1,600,348,15,100,30,0.01,False,cpu,lightning.qubit,adjoint,paper,edge,0.1,False,0.0,D4,1.9271679584876256,2.166288499974842,0.74,0.6666666666666666,0.0733333333333333,54,8,symmetry,1246.9361954579945,1,0,True,True,0,d4_orbit_holdout_v1,d4_orbit_holdout_v1,D4,True,0,266,49,502eea996526fedc78321f300a0b61959995d8817760f909360619ea6a7667be,898ffe05fe1f89dfae86bd2d395e1dcec5619e4b468dd1cef3f4db89652ed1a7,784c5fe0f242bd63c5ad1ea12cf6490f72ab6a8480666fb4c08f2677beadc81e,0.0,0.0,0,none,(),5080177bfb0b19e1bdf2c632ce666ddfb4d7c99c079d28ca9950413aad67af82,0c4fabb34ac8b9127e556c700c1da20b5c8c2c4d4fcf83c8a5b917feb814ca61,f439a9ed51f57fae2f57b262021cc4415869d38f86d0bb4d2fa89db413eebdd4
D4,3,2,2,600,348,15,100,30,0.01,False,cpu,lightning.qubit,adjoint,paper,edge,0.1,False,0.0,D4,1.952617870154069,2.083221224123654,0.7266666666666667,0.6666666666666666,0.06,54,8,symmetry,1309.8970655000303,2,0,True,True,0,d4_orbit_holdout_v1,d4_orbit_holdout_v1,D4,True,0,269,49,f9ef66ed8c54beeeab8d30e8c978294086c0bc03d8089bdb0086cc397e19d97b,898ffe05fe1f89dfae86bd2d395e1dcec5619e4b468dd1cef3f4db89652ed1a7,1d49a8470be0d005a3fdbf85fced0419b16c60e88b7a367b16eacec8e9002abf,0.0,0.0,0,none,(),5080177bfb0b19e1bdf2c632ce666ddfb4d7c99c079d28ca9950413aad67af82,0c4fabb34ac8b9127e556c700c1da20b5c8c2c4d4fcf83c8a5b917feb814ca61,f439a9ed51f57fae2f57b262021cc4415869d38f86d0bb4d2fa89db413eebdd4
D4,3,2,3,600,348,15,100,30,0.01,False,cpu,lightning.qubit,adjoint,paper,edge,0.1,False,0.0,D4,1.949397366092297,2.1613894205204747,0.6916666666666667,0.6436781609195402,0.0479885057471264,54,8,symmetry,1308.339128749969,3,0,True,True,0,d4_orbit_holdout_v1,d4_orbit_holdout_v1,D4,True,0,263,49,1a1ba5d100dfa02c205519e367e26c4c26b20e73ecab52b7c845c238b1313513,898ffe05fe1f89dfae86bd2d395e1dcec5619e4b468dd1cef3f4db89652ed1a7,553fb5f1d8e2f96e6941c8974209ced372531f8387994ea8ff669b79551a87ec,0.0,0.0,0,none,(),5080177bfb0b19e1bdf2c632ce666ddfb4d7c99c079d28ca9950413aad67af82,0c4fabb34ac8b9127e556c700c1da20b5c8c2c4d4fcf83c8a5b917feb814ca61,f439a9ed51f57fae2f57b262021cc4415869d38f86d0bb4d2fa89db413eebdd4
D4,3,2,4,600,348,15,100,30,0.01,False,cpu,lightning.qubit,adjoint,paper,edge,0.1,False,0.0,D4,1.9515600855233255,1.9953633503424784,0.7,0.7126436781609196,-0.0126436781609196,54,8,symmetry,1244.229601167026,4,0,True,True,0,d4_orbit_holdout_v1,d4_orbit_holdout_v1,D4,True,0,272,49,8de29e6cca1e5a9b645400356bb2c0d838066bc7dddf603da0de0e9b9cb613c7,898ffe05fe1f89dfae86bd2d395e1dcec5619e4b468dd1cef3f4db89652ed1a7,ecd54a3b63ae340a5031159d735f8a1f57d301d7fd14f3cacac746b4584efb8b,0.0,0.0,0,none,(),5080177bfb0b19e1bdf2c632ce666ddfb4d7c99c079d28ca9950413aad67af82,0c4fabb34ac8b9127e556c700c1da20b5c8c2c4d4fcf83c8a5b917feb814ca61,f439a9ed51f57fae2f57b262021cc4415869d38f86d0bb4d2fa89db413eebdd4
D4,3,2,5,600,348,15,100,30,0.01,False,cpu,lightning.qubit,adjoint,paper,edge,0.1,False,0.0,D4,2.038714486527785,2.0777286332101186,0.69,0.6896551724137931,0.0003448275862067,54,8,symmetry,1254.3313515000043,5,0,True,True,0,d4_orbit_holdout_v1,d4_orbit_holdout_v1,D4,True,0,266,49,2119280bef8c6be599a8fc2cdaae297d965bfc209c71b8bed17538f1176a615a,898ffe05fe1f89dfae86bd2d395e1dcec5619e4b468dd1cef3f4db89652ed1a7,549e99c7302d51d62fba17b985414fcbf17a980b9368ddb28122ac3340d85e46,0.0,0.0,0,none,(),5080177bfb0b19e1bdf2c632ce666ddfb4d7c99c079d28ca9950413aad67af82,0c4fabb34ac8b9127e556c700c1da20b5c8c2c4d4fcf83c8a5b917feb814ca61,f439a9ed51f57fae2f57b262021cc4415869d38f86d0bb4d2fa89db413eebdd4
D4,3,2,6,600,348,15,100,30,0.01,False,cpu,lightning.qubit,adjoint,paper,edge,0.1,False,0.0,D4,1.9766595225722696,2.069634536957037,0.7033333333333334,0.6781609195402298,0.0251724137931035,54,8,symmetry,1295.7513169170124,6,0,True,True,0,d4_orbit_holdout_v1,d4_orbit_holdout_v1,D4,True,0,266,49,f854b9d22b73d3baf149ed8cd897ea6993c77aa15b92a5dbf49befaf6919b01d,898ffe05fe1f89dfae86bd2d395e1dcec5619e4b468dd1cef3f4db89652ed1a7,6e2a4c7f5638223112768702818d511663d147d8d0ba80562a4abe8e5295c478,0.0,0.0,0,none,(),5080177bfb0b19e1bdf2c632ce666ddfb4d7c99c079d28ca9950413aad67af82,0c4fabb34ac8b9127e556c700c1da20b5c8c2c4d4fcf83c8a5b917feb814ca61,f439a9ed51f57fae2f57b262021cc4415869d38f86d0bb4d2fa89db413eebdd4
D4,3,2,7,600,348,15,100,30,0.01,False,cpu,lightning.qubit,adjoint,paper,edge,0.1,False,0.0,D4,2.0123336434972527,2.0504351445004603,0.6933333333333334,0.6666666666666666,0.0266666666666667,54,8,symmetry,1286.7035896250163,7,0,True,True,0,d4_orbit_holdout_v1,d4_orbit_holdout_v1,D4,True,0,262,49,2e4b5e4c0ea21848b05443dfeb749ee5e4b3712272d6f850b1d1c1c198f7b414,898ffe05fe1f89dfae86bd2d395e1dcec5619e4b468dd1cef3f4db89652ed1a7,9a6df2e338d341b2a893a3b35c6043fb5969e7317e81ff563483c2696d01ef32,0.0,0.0,0,none,(),5080177bfb0b19e1bdf2c632ce666ddfb4d7c99c079d28ca9950413aad67af82,0c4fabb34ac8b9127e556c700c1da20b5c8c2c4d4fcf83c8a5b917feb814ca61,f439a9ed51f57fae2f57b262021cc4415869d38f86d0bb4d2fa89db413eebdd4
D4,3,2,8,600,348,15,100,30,0.01,False,cpu,lightning.qubit,adjoint,paper,edge,0.1,False,0.0,D4,2.0361933202911966,2.1216370460276774,0.7033333333333334,0.6436781609195402,0.0596551724137931,54,8,symmetry,1284.9969207079848,8,0,True,True,0,d4_orbit_holdout_v1,d4_orbit_holdout_v1,D4,True,0,265,49,c3f231e6f88bb20e9faa707b33a0091c0c4956e17ed8415913bf5554a6e4fca2,898ffe05fe1f89dfae86bd2d395e1dcec5619e4b468dd1cef3f4db89652ed1a7,1c97bca8d39baa612a9ee96f39b51a0b76c97a8fb09ea3e647394d223c7bd7b1,0.0,0.0,0,none,(),5080177bfb0b19e1bdf2c632ce666ddfb4d7c99c079d28ca9950413aad67af82,0c4fabb34ac8b9127e556c700c1da20b5c8c2c4d4fcf83c8a5b917feb814ca61,f439a9ed51f57fae2f57b262021cc4415869d38f86d0bb4d2fa89db413eebdd4
D4,3,2,9,600,348,15,100,30,0.01,False,cpu,lightning.qubit,adjoint,paper,edge,0.1,False,0.0,D4,1.976633102644224,2.024400568479346,0.7066666666666667,0.6666666666666666,0.04,54,8,symmetry,1294.425359749992,9,0,True,True,0,d4_orbit_holdout_v1,d4_orbit_holdout_v1,D4,True,0,265,49,f4adab1d8bd6dd97991fa341e92a77e4ea25c2a5edbb5a14843d7841d1f50a31,898ffe05fe1f89dfae86bd2d395e1dcec5619e4b468dd1cef3f4db89652ed1a7,9e3283df79c5d13febf6c251bd1ed173afed93f6bc4e02184add4fc6a1bb5281,0.0,0.0,0,none,(),5080177bfb0b19e1bdf2c632ce666ddfb4d7c99c079d28ca9950413aad67af82,0c4fabb34ac8b9127e556c700c1da20b5c8c2c4d4fcf83c8a5b917feb814ca61,f439a9ed51f57fae2f57b262021cc4415869d38f86d0bb4d2fa89db413eebdd4
