subgroup,L,p,seed,train_size,test_size,batch_size,epochs,steps_per_epoch,lr,random_sharing,device,pl_device,diff_method,single_qubit_block,circuit_family,init_scale,allow_overlap_if_needed,epsilon,broken_K,train_loss,test_loss,train_accuracy,test_accuracy,generalization_gap,num_parameters,subgroup_order,sharing_type,elapsed_seconds,train_seed,test_seed,requested_disjoint,actual_disjoint,overlap_count,split_mode,split_protocol,split_group,group_disjoint,orbit_overlap_count,train_orbit_count,test_orbit_count,train_index_digest,test_index_digest,split_index_digest,requested_epsilon,actual_epsilon,corrupted_orbit_count,corruption_mode,corrupted_orbit_indices,source_fingerprint,environment_fingerprint,run_fingerprint
C4,3,2,0,600,348,15,100,30,0.01,False,cpu,lightning.qubit,adjoint,paper,edge,0.1,False,0.0,D4,2.0004671032390284,2.1125658382011254,0.685,0.6436781609195402,0.0413218390804598,60,4,symmetry,1298.1130539160222,0,0,True,True,0,d4_orbit_holdout_v1,d4_orbit_holdout_v1,D4,True,0,264,49,dc5d69f90befaaac45ab97941593e084ce14a5aba58b199edc6ed232514cb4b2,898ffe05fe1f89dfae86bd2d395e1dcec5619e4b468dd1cef3f4db89652ed1a7,539bcdd33972921a9ca9fa6af1e4c2bf16bd64df08697fa6f63ddaab0da4f5c1,0.0,0.0,0,none,(),5080177bfb0b19e1bdf2c632ce666ddfb4d7c99c079d28ca9950413aad67af82,0c4fabb34ac8b9127e556c700c1da20b5c8c2c4d4fcf83c8a5b917feb814ca61,f439a9ed51f57fae2f57b262021cc4415869d38f86d0bb4d2fa89db413eebdd4
C4,3,2,1,600,348,15,100,30,0.01,False,cpu,lightning.qubit,adjoint,paper,edge,0.1,False,0.0,D4,1.9310460987903235,2.0695425015981113,0.755,0.7241379310344828,0.0308620689655172,60,4,symmetry,1294.681983708986,1,0,True,True,0,d4_orbit_holdout_v1,d4_orbit_holdout_v1,D4,True,0,266,49,502eea996526fedc78321f300a0b61959995d8817760f909360619ea6a7667be,898ffe05fe1f89dfae86bd2d395e1dcec5619e4b468dd1cef3f4db89652ed1a7,784c5fe0f242bd63c5ad1ea12cf6490f72ab6a8480666fb4c08f2677beadc81e,0.0,0.0,0,none,(),5080177bfb0b19e1bdf2c632ce666ddfb4d7c99c079d28ca9950413aad67af82,0c4fabb34ac8b9127e556c700c1da20b5c8c2c4d4fcf83c8a5b917feb814ca61,f439a9ed51f57fae2f57b262021cc4415869d38f86d0bb4d2fa89db413eebdd4
C4,3,2,2,600,348,15,100,30,0.01,False,cpu,lightning.qubit,adjoint,paper,edge,0.1,False,0.0,D4,1.9754912174189652,2.120821760708356,0.7633333333333333,0.7011494252873564,0.0621839080459769,60,4,symmetry,1307.7654290829669,2,0,True,True,0,d4_orbit_holdout_v1,d4_orbit_holdout_v1,D4,True,0,269,49,f9ef66ed8c54beeeab8d30e8c978294086c0bc03d8089bdb0086cc397e19d97b,898ffe05fe1f89dfae86bd2d395e1dcec5619e4b468dd1cef3f4db89652ed1a7,1d49a8470be0d005a3fdbf85fced0419b16c60e88b7a367b16eacec8e9002abf,0.0,0.0,0,none,(),5080177bfb0b19e1bdf2c632ce666ddfb4d7c99c079d28ca9950413aad67af82,0c4fabb34ac8b9127e556c700c1da20b5c8c2c4d4fcf83c8a5b917feb814ca61,f439a9ed51f57fae2f57b262021cc4415869d38f86d0bb4d2fa89db413eebdd4
C4,3,2,3,600,348,15,100,30,0.01,False,cpu,lightning.qubit,adjoint,paper,edge,0.1,False,0.0,D4,1.9244520832900005,2.136138356397773,0.7716666666666666,0.7126436781609196,0.059022988505747,60,4,symmetry,1305.3807882079857,3,0,True,True,0,d4_orbit_holdout_v1,d4_orbit_holdout_v1,D4,True,0,263,49,1a1ba5d100dfa02c205519e367e26c4c26b20e73ecab52b7c845c238b1313513,898ffe05fe1f89dfae86bd2d395e1dcec5619e4b468dd1cef3f4db89652ed1a7,553fb5f1d8e2f96e6941c8974209ced372531f8387994ea8ff669b79551a87ec,0.0,0.0,0,none,(),5080177bfb0b19e1bdf2c632ce666ddfb4d7c99c079d28ca9950413aad67af82,0c4fabb34ac8b9127e556c700c1da20b5c8c2c4d4fcf83c8a5b917feb814ca61,f439a9ed51f57fae2f57b262021cc4415869d38f86d0bb4d2fa89db413eebdd4
C4,3,2,4,600,348,15,100,30,0.01,False,cpu,lightning.qubit,adjoint,paper,edge,0.1,False,0.0,D4,1.9879654763624717,2.0915316441391587,0.7016666666666667,0.6896551724137931,0.0120114942528735,60,4,symmetry,1290.8309822080191,4,0,True,True,0,d4_orbit_holdout_v1,d4_orbit_holdout_v1,D4,True,0,272,49,8de29e6cca1e5a9b645400356bb2c0d838066bc7dddf603da0de0e9b9cb613c7,898ffe05fe1f89dfae86bd2d395e1dcec5619e4b468dd1cef3f4db89652ed1a7,ecd54a3b63ae340a5031159d735f8a1f57d301d7fd14f3cacac746b4584efb8b,0.0,0.0,0,none,(),5080177bfb0b19e1bdf2c632ce666ddfb4d7c99c079d28ca9950413aad67af82,0c4fabb34ac8b9127e556c700c1da20b5c8c2c4d4fcf83c8a5b917feb814ca61,f439a9ed51f57fae2f57b262021cc4415869d38f86d0bb4d2fa89db413eebdd4
C4,3,2,5,600,348,15,100,30,0.01,False,cpu,lightning.qubit,adjoint,paper,edge,0.1,False,0.0,D4,1.9292199440915203,1.9238405937632104,0.7383333333333333,0.8275862068965517,-0.0892528735632184,60,4,symmetry,1294.3099082079716,5,0,True,True,0,d4_orbit_holdout_v1,d4_orbit_holdout_v1,D4,True,0,266,49,2119280bef8c6be599a8fc2cdaae297d965bfc209c71b8bed17538f1176a615a,898ffe05fe1f89dfae86bd2d395e1dcec5619e4b468dd1cef3f4db89652ed1a7,549e99c7302d51d62fba17b985414fcbf17a980b9368ddb28122ac3340d85e46,0.0,0.0,0,none,(),5080177bfb0b19e1bdf2c632ce666ddfb4d7c99c079d28ca9950413aad67af82,0c4fabb34ac8b9127e556c700c1da20b5c8c2c4d4fcf83c8a5b917feb814ca61,f439a9ed51f57fae2f57b262021cc4415869d38f86d0bb4d2fa89db413eebdd4
C4,3,2,6,600,348,15,100,30,0.01,False,cpu,lightning.qubit,adjoint,paper,edge,0.1,False,0.0,D4,1.909855876560983,1.9792573642902571,0.7316666666666667,0.7126436781609196,0.0190229885057471,60,4,symmetry,1261.7791977919987,6,0,True,True,0,d4_orbit_holdout_v1,d4_orbit_holdout_v1,D4,True,0,266,49,f854b9d22b73d3baf149ed8cd897ea6993c77aa15b92a5dbf49befaf6919b01d,898ffe05fe1f89dfae86bd2d395e1dcec5619e4b468dd1cef3f4db89652ed1a7,6e2a4c7f5638223112768702818d511663d147d8d0ba80562a4abe8e5295c478,0.0,0.0,0,none,(),5080177bfb0b19e1bdf2c632ce666ddfb4d7c99c079d28ca9950413aad67af82,0c4fabb34ac8b9127e556c700c1da20b5c8c2c4d4fcf83c8a5b917feb814ca61,f439a9ed51f57fae2f57b262021cc4415869d38f86d0bb4d2fa89db413eebdd4
C4,3,2,7,600,348,15,100,30,0.01,False,cpu,lightning.qubit,adjoint,paper,edge,0.1,False,0.0,D4,1.9628119415158416,2.1064325037106126,0.6716666666666666,0.6436781609195402,0.0279885057471264,60,4,symmetry,1302.8142827500124,7,0,True,True,0,d4_orbit_holdout_v1,d4_orbit_holdout_v1,D4,True,0,262,49,2e4b5e4c0ea21848b05443dfeb749ee5e4b3712272d6f850b1d1c1c198f7b414,898ffe05fe1f89dfae86bd2d395e1dcec5619e4b468dd1cef3f4db89652ed1a7,9a6df2e338d341b2a893a3b35c6043fb5969e7317e81ff563483c2696d01ef32,0.0,0.0,0,none,(),5080177bfb0b19e1bdf2c632ce666ddfb4d7c99c079d28ca9950413aad67af82,0c4fabb34ac8b9127e556c700c1da20b5c8c2c4d4fcf83c8a5b917feb814ca61,f439a9ed51f57fae2f57b262021cc4415869d38f86d0bb4d2fa89db413eebdd4
C4,3,2,8,600,348,15,100,30,0.01,False,cpu,lightning.qubit,adjoint,paper,edge,0.1,False,0.0,D4,1.988423190642665,2.0712121006833315,0.6983333333333334,0.7011494252873564,-0.0028160919540229,60,4,symmetry,1301.2126294170157,8,0,True,True,0,d4_orbit_holdout_v1,d4_orbit_holdout_v1,D4,True,0,265,49,c3f231e6f88bb20e9faa707b33a0091c0c4956e17ed8415913bf5554a6e4fca2,898ffe05fe1f89dfae86bd2d395e1dcec5619e4b468dd1cef3f4db89652ed1a7,1c97bca8d39baa612a9ee96f39b51a0b76c97a8fb09ea3e647394d223c7bd7b1,0.0,0.0,0,none,(),5080177bfb0b19e1bdf2c632ce666ddfb4d7c99c079d28ca9950413aad67af82,0c4fabb34ac8b9127e556c700c1da20b5c8c2c4d4fcf83c8a5b917feb814ca61,f439a9ed51f57fae2f57b262021cc4415869d38f86d0bb4d2fa89db413eebdd4
C4,3,2,9,600,348,15,100,30,0.01,False,cpu,lightning.qubit,adjoint,paper,edge,0.1,False,0.0,D4,1.9659356755807984,2.005896272478548,0.7016666666666667,0.6781609195402298,0.0235057471264368,60,4,symmetry,1259.515178208996,9,0,True,True,0,d4_orbit_holdout_v1,d4_orbit_holdout_v1,D4,True,0,265,49,f4adab1d8bd6dd97991fa341e92a77e4ea25c2a5edbb5a14843d7841d1f50a31,898ffe05fe1f89dfae86bd2d395e1dcec5619e4b468dd1cef3f4db89652ed1a7,9e3283df79c5d13febf6c251bd1ed173afed93f6bc4e02184add4fc6a1bb5281,0.0,0.0,0,none,(),5080177bfb0b19e1bdf2c632ce666ddfb4d7c99c079d28ca9950413aad67af82,0c4fabb34ac8b9127e556c700c1da20b5c8c2c4d4fcf83c8a5b917feb814ca61,f439a9ed51f57fae2f57b262021cc4415869d38f86d0bb4d2fa89db413eebdd4
D4,3,2,0,600,348,15,100,30,0.01,False,cpu,lightning.qubit,adjoint,paper,edge,0.1,False,0.0,D4,1.9029501694103608,2.0638899807125943,0.705,0.7471264367816092,-0.0421264367816092,54,8,symmetry,1302.3365095840418,0,0,True,True,0,d4_orbit_holdout_v1,d4_orbit_holdout_v1,D4,True,0,264,49,dc5d69f90befaaac45ab97941593e084ce14a5aba58b199edc6ed232514cb4b2,898ffe05fe1f89dfae86bd2d395e1dcec5619e4b468dd1cef3f4db89652ed1a7,539bcdd33972921a9ca9fa6af1e4c2bf16bd64df08697fa6f63ddaab0da4f5c1,0.0,0.0,0,none,(),5080177bfb0b19e1bdf2c632ce666ddfb4d7c99c079d28ca9950413aad67af82,0c4fabb34ac8b9127e556c700c1da20b5c8c2c4d4fcf83c8a5b917feb814ca61,f439a9ed51f57fae2f57b262021cc4415869d38f86d0bb4d2fa89db413eebdd4
D4,3,2,1,600,348,15,100,30,0.01,False,cpu,lightning.qubit,adjoint,paper,edge,0.1,False,0.0,D4,1.9271679584876256,2.166288499974842,0.74,0.6666666666666666,0.0733333333333333,54,8,symmetry,1246.9361954579945,1,0,True,True,0,d4_orbit_holdout_v1,d4_orbit_holdout_v1,D4,True,0,266,49,502eea996526fedc78321f300a0b61959995d8817760f909360619ea6a7667be,898ffe05fe1f89dfae86bd2d395e1dcec5619e4b468dd1cef3f4db89652ed1a7,784c5fe0f242bd63c5ad1ea12cf6490f72ab6a8480666fb4c08f2677beadc81e,0.0,0.0,0,none,(),5080177bfb0b19e1bdf2c632ce666ddfb4d7c99c079d28ca9950413aad67af82,0c4fabb34ac8b9127e556c700c1da20b5c8c2c4d4fcf83c8a5b917feb814ca61,f439a9ed51f57fae2f57b262021cc4415869d38f86d0bb4d2fa89db413eebdd4
D4,3,2,2,600,348,15,100,30,0.01,False,cpu,lightning.qubit,adjoint,paper,edge,0.1,False,0.0,D4,1.952617870154069,2.083221224123654,0.7266666666666667,0.6666666666666666,0.06,54,8,symmetry,1309.8970655000303,2,0,True,True,0,d4_orbit_holdout_v1,d4_orbit_holdout_v1,D4,True,0,269,49,f9ef66ed8c54beeeab8d30e8c978294086c0bc03d8089bdb0086cc397e19d97b,898ffe05fe1f89dfae86bd2d395e1dcec5619e4b468dd1cef3f4db89652ed1a7,1d49a8470be0d005a3fdbf85fced0419b16c60e88b7a367b16eacec8e9002abf,0.0,0.0,0,none,(),5080177bfb0b19e1bdf2c632ce666ddfb4d7c99c079d28ca9950413aad67af82,0c4fabb34ac8b9127e556c700c1da20b5c8c2c4d4fcf83c8a5b917feb814ca61,f439a9ed51f57fae2f57b262021cc4415869d38f86d0bb4d2fa89db413eebdd4
D4,3,2,3,600,348,15,100,30,0.01,False,cpu,lightning.qubit,adjoint,paper,edge,0.1,False,0.0,D4,1.949397366092297,2.1613894205204747,0.6916666666666667,0.6436781609195402,0.0479885057471264,54,8,symmetry,1308.339128749969,3,0,True,True,0,d4_orbit_holdout_v1,d4_orbit_holdout_v1,D4,True,0,263,49,1a1ba5d100dfa02c205519e367e26c4c26b20e73ecab52b7c845c238b1313513,898ffe05fe1f89dfae86bd2d395e1dcec5619e4b468dd1cef3f4db89652ed1a7,553fb5f1d8e2f96e6941c8974209ced372531f8387994ea8ff669b79551a87ec,0.0,0.0,0,none,(),5080177bfb0b19e1bdf2c632ce666ddfb4d7c99c079d28ca9950413aad67af82,0c4fabb34ac8b9127e556c700c1da20b5c8c2c4d4fcf83c8a5b917feb814ca61,f439a9ed51f57fae2f57b262021cc4415869d38f86d0bb4d2fa89db413eebdd4
D4,3,2,4,600,348,15,100,30,0.01,False,cpu,lightning.qubit,adjoint,paper,edge,0.1,False,0.0,D4,1.9515600855233255,1.9953633503424784,0.7,0.7126436781609196,-0.0126436781609196,54,8,symmetry,1244.229601167026,4,0,True,True,0,d4_orbit_holdout_v1,d4_orbit_holdout_v1,D4,True,0,272,49,8de29e6cca1e5a9b645400356bb2c0d838066bc7dddf603da0de0e9b9cb613c7,898ffe05fe1f89dfae86bd2d395e1dcec5619e4b468dd1cef3f4db89652ed1a7,ecd54a3b63ae340a5031159d735f8a1f57d301d7fd14f3cacac746b4584efb8b,0.0,0.0,0,none,(),5080177bfb0b19e1bdf2c632ce666ddfb4d7c99c079d28ca9950413aad67af82,0c4fabb34ac8b9127e556c700c1da20b5c8c2c4d4fcf83c8a5b917feb814ca61,f439a9ed51f57fae2f57b262021cc4415869d38f86d0bb4d2fa89db413eebdd4
D4,3,2,5,600,348,15,100,30,0.01,False,cpu,lightning.qubit,adjoint,paper,edge,0.1,False,0.0,D4,2.038714486527785,2.0777286332101186,0.69,0.6896551724137931,0.0003448275862067,54,8,symmetry,1254.3313515000043,5,0,True,True,0,d4_orbit_holdout_v1,d4_orbit_holdout_v1,D4,True,0,266,49,2119280bef8c6be599a8fc2cdaae297d965bfc209c71b8bed17538f1176a615a,898ffe05fe1f89dfae86bd2d395e1dcec5619e4b468dd1cef3f4db89652ed1a7,549e99c7302d51d62fba17b985414fcbf17a980b9368ddb28122ac3340d85e46,0.0,0.0,0,none,(),5080177bfb0b19e1bdf2c632ce666ddfb4d7c99c079d28ca9950413aad67af82,0c4fabb34ac8b9127e556c700c1da20b5c8c2c4d4fcf83c8a5b917feb814ca61,f439a9ed51f57fae2f57b262021cc4415869d38f86d0bb4d2fa89db413eebdd4
D4,3,2,6,600,348,15,100,30,0.01,False,cpu,lightning.qubit,adjoint,paper,edge,0.1,False,0.0,D4,1.9766595225722696,2.069634536957037,0.7033333333333334,0.6781609195402298,0.0251724137931035,54,8,symmetry,1295.7513169170124,6,0,True,True,0,d4_orbit_holdout_v1,d4_orbit_holdout_v1,D4,True,0,266,49,f854b9d22b73d3baf149ed8cd897ea6993c77aa15b92a5dbf49befaf6919b01d,898ffe05fe1f89dfae86bd2d395e1dcec5619e4b468dd1cef3f4db89652ed1a7,6e2a4c7f5638223112768702818d511663d147d8d0ba80562a4abe8e5295c478,0.0,0.0,0,none,(),5080177bfb0b19e1bdf2c632ce666ddfb4d7c99c079d28ca9950413aad67af82,0c4fabb34ac8b9127e556c700c1da20b5c8c2c4d4fcf83c8a5b917feb814ca61,f439a9ed51f57fae2f57b262021cc4415869d38f86d0bb4d2fa89db413eebdd4
D4,3,2,7,600,348,15,100,30,0.01,False,cpu,lightning.qubit,adjoint,paper,edge,0.1,False,0.0,D4,2.0123336434972527,2.0504351445004603,0.6933333333333334,0.6666666666666666,0.0266666666666667,54,8,symmetry,1286.7035896250163,7,0,True,True,0,d4_orbit_holdout_v1,d4_orbit_holdout_v1,D4,True,0,262,49,2e4b5e4c0ea21848b05443dfeb749ee5e4b3712272d6f850b1d1c1c198f7b414,898ffe05fe1f89dfae86bd2d395e1dcec5619e4b468dd1cef3f4db89652ed1a7,9a6df2e338d341b2a893a3b35c6043fb5969e7317e81ff563483c2696d01ef32,0.0,0.0,0,none,(),5080177bfb0b19e1bdf2c632ce666ddfb4d7c99c079d28ca9950413aad67af82,0c4fabb34ac8b9127e556c700c1da20b5c8c2c4d4fcf83c8a5b917feb814ca61,f439a9ed51f57fae2f57b262021cc4415869d38f86d0bb4d2fa89db413eebdd4
D4,3,2,8,600,348,15,100,30,0.01,False,cpu,lightning.qubit,adjoint,paper,edge,0.1,False,0.0,D4,2.0361933202911966,2.1216370460276774,0.7033333333333334,0.6436781609195402,0.0596551724137931,54,8,symmetry,1284.9969207079848,8,0,True,True,0,d4_orbit_holdout_v1,d4_orbit_holdout_v1,D4,True,0,265,49,c3f231e6f88bb20e9faa707b33a0091c0c4956e17ed8415913bf5554a6e4fca2,898ffe05fe1f89dfae86bd2d395e1dcec5619e4b468dd1cef3f4db89652ed1a7,1c97bca8d39baa612a9ee96f39b51a0b76c97a8fb09ea3e647394d223c7bd7b1,0.0,0.0,0,none,(),5080177bfb0b19e1bdf2c632ce666ddfb4d7c99c079d28ca9950413aad67af82,0c4fabb34ac8b9127e556c700c1da20b5c8c2c4d4fcf83c8a5b917feb814ca61,f439a9ed51f57fae2f57b262021cc4415869d38f86d0bb4d2fa89db413eebdd4
D4,3,2,9,600,348,15,100,30,0.01,False,cpu,lightning.qubit,adjoint,paper,edge,0.1,False,0.0,D4,1.976633102644224,2.024400568479346,0.7066666666666667,0.6666666666666666,0.04,54,8,symmetry,1294.425359749992,9,0,True,True,0,d4_orbit_holdout_v1,d4_orbit_holdout_v1,D4,True,0,265,49,f4adab1d8bd6dd97991fa341e92a77e4ea25c2a5edbb5a14843d7841d1f50a31,898ffe05fe1f89dfae86bd2d395e1dcec5619e4b468dd1cef3f4db89652ed1a7,9e3283df79c5d13febf6c251bd1ed173afed93f6bc4e02184add4fc6a1bb5281,0.0,0.0,0,none,(),5080177bfb0b19e1bdf2c632ce666ddfb4d7c99c079d28ca9950413aad67af82,0c4fabb34ac8b9127e556c700c1da20b5c8c2c4d4fcf83c8a5b917feb814ca61,f439a9ed51f57fae2f57b262021cc4415869d38f86d0bb4d2fa89db413eebdd4
C4,3,2,0,600,348,15,100,30,0.01,False,cpu,lightning.qubit,adjoint,paper,edge_line_zzz_ccrz,0.1,False,0.0,D4,1.7800823749550152,1.953171410603713,0.81,0.7586206896551724,0.0513793103448276,96,4,symmetry,3216.946053749998,0,0,True,True,0,d4_orbit_holdout_v1,d4_orbit_holdout_v1,D4,True,0,264,49,dc5d69f90befaaac45ab97941593e084ce14a5aba58b199edc6ed232514cb4b2,898ffe05fe1f89dfae86bd2d395e1dcec5619e4b468dd1cef3f4db89652ed1a7,539bcdd33972921a9ca9fa6af1e4c2bf16bd64df08697fa6f63ddaab0da4f5c1,0.0,0.0,0,none,(),5080177bfb0b19e1bdf2c632ce666ddfb4d7c99c079d28ca9950413aad67af82,0c4fabb34ac8b9127e556c700c1da20b5c8c2c4d4fcf83c8a5b917feb814ca61,f439a9ed51f57fae2f57b262021cc4415869d38f86d0bb4d2fa89db413eebdd4
C4,3,2,1,600,348,15,100,30,0.01,False,cpu,lightning.qubit,adjoint,paper,edge_line_zzz_ccrz,0.1,False,0.0,D4,1.7915028099838797,2.0884540012235373,0.7983333333333333,0.632183908045977,0.1661494252873563,96,4,symmetry,3215.968366624962,1,0,True,True,0,d4_orbit_holdout_v1,d4_orbit_holdout_v1,D4,True,0,266,49,502eea996526fedc78321f300a0b61959995d8817760f909360619ea6a7667be,898ffe05fe1f89dfae86bd2d395e1dcec5619e4b468dd1cef3f4db89652ed1a7,784c5fe0f242bd63c5ad1ea12cf6490f72ab6a8480666fb4c08f2677beadc81e,0.0,0.0,0,none,(),5080177bfb0b19e1bdf2c632ce666ddfb4d7c99c079d28ca9950413aad67af82,0c4fabb34ac8b9127e556c700c1da20b5c8c2c4d4fcf83c8a5b917feb814ca61,f439a9ed51f57fae2f57b262021cc4415869d38f86d0bb4d2fa89db413eebdd4
C4,3,2,2,600,348,15,100,30,0.01,False,cpu,lightning.qubit,adjoint,paper,edge_line_zzz_ccrz,0.1,False,0.0,D4,1.8463769270669408,2.0132694085105776,0.7933333333333333,0.7126436781609196,0.0806896551724137,96,4,symmetry,3213.50064975,2,0,True,True,0,d4_orbit_holdout_v1,d4_orbit_holdout_v1,D4,True,0,269,49,f9ef66ed8c54beeeab8d30e8c978294086c0bc03d8089bdb0086cc397e19d97b,898ffe05fe1f89dfae86bd2d395e1dcec5619e4b468dd1cef3f4db89652ed1a7,1d49a8470be0d005a3fdbf85fced0419b16c60e88b7a367b16eacec8e9002abf,0.0,0.0,0,none,(),5080177bfb0b19e1bdf2c632ce666ddfb4d7c99c079d28ca9950413aad67af82,0c4fabb34ac8b9127e556c700c1da20b5c8c2c4d4fcf83c8a5b917feb814ca61,f439a9ed51f57fae2f57b262021cc4415869d38f86d0bb4d2fa89db413eebdd4
C4,3,2,3,600,348,15,100,30,0.01,False,cpu,lightning.qubit,adjoint,paper,edge_line_zzz_ccrz,0.1,False,0.0,D4,1.8124178386863248,1.979189348069309,0.765,0.7126436781609196,0.0523563218390804,96,4,symmetry,3228.16771137499,3,0,True,True,0,d4_orbit_holdout_v1,d4_orbit_holdout_v1,D4,True,0,263,49,1a1ba5d100dfa02c205519e367e26c4c26b20e73ecab52b7c845c238b1313513,898ffe05fe1f89dfae86bd2d395e1dcec5619e4b468dd1cef3f4db89652ed1a7,553fb5f1d8e2f96e6941c8974209ced372531f8387994ea8ff669b79551a87ec,0.0,0.0,0,none,(),5080177bfb0b19e1bdf2c632ce666ddfb4d7c99c079d28ca9950413aad67af82,0c4fabb34ac8b9127e556c700c1da20b5c8c2c4d4fcf83c8a5b917feb814ca61,f439a9ed51f57fae2f57b262021cc4415869d38f86d0bb4d2fa89db413eebdd4
C4,3,2,4,600,348,15,100,30,0.01,False,cpu,lightning.qubit,adjoint,paper,edge_line_zzz_ccrz,0.1,False,0.0,D4,1.843198681350985,1.9167789781322695,0.82,0.7011494252873564,0.1188505747126436,96,4,symmetry,3178.617926708015,4,0,True,True,0,d4_orbit_holdout_v1,d4_orbit_holdout_v1,D4,True,0,272,49,8de29e6cca1e5a9b645400356bb2c0d838066bc7dddf603da0de0e9b9cb613c7,898ffe05fe1f89dfae86bd2d395e1dcec5619e4b468dd1cef3f4db89652ed1a7,ecd54a3b63ae340a5031159d735f8a1f57d301d7fd14f3cacac746b4584efb8b,0.0,0.0,0,none,(),5080177bfb0b19e1bdf2c632ce666ddfb4d7c99c079d28ca9950413aad67af82,0c4fabb34ac8b9127e556c700c1da20b5c8c2c4d4fcf83c8a5b917feb814ca61,f439a9ed51f57fae2f57b262021cc4415869d38f86d0bb4d2fa89db413eebdd4
C4,3,2,5,600,348,15,100,30,0.01,False,cpu,lightning.qubit,adjoint,paper,edge_line_zzz_ccrz,0.1,False,0.0,D4,1.718545818906399,1.7113001892987756,0.805,0.7931034482758621,0.0118965517241379,96,4,symmetry,3222.2833500000415,5,0,True,True,0,d4_orbit_holdout_v1,d4_orbit_holdout_v1,D4,True,0,266,49,2119280bef8c6be599a8fc2cdaae297d965bfc209c71b8bed17538f1176a615a,898ffe05fe1f89dfae86bd2d395e1dcec5619e4b468dd1cef3f4db89652ed1a7,549e99c7302d51d62fba17b985414fcbf17a980b9368ddb28122ac3340d85e46,0.0,0.0,0,none,(),5080177bfb0b19e1bdf2c632ce666ddfb4d7c99c079d28ca9950413aad67af82,0c4fabb34ac8b9127e556c700c1da20b5c8c2c4d4fcf83c8a5b917feb814ca61,f439a9ed51f57fae2f57b262021cc4415869d38f86d0bb4d2fa89db413eebdd4
C4,3,2,6,600,348,15,100,30,0.01,False,cpu,lightning.qubit,adjoint,paper,edge_line_zzz_ccrz,0.1,False,0.0,D4,1.7877807563466732,1.898789494596063,0.7733333333333333,0.7471264367816092,0.0262068965517241,96,4,symmetry,3183.137075790961,6,0,True,True,0,d4_orbit_holdout_v1,d4_orbit_holdout_v1,D4,True,0,266,49,f854b9d22b73d3baf149ed8cd897ea6993c77aa15b92a5dbf49befaf6919b01d,898ffe05fe1f89dfae86bd2d395e1dcec5619e4b468dd1cef3f4db89652ed1a7,6e2a4c7f5638223112768702818d511663d147d8d0ba80562a4abe8e5295c478,0.0,0.0,0,none,(),5080177bfb0b19e1bdf2c632ce666ddfb4d7c99c079d28ca9950413aad67af82,0c4fabb34ac8b9127e556c700c1da20b5c8c2c4d4fcf83c8a5b917feb814ca61,f439a9ed51f57fae2f57b262021cc4415869d38f86d0bb4d2fa89db413eebdd4
C4,3,2,7,600,348,15,100,30,0.01,False,cpu,lightning.qubit,adjoint,paper,edge_line_zzz_ccrz,0.1,False,0.0,D4,1.8601040296903304,2.0611356333953537,0.7583333333333333,0.6781609195402298,0.0801724137931034,96,4,symmetry,3246.8502109590336,7,0,True,True,0,d4_orbit_holdout_v1,d4_orbit_holdout_v1,D4,True,0,262,49,2e4b5e4c0ea21848b05443dfeb749ee5e4b3712272d6f850b1d1c1c198f7b414,898ffe05fe1f89dfae86bd2d395e1dcec5619e4b468dd1cef3f4db89652ed1a7,9a6df2e338d341b2a893a3b35c6043fb5969e7317e81ff563483c2696d01ef32,0.0,0.0,0,none,(),5080177bfb0b19e1bdf2c632ce666ddfb4d7c99c079d28ca9950413aad67af82,0c4fabb34ac8b9127e556c700c1da20b5c8c2c4d4fcf83c8a5b917feb814ca61,f439a9ed51f57fae2f57b262021cc4415869d38f86d0bb4d2fa89db413eebdd4
C4,3,2,8,600,348,15,100,30,0.01,False,cpu,lightning.qubit,adjoint,paper,edge_line_zzz_ccrz,0.1,False,0.0,D4,1.8330940215574127,1.9605620300832016,0.7533333333333333,0.735632183908046,0.0177011494252873,96,4,symmetry,3234.0862193340436,8,0,True,True,0,d4_orbit_holdout_v1,d4_orbit_holdout_v1,D4,True,0,265,49,c3f231e6f88bb20e9faa707b33a0091c0c4956e17ed8415913bf5554a6e4fca2,898ffe05fe1f89dfae86bd2d395e1dcec5619e4b468dd1cef3f4db89652ed1a7,1c97bca8d39baa612a9ee96f39b51a0b76c97a8fb09ea3e647394d223c7bd7b1,0.0,0.0,0,none,(),5080177bfb0b19e1bdf2c632ce666ddfb4d7c99c079d28ca9950413aad67af82,0c4fabb34ac8b9127e556c700c1da20b5c8c2c4d4fcf83c8a5b917feb814ca61,f439a9ed51f57fae2f57b262021cc4415869d38f86d0bb4d2fa89db413eebdd4
C4,3,2,9,600,348,15,100,30,0.01,False,cpu,lightning.qubit,adjoint,paper,edge_line_zzz_ccrz,0.1,False,0.0,D4,1.8023832231711472,1.8062130340883773,0.825,0.8275862068965517,-0.0025862068965517,96,4,symmetry,3214.1453538329806,9,0,True,True,0,d4_orbit_holdout_v1,d4_orbit_holdout_v1,D4,True,0,265,49,f4adab1d8bd6dd97991fa341e92a77e4ea25c2a5edbb5a14843d7841d1f50a31,898ffe05fe1f89dfae86bd2d395e1dcec5619e4b468dd1cef3f4db89652ed1a7,9e3283df79c5d13febf6c251bd1ed173afed93f6bc4e02184add4fc6a1bb5281,0.0,0.0,0,none,(),5080177bfb0b19e1bdf2c632ce666ddfb4d7c99c079d28ca9950413aad67af82,0c4fabb34ac8b9127e556c700c1da20b5c8c2c4d4fcf83c8a5b917feb814ca61,f439a9ed51f57fae2f57b262021cc4415869d38f86d0bb4d2fa89db413eebdd4
D4,3,2,0,600,348,15,100,30,0.01,False,cpu,lightning.qubit,adjoint,paper,edge_line_zzz_ccrz,0.1,False,0.0,D4,1.7605949487104158,1.8951670256746984,0.8366666666666667,0.7931034482758621,0.0435632183908045,90,8,symmetry,3323.276189459022,0,0,True,True,0,d4_orbit_holdout_v1,d4_orbit_holdout_v1,D4,True,0,264,49,dc5d69f90befaaac45ab97941593e084ce14a5aba58b199edc6ed232514cb4b2,898ffe05fe1f89dfae86bd2d395e1dcec5619e4b468dd1cef3f4db89652ed1a7,539bcdd33972921a9ca9fa6af1e4c2bf16bd64df08697fa6f63ddaab0da4f5c1,0.0,0.0,0,none,(),5080177bfb0b19e1bdf2c632ce666ddfb4d7c99c079d28ca9950413aad67af82,0c4fabb34ac8b9127e556c700c1da20b5c8c2c4d4fcf83c8a5b917feb814ca61,f439a9ed51f57fae2f57b262021cc4415869d38f86d0bb4d2fa89db413eebdd4
D4,3,2,1,600,348,15,100,30,0.01,False,cpu,lightning.qubit,adjoint,paper,edge_line_zzz_ccrz,0.1,False,0.0,D4,1.7777190388409956,1.9280182880090908,0.8366666666666667,0.7126436781609196,0.1240229885057471,90,8,symmetry,3281.778037332988,1,0,True,True,0,d4_orbit_holdout_v1,d4_orbit_holdout_v1,D4,True,0,266,49,502eea996526fedc78321f300a0b61959995d8817760f909360619ea6a7667be,898ffe05fe1f89dfae86bd2d395e1dcec5619e4b468dd1cef3f4db89652ed1a7,784c5fe0f242bd63c5ad1ea12cf6490f72ab6a8480666fb4c08f2677beadc81e,0.0,0.0,0,none,(),5080177bfb0b19e1bdf2c632ce666ddfb4d7c99c079d28ca9950413aad67af82,0c4fabb34ac8b9127e556c700c1da20b5c8c2c4d4fcf83c8a5b917feb814ca61,f439a9ed51f57fae2f57b262021cc4415869d38f86d0bb4d2fa89db413eebdd4
D4,3,2,2,600,348,15,100,30,0.01,False,cpu,lightning.qubit,adjoint,paper,edge_line_zzz_ccrz,0.1,False,0.0,D4,1.8096361759239956,1.9679219537414945,0.7616666666666667,0.7471264367816092,0.0145402298850575,90,8,symmetry,3280.927749083028,2,0,True,True,0,d4_orbit_holdout_v1,d4_orbit_holdout_v1,D4,True,0,269,49,f9ef66ed8c54beeeab8d30e8c978294086c0bc03d8089bdb0086cc397e19d97b,898ffe05fe1f89dfae86bd2d395e1dcec5619e4b468dd1cef3f4db89652ed1a7,1d49a8470be0d005a3fdbf85fced0419b16c60e88b7a367b16eacec8e9002abf,0.0,0.0,0,none,(),5080177bfb0b19e1bdf2c632ce666ddfb4d7c99c079d28ca9950413aad67af82,0c4fabb34ac8b9127e556c700c1da20b5c8c2c4d4fcf83c8a5b917feb814ca61,f439a9ed51f57fae2f57b262021cc4415869d38f86d0bb4d2fa89db413eebdd4
D4,3,2,3,600,348,15,100,30,0.01,False,cpu,lightning.qubit,adjoint,paper,edge_line_zzz_ccrz,0.1,False,0.0,D4,1.876500701556714,2.0287296572140847,0.7633333333333333,0.7586206896551724,0.0047126436781609,90,8,symmetry,3322.945978833013,3,0,True,True,0,d4_orbit_holdout_v1,d4_orbit_holdout_v1,D4,True,0,263,49,1a1ba5d100dfa02c205519e367e26c4c26b20e73ecab52b7c845c238b1313513,898ffe05fe1f89dfae86bd2d395e1dcec5619e4b468dd1cef3f4db89652ed1a7,553fb5f1d8e2f96e6941c8974209ced372531f8387994ea8ff669b79551a87ec,0.0,0.0,0,none,(),5080177bfb0b19e1bdf2c632ce666ddfb4d7c99c079d28ca9950413aad67af82,0c4fabb34ac8b9127e556c700c1da20b5c8c2c4d4fcf83c8a5b917feb814ca61,f439a9ed51f57fae2f57b262021cc4415869d38f86d0bb4d2fa89db413eebdd4
D4,3,2,4,600,348,15,100,30,0.01,False,cpu,lightning.qubit,adjoint,paper,edge_line_zzz_ccrz,0.1,False,0.0,D4,1.7310643141203907,1.807403227610458,0.7833333333333333,0.7586206896551724,0.0247126436781609,90,8,symmetry,3288.982492708019,4,0,True,True,0,d4_orbit_holdout_v1,d4_orbit_holdout_v1,D4,True,0,272,49,8de29e6cca1e5a9b645400356bb2c0d838066bc7dddf603da0de0e9b9cb613c7,898ffe05fe1f89dfae86bd2d395e1dcec5619e4b468dd1cef3f4db89652ed1a7,ecd54a3b63ae340a5031159d735f8a1f57d301d7fd14f3cacac746b4584efb8b,0.0,0.0,0,none,(),5080177bfb0b19e1bdf2c632ce666ddfb4d7c99c079d28ca9950413aad67af82,0c4fabb34ac8b9127e556c700c1da20b5c8c2c4d4fcf83c8a5b917feb814ca61,f439a9ed51f57fae2f57b262021cc4415869d38f86d0bb4d2fa89db413eebdd4
D4,3,2,5,600,348,15,100,30,0.01,False,cpu,lightning.qubit,adjoint,paper,edge_line_zzz_ccrz,0.1,False,0.0,D4,1.7397714109888225,1.7981925895712465,0.8116666666666666,0.7931034482758621,0.0185632183908045,90,8,symmetry,3225.701386833971,5,0,True,True,0,d4_orbit_holdout_v1,d4_orbit_holdout_v1,D4,True,0,266,49,2119280bef8c6be599a8fc2cdaae297d965bfc209c71b8bed17538f1176a615a,898ffe05fe1f89dfae86bd2d395e1dcec5619e4b468dd1cef3f4db89652ed1a7,549e99c7302d51d62fba17b985414fcbf17a980b9368ddb28122ac3340d85e46,0.0,0.0,0,none,(),5080177bfb0b19e1bdf2c632ce666ddfb4d7c99c079d28ca9950413aad67af82,0c4fabb34ac8b9127e556c700c1da20b5c8c2c4d4fcf83c8a5b917feb814ca61,f439a9ed51f57fae2f57b262021cc4415869d38f86d0bb4d2fa89db413eebdd4
D4,3,2,6,600,348,15,100,30,0.01,False,cpu,lightning.qubit,adjoint,paper,edge_line_zzz_ccrz,0.1,False,0.0,D4,1.8041217651571404,1.8774404137162992,0.8266666666666667,0.8275862068965517,-0.000919540229885,90,8,symmetry,3240.8052944579977,6,0,True,True,0,d4_orbit_holdout_v1,d4_orbit_holdout_v1,D4,True,0,266,49,f854b9d22b73d3baf149ed8cd897ea6993c77aa15b92a5dbf49befaf6919b01d,898ffe05fe1f89dfae86bd2d395e1dcec5619e4b468dd1cef3f4db89652ed1a7,6e2a4c7f5638223112768702818d511663d147d8d0ba80562a4abe8e5295c478,0.0,0.0,0,none,(),5080177bfb0b19e1bdf2c632ce666ddfb4d7c99c079d28ca9950413aad67af82,0c4fabb34ac8b9127e556c700c1da20b5c8c2c4d4fcf83c8a5b917feb814ca61,f439a9ed51f57fae2f57b262021cc4415869d38f86d0bb4d2fa89db413eebdd4
D4,3,2,7,600,348,15,100,30,0.01,False,cpu,lightning.qubit,adjoint,paper,edge_line_zzz_ccrz,0.1,False,0.0,D4,1.7669414567553956,1.9796140437680247,0.8383333333333334,0.7471264367816092,0.0912068965517242,90,8,symmetry,3265.5689417090034,7,0,True,True,0,d4_orbit_holdout_v1,d4_orbit_holdout_v1,D4,True,0,262,49,2e4b5e4c0ea21848b05443dfeb749ee5e4b3712272d6f850b1d1c1c198f7b414,898ffe05fe1f89dfae86bd2d395e1dcec5619e4b468dd1cef3f4db89652ed1a7,9a6df2e338d341b2a893a3b35c6043fb5969e7317e81ff563483c2696d01ef32,0.0,0.0,0,none,(),5080177bfb0b19e1bdf2c632ce666ddfb4d7c99c079d28ca9950413aad67af82,0c4fabb34ac8b9127e556c700c1da20b5c8c2c4d4fcf83c8a5b917feb814ca61,f439a9ed51f57fae2f57b262021cc4415869d38f86d0bb4d2fa89db413eebdd4
D4,3,2,8,600,348,15,100,30,0.01,False,cpu,lightning.qubit,adjoint,paper,edge_line_zzz_ccrz,0.1,False,0.0,D4,1.8352314366274856,1.9065532915518295,0.7666666666666667,0.7241379310344828,0.0425287356321839,90,8,symmetry,3237.872142624983,8,0,True,True,0,d4_orbit_holdout_v1,d4_orbit_holdout_v1,D4,True,0,265,49,c3f231e6f88bb20e9faa707b33a0091c0c4956e17ed8415913bf5554a6e4fca2,898ffe05fe1f89dfae86bd2d395e1dcec5619e4b468dd1cef3f4db89652ed1a7,1c97bca8d39baa612a9ee96f39b51a0b76c97a8fb09ea3e647394d223c7bd7b1,0.0,0.0,0,none,(),5080177bfb0b19e1bdf2c632ce666ddfb4d7c99c079d28ca9950413aad67af82,0c4fabb34ac8b9127e556c700c1da20b5c8c2c4d4fcf83c8a5b917feb814ca61,f439a9ed51f57fae2f57b262021cc4415869d38f86d0bb4d2fa89db413eebdd4
D4,3,2,9,600,348,15,100,30,0.01,False,cpu,lightning.qubit,adjoint,paper,edge_line_zzz_ccrz,0.1,False,0.0,D4,1.7154117468937338,1.8230026917393929,0.81,0.7471264367816092,0.0628735632183908,90,8,symmetry,3240.134920792014,9,0,True,True,0,d4_orbit_holdout_v1,d4_orbit_holdout_v1,D4,True,0,265,49,f4adab1d8bd6dd97991fa341e92a77e4ea25c2a5edbb5a14843d7841d1f50a31,898ffe05fe1f89dfae86bd2d395e1dcec5619e4b468dd1cef3f4db89652ed1a7,9e3283df79c5d13febf6c251bd1ed173afed93f6bc4e02184add4fc6a1bb5281,0.0,0.0,0,none,(),5080177bfb0b19e1bdf2c632ce666ddfb4d7c99c079d28ca9950413aad67af82,0c4fabb34ac8b9127e556c700c1da20b5c8c2c4d4fcf83c8a5b917feb814ca61,f439a9ed51f57fae2f57b262021cc4415869d38f86d0bb4d2fa89db413eebdd4
C4,3,2,0,600,348,15,100,30,0.01,False,cpu,lightning.qubit,adjoint,paper,edge_line_zzz,0.1,False,0.0,D4,1.8262928566572496,1.9610817882727216,0.8033333333333333,0.7241379310344828,0.0791954022988505,78,4,symmetry,1576.673102334025,0,0,True,True,0,d4_orbit_holdout_v1,d4_orbit_holdout_v1,D4,True,0,264,49,dc5d69f90befaaac45ab97941593e084ce14a5aba58b199edc6ed232514cb4b2,898ffe05fe1f89dfae86bd2d395e1dcec5619e4b468dd1cef3f4db89652ed1a7,539bcdd33972921a9ca9fa6af1e4c2bf16bd64df08697fa6f63ddaab0da4f5c1,0.0,0.0,0,none,(),5080177bfb0b19e1bdf2c632ce666ddfb4d7c99c079d28ca9950413aad67af82,0c4fabb34ac8b9127e556c700c1da20b5c8c2c4d4fcf83c8a5b917feb814ca61,f439a9ed51f57fae2f57b262021cc4415869d38f86d0bb4d2fa89db413eebdd4
C4,3,2,1,600,348,15,100,30,0.01,False,cpu,lightning.qubit,adjoint,paper,edge_line_zzz,0.1,False,0.0,D4,1.906555025488412,2.082362350409179,0.815,0.7471264367816092,0.0678735632183907,78,4,symmetry,1569.165705374966,1,0,True,True,0,d4_orbit_holdout_v1,d4_orbit_holdout_v1,D4,True,0,266,49,502eea996526fedc78321f300a0b61959995d8817760f909360619ea6a7667be,898ffe05fe1f89dfae86bd2d395e1dcec5619e4b468dd1cef3f4db89652ed1a7,784c5fe0f242bd63c5ad1ea12cf6490f72ab6a8480666fb4c08f2677beadc81e,0.0,0.0,0,none,(),5080177bfb0b19e1bdf2c632ce666ddfb4d7c99c079d28ca9950413aad67af82,0c4fabb34ac8b9127e556c700c1da20b5c8c2c4d4fcf83c8a5b917feb814ca61,f439a9ed51f57fae2f57b262021cc4415869d38f86d0bb4d2fa89db413eebdd4
C4,3,2,2,600,348,15,100,30,0.01,False,cpu,lightning.qubit,adjoint,paper,edge_line_zzz,0.1,False,0.0,D4,1.8939475356854647,1.9902981998598923,0.755,0.7011494252873564,0.0538505747126436,78,4,symmetry,1599.4227679579635,2,0,True,True,0,d4_orbit_holdout_v1,d4_orbit_holdout_v1,D4,True,0,269,49,f9ef66ed8c54beeeab8d30e8c978294086c0bc03d8089bdb0086cc397e19d97b,898ffe05fe1f89dfae86bd2d395e1dcec5619e4b468dd1cef3f4db89652ed1a7,1d49a8470be0d005a3fdbf85fced0419b16c60e88b7a367b16eacec8e9002abf,0.0,0.0,0,none,(),5080177bfb0b19e1bdf2c632ce666ddfb4d7c99c079d28ca9950413aad67af82,0c4fabb34ac8b9127e556c700c1da20b5c8c2c4d4fcf83c8a5b917feb814ca61,f439a9ed51f57fae2f57b262021cc4415869d38f86d0bb4d2fa89db413eebdd4
C4,3,2,3,600,348,15,100,30,0.01,False,cpu,lightning.qubit,adjoint,paper,edge_line_zzz,0.1,False,0.0,D4,1.8743149708026885,2.0186875192431635,0.8016666666666666,0.7126436781609196,0.089022988505747,78,4,symmetry,1606.4206408750033,3,0,True,True,0,d4_orbit_holdout_v1,d4_orbit_holdout_v1,D4,True,0,263,49,1a1ba5d100dfa02c205519e367e26c4c26b20e73ecab52b7c845c238b1313513,898ffe05fe1f89dfae86bd2d395e1dcec5619e4b468dd1cef3f4db89652ed1a7,553fb5f1d8e2f96e6941c8974209ced372531f8387994ea8ff669b79551a87ec,0.0,0.0,0,none,(),5080177bfb0b19e1bdf2c632ce666ddfb4d7c99c079d28ca9950413aad67af82,0c4fabb34ac8b9127e556c700c1da20b5c8c2c4d4fcf83c8a5b917feb814ca61,f439a9ed51f57fae2f57b262021cc4415869d38f86d0bb4d2fa89db413eebdd4
C4,3,2,4,600,348,15,100,30,0.01,False,cpu,lightning.qubit,adjoint,paper,edge_line_zzz,0.1,False,0.0,D4,1.8979025748554432,1.893900048876782,0.765,0.7701149425287356,-0.0051149425287355,78,4,symmetry,1562.981136834016,4,0,True,True,0,d4_orbit_holdout_v1,d4_orbit_holdout_v1,D4,True,0,272,49,8de29e6cca1e5a9b645400356bb2c0d838066bc7dddf603da0de0e9b9cb613c7,898ffe05fe1f89dfae86bd2d395e1dcec5619e4b468dd1cef3f4db89652ed1a7,ecd54a3b63ae340a5031159d735f8a1f57d301d7fd14f3cacac746b4584efb8b,0.0,0.0,0,none,(),5080177bfb0b19e1bdf2c632ce666ddfb4d7c99c079d28ca9950413aad67af82,0c4fabb34ac8b9127e556c700c1da20b5c8c2c4d4fcf83c8a5b917feb814ca61,f439a9ed51f57fae2f57b262021cc4415869d38f86d0bb4d2fa89db413eebdd4
C4,3,2,5,600,348,15,100,30,0.01,False,cpu,lightning.qubit,adjoint,paper,edge_line_zzz,0.1,False,0.0,D4,1.8342574259333129,1.8836404413695047,0.84,0.8045977011494253,0.0354022988505746,78,4,symmetry,1579.7465139580308,5,0,True,True,0,d4_orbit_holdout_v1,d4_orbit_holdout_v1,D4,True,0,266,49,2119280bef8c6be599a8fc2cdaae297d965bfc209c71b8bed17538f1176a615a,898ffe05fe1f89dfae86bd2d395e1dcec5619e4b468dd1cef3f4db89652ed1a7,549e99c7302d51d62fba17b985414fcbf17a980b9368ddb28122ac3340d85e46,0.0,0.0,0,none,(),5080177bfb0b19e1bdf2c632ce666ddfb4d7c99c079d28ca9950413aad67af82,0c4fabb34ac8b9127e556c700c1da20b5c8c2c4d4fcf83c8a5b917feb814ca61,f439a9ed51f57fae2f57b262021cc4415869d38f86d0bb4d2fa89db413eebdd4
C4,3,2,6,600,348,15,100,30,0.01,False,cpu,lightning.qubit,adjoint,paper,edge_line_zzz,0.1,False,0.0,D4,1.9420752912828936,2.011136026410987,0.7283333333333334,0.7241379310344828,0.0041954022988506,78,4,symmetry,1589.5140758749912,6,0,True,True,0,d4_orbit_holdout_v1,d4_orbit_holdout_v1,D4,True,0,266,49,f854b9d22b73d3baf149ed8cd897ea6993c77aa15b92a5dbf49befaf6919b01d,898ffe05fe1f89dfae86bd2d395e1dcec5619e4b468dd1cef3f4db89652ed1a7,6e2a4c7f5638223112768702818d511663d147d8d0ba80562a4abe8e5295c478,0.0,0.0,0,none,(),5080177bfb0b19e1bdf2c632ce666ddfb4d7c99c079d28ca9950413aad67af82,0c4fabb34ac8b9127e556c700c1da20b5c8c2c4d4fcf83c8a5b917feb814ca61,f439a9ed51f57fae2f57b262021cc4415869d38f86d0bb4d2fa89db413eebdd4
C4,3,2,7,600,348,15,100,30,0.01,False,cpu,lightning.qubit,adjoint,paper,edge_line_zzz,0.1,False,0.0,D4,1.932867572870704,2.1343729956029516,0.7316666666666667,0.6436781609195402,0.0879885057471264,78,4,symmetry,1579.8869323749675,7,0,True,True,0,d4_orbit_holdout_v1,d4_orbit_holdout_v1,D4,True,0,262,49,2e4b5e4c0ea21848b05443dfeb749ee5e4b3712272d6f850b1d1c1c198f7b414,898ffe05fe1f89dfae86bd2d395e1dcec5619e4b468dd1cef3f4db89652ed1a7,9a6df2e338d341b2a893a3b35c6043fb5969e7317e81ff563483c2696d01ef32,0.0,0.0,0,none,(),5080177bfb0b19e1bdf2c632ce666ddfb4d7c99c079d28ca9950413aad67af82,0c4fabb34ac8b9127e556c700c1da20b5c8c2c4d4fcf83c8a5b917feb814ca61,f439a9ed51f57fae2f57b262021cc4415869d38f86d0bb4d2fa89db413eebdd4
C4,3,2,8,600,348,15,100,30,0.01,False,cpu,lightning.qubit,adjoint,paper,edge_line_zzz,0.1,False,0.0,D4,1.941352292372196,2.039034045928625,0.775,0.7586206896551724,0.0163793103448276,78,4,symmetry,1568.6181882919627,8,0,True,True,0,d4_orbit_holdout_v1,d4_orbit_holdout_v1,D4,True,0,265,49,c3f231e6f88bb20e9faa707b33a0091c0c4956e17ed8415913bf5554a6e4fca2,898ffe05fe1f89dfae86bd2d395e1dcec5619e4b468dd1cef3f4db89652ed1a7,1c97bca8d39baa612a9ee96f39b51a0b76c97a8fb09ea3e647394d223c7bd7b1,0.0,0.0,0,none,(),5080177bfb0b19e1bdf2c632ce666ddfb4d7c99c079d28ca9950413aad67af82,0c4fabb34ac8b9127e556c700c1da20b5c8c2c4d4fcf83c8a5b917feb814ca61,f439a9ed51f57fae2f57b262021cc4415869d38f86d0bb4d2fa89db413eebdd4
C4,3,2,9,600,348,15,100,30,0.01,False,cpu,lightning.qubit,adjoint,paper,edge_line_zzz,0.1,False,0.0,D4,1.8637326676422377,1.9795992517702432,0.7516666666666667,0.6781609195402298,0.0735057471264368,78,4,symmetry,1588.49071391701,9,0,True,True,0,d4_orbit_holdout_v1,d4_orbit_holdout_v1,D4,True,0,265,49,f4adab1d8bd6dd97991fa341e92a77e4ea25c2a5edbb5a14843d7841d1f50a31,898ffe05fe1f89dfae86bd2d395e1dcec5619e4b468dd1cef3f4db89652ed1a7,9e3283df79c5d13febf6c251bd1ed173afed93f6bc4e02184add4fc6a1bb5281,0.0,0.0,0,none,(),5080177bfb0b19e1bdf2c632ce666ddfb4d7c99c079d28ca9950413aad67af82,0c4fabb34ac8b9127e556c700c1da20b5c8c2c4d4fcf83c8a5b917feb814ca61,f439a9ed51f57fae2f57b262021cc4415869d38f86d0bb4d2fa89db413eebdd4
D4,3,2,0,600,348,15,100,30,0.01,False,cpu,lightning.qubit,adjoint,paper,edge_line_zzz,0.1,False,0.0,D4,1.851127046507659,1.9477816159989283,0.7483333333333333,0.8045977011494253,-0.056264367816092,72,8,symmetry,1559.9820701249992,0,0,True,True,0,d4_orbit_holdout_v1,d4_orbit_holdout_v1,D4,True,0,264,49,dc5d69f90befaaac45ab97941593e084ce14a5aba58b199edc6ed232514cb4b2,898ffe05fe1f89dfae86bd2d395e1dcec5619e4b468dd1cef3f4db89652ed1a7,539bcdd33972921a9ca9fa6af1e4c2bf16bd64df08697fa6f63ddaab0da4f5c1,0.0,0.0,0,none,(),5080177bfb0b19e1bdf2c632ce666ddfb4d7c99c079d28ca9950413aad67af82,0c4fabb34ac8b9127e556c700c1da20b5c8c2c4d4fcf83c8a5b917feb814ca61,f439a9ed51f57fae2f57b262021cc4415869d38f86d0bb4d2fa89db413eebdd4
D4,3,2,1,600,348,15,100,30,0.01,False,cpu,lightning.qubit,adjoint,paper,edge_line_zzz,0.1,False,0.0,D4,1.860621951413439,2.0353125351595867,0.7433333333333333,0.6896551724137931,0.0536781609195401,72,8,symmetry,1549.506926125032,1,0,True,True,0,d4_orbit_holdout_v1,d4_orbit_holdout_v1,D4,True,0,266,49,502eea996526fedc78321f300a0b61959995d8817760f909360619ea6a7667be,898ffe05fe1f89dfae86bd2d395e1dcec5619e4b468dd1cef3f4db89652ed1a7,784c5fe0f242bd63c5ad1ea12cf6490f72ab6a8480666fb4c08f2677beadc81e,0.0,0.0,0,none,(),5080177bfb0b19e1bdf2c632ce666ddfb4d7c99c079d28ca9950413aad67af82,0c4fabb34ac8b9127e556c700c1da20b5c8c2c4d4fcf83c8a5b917feb814ca61,f439a9ed51f57fae2f57b262021cc4415869d38f86d0bb4d2fa89db413eebdd4
D4,3,2,2,600,348,15,100,30,0.01,False,cpu,lightning.qubit,adjoint,paper,edge_line_zzz,0.1,False,0.0,D4,1.9321445370552752,2.0999631453991388,0.805,0.7471264367816092,0.0578735632183908,72,8,symmetry,1576.0888344169944,2,0,True,True,0,d4_orbit_holdout_v1,d4_orbit_holdout_v1,D4,True,0,269,49,f9ef66ed8c54beeeab8d30e8c978294086c0bc03d8089bdb0086cc397e19d97b,898ffe05fe1f89dfae86bd2d395e1dcec5619e4b468dd1cef3f4db89652ed1a7,1d49a8470be0d005a3fdbf85fced0419b16c60e88b7a367b16eacec8e9002abf,0.0,0.0,0,none,(),5080177bfb0b19e1bdf2c632ce666ddfb4d7c99c079d28ca9950413aad67af82,0c4fabb34ac8b9127e556c700c1da20b5c8c2c4d4fcf83c8a5b917feb814ca61,f439a9ed51f57fae2f57b262021cc4415869d38f86d0bb4d2fa89db413eebdd4
D4,3,2,3,600,348,15,100,30,0.01,False,cpu,lightning.qubit,adjoint,paper,edge_line_zzz,0.1,False,0.0,D4,1.8916708289911175,2.024325587299903,0.745,0.6896551724137931,0.0553448275862068,72,8,symmetry,1571.0873153330176,3,0,True,True,0,d4_orbit_holdout_v1,d4_orbit_holdout_v1,D4,True,0,263,49,1a1ba5d100dfa02c205519e367e26c4c26b20e73ecab52b7c845c238b1313513,898ffe05fe1f89dfae86bd2d395e1dcec5619e4b468dd1cef3f4db89652ed1a7,553fb5f1d8e2f96e6941c8974209ced372531f8387994ea8ff669b79551a87ec,0.0,0.0,0,none,(),5080177bfb0b19e1bdf2c632ce666ddfb4d7c99c079d28ca9950413aad67af82,0c4fabb34ac8b9127e556c700c1da20b5c8c2c4d4fcf83c8a5b917feb814ca61,f439a9ed51f57fae2f57b262021cc4415869d38f86d0bb4d2fa89db413eebdd4
D4,3,2,4,600,348,15,100,30,0.01,False,cpu,lightning.qubit,adjoint,paper,edge_line_zzz,0.1,False,0.0,D4,1.862064313163512,1.963308565406791,0.785,0.7816091954022989,0.0033908045977011,72,8,symmetry,1545.3338299169554,4,0,True,True,0,d4_orbit_holdout_v1,d4_orbit_holdout_v1,D4,True,0,272,49,8de29e6cca1e5a9b645400356bb2c0d838066bc7dddf603da0de0e9b9cb613c7,898ffe05fe1f89dfae86bd2d395e1dcec5619e4b468dd1cef3f4db89652ed1a7,ecd54a3b63ae340a5031159d735f8a1f57d301d7fd14f3cacac746b4584efb8b,0.0,0.0,0,none,(),5080177bfb0b19e1bdf2c632ce666ddfb4d7c99c079d28ca9950413aad67af82,0c4fabb34ac8b9127e556c700c1da20b5c8c2c4d4fcf83c8a5b917feb814ca61,f439a9ed51f57fae2f57b262021cc4415869d38f86d0bb4d2fa89db413eebdd4
D4,3,2,5,600,348,15,100,30,0.01,False,cpu,lightning.qubit,adjoint,paper,edge_line_zzz,0.1,False,0.0,D4,1.8946268790939156,1.9449481564015791,0.7583333333333333,0.7701149425287356,-0.0117816091954022,72,8,symmetry,1559.323217666999,5,0,True,True,0,d4_orbit_holdout_v1,d4_orbit_holdout_v1,D4,True,0,266,49,2119280bef8c6be599a8fc2cdaae297d965bfc209c71b8bed17538f1176a615a,898ffe05fe1f89dfae86bd2d395e1dcec5619e4b468dd1cef3f4db89652ed1a7,549e99c7302d51d62fba17b985414fcbf17a980b9368ddb28122ac3340d85e46,0.0,0.0,0,none,(),5080177bfb0b19e1bdf2c632ce666ddfb4d7c99c079d28ca9950413aad67af82,0c4fabb34ac8b9127e556c700c1da20b5c8c2c4d4fcf83c8a5b917feb814ca61,f439a9ed51f57fae2f57b262021cc4415869d38f86d0bb4d2fa89db413eebdd4
D4,3,2,6,600,348,15,100,30,0.01,False,cpu,lightning.qubit,adjoint,paper,edge_line_zzz,0.1,False,0.0,D4,1.830752223013004,1.915412724905677,0.8216666666666667,0.8275862068965517,-0.005919540229885,72,8,symmetry,1561.1295572080417,6,0,True,True,0,d4_orbit_holdout_v1,d4_orbit_holdout_v1,D4,True,0,266,49,f854b9d22b73d3baf149ed8cd897ea6993c77aa15b92a5dbf49befaf6919b01d,898ffe05fe1f89dfae86bd2d395e1dcec5619e4b468dd1cef3f4db89652ed1a7,6e2a4c7f5638223112768702818d511663d147d8d0ba80562a4abe8e5295c478,0.0,0.0,0,none,(),5080177bfb0b19e1bdf2c632ce666ddfb4d7c99c079d28ca9950413aad67af82,0c4fabb34ac8b9127e556c700c1da20b5c8c2c4d4fcf83c8a5b917feb814ca61,f439a9ed51f57fae2f57b262021cc4415869d38f86d0bb4d2fa89db413eebdd4
D4,3,2,7,600,348,15,100,30,0.01,False,cpu,lightning.qubit,adjoint,paper,edge_line_zzz,0.1,False,0.0,D4,1.9115179761439556,1.968923685851936,0.73,0.7126436781609196,0.0173563218390804,72,8,symmetry,1576.8729724169823,7,0,True,True,0,d4_orbit_holdout_v1,d4_orbit_holdout_v1,D4,True,0,262,49,2e4b5e4c0ea21848b05443dfeb749ee5e4b3712272d6f850b1d1c1c198f7b414,898ffe05fe1f89dfae86bd2d395e1dcec5619e4b468dd1cef3f4db89652ed1a7,9a6df2e338d341b2a893a3b35c6043fb5969e7317e81ff563483c2696d01ef32,0.0,0.0,0,none,(),5080177bfb0b19e1bdf2c632ce666ddfb4d7c99c079d28ca9950413aad67af82,0c4fabb34ac8b9127e556c700c1da20b5c8c2c4d4fcf83c8a5b917feb814ca61,f439a9ed51f57fae2f57b262021cc4415869d38f86d0bb4d2fa89db413eebdd4
D4,3,2,8,600,348,15,100,30,0.01,False,cpu,lightning.qubit,adjoint,paper,edge_line_zzz,0.1,False,0.0,D4,1.9014622627729136,2.0449608880141104,0.785,0.7241379310344828,0.0608620689655172,72,8,symmetry,1568.0467065419652,8,0,True,True,0,d4_orbit_holdout_v1,d4_orbit_holdout_v1,D4,True,0,265,49,c3f231e6f88bb20e9faa707b33a0091c0c4956e17ed8415913bf5554a6e4fca2,898ffe05fe1f89dfae86bd2d395e1dcec5619e4b468dd1cef3f4db89652ed1a7,1c97bca8d39baa612a9ee96f39b51a0b76c97a8fb09ea3e647394d223c7bd7b1,0.0,0.0,0,none,(),5080177bfb0b19e1bdf2c632ce666ddfb4d7c99c079d28ca9950413aad67af82,0c4fabb34ac8b9127e556c700c1da20b5c8c2c4d4fcf83c8a5b917feb814ca61,f439a9ed51f57fae2f57b262021cc4415869d38f86d0bb4d2fa89db413eebdd4
D4,3,2,9,600,348,15,100,30,0.01,False,cpu,lightning.qubit,adjoint,paper,edge_line_zzz,0.1,False,0.0,D4,1.9083121506228624,2.008450107616079,0.745,0.7011494252873564,0.0438505747126436,72,8,symmetry,1552.714888000046,9,0,True,True,0,d4_orbit_holdout_v1,d4_orbit_holdout_v1,D4,True,0,265,49,f4adab1d8bd6dd97991fa341e92a77e4ea25c2a5edbb5a14843d7841d1f50a31,898ffe05fe1f89dfae86bd2d395e1dcec5619e4b468dd1cef3f4db89652ed1a7,9e3283df79c5d13febf6c251bd1ed173afed93f6bc4e02184add4fc6a1bb5281,0.0,0.0,0,none,(),5080177bfb0b19e1bdf2c632ce666ddfb4d7c99c079d28ca9950413aad67af82,0c4fabb34ac8b9127e556c700c1da20b5c8c2c4d4fcf83c8a5b917feb814ca61,f439a9ed51f57fae2f57b262021cc4415869d38f86d0bb4d2fa89db413eebdd4
C4,3,2,0,600,348,15,100,30,0.01,False,cpu,lightning.qubit,adjoint,paper,edge_line_ccrz,0.1,False,0.0,D4,1.8642718680023709,1.9741659786003836,0.7916666666666666,0.8275862068965517,-0.035919540229885,78,4,symmetry,2951.938100666972,0,0,True,True,0,d4_orbit_holdout_v1,d4_orbit_holdout_v1,D4,True,0,264,49,dc5d69f90befaaac45ab97941593e084ce14a5aba58b199edc6ed232514cb4b2,898ffe05fe1f89dfae86bd2d395e1dcec5619e4b468dd1cef3f4db89652ed1a7,539bcdd33972921a9ca9fa6af1e4c2bf16bd64df08697fa6f63ddaab0da4f5c1,0.0,0.0,0,none,(),5080177bfb0b19e1bdf2c632ce666ddfb4d7c99c079d28ca9950413aad67af82,0c4fabb34ac8b9127e556c700c1da20b5c8c2c4d4fcf83c8a5b917feb814ca61,f439a9ed51f57fae2f57b262021cc4415869d38f86d0bb4d2fa89db413eebdd4
C4,3,2,1,600,348,15,100,30,0.01,False,cpu,lightning.qubit,adjoint,paper,edge_line_ccrz,0.1,False,0.0,D4,1.7869711659085123,2.015229772797514,0.7333333333333333,0.6896551724137931,0.0436781609195401,78,4,symmetry,2930.4183537079953,1,0,True,True,0,d4_orbit_holdout_v1,d4_orbit_holdout_v1,D4,True,0,266,49,502eea996526fedc78321f300a0b61959995d8817760f909360619ea6a7667be,898ffe05fe1f89dfae86bd2d395e1dcec5619e4b468dd1cef3f4db89652ed1a7,784c5fe0f242bd63c5ad1ea12cf6490f72ab6a8480666fb4c08f2677beadc81e,0.0,0.0,0,none,(),5080177bfb0b19e1bdf2c632ce666ddfb4d7c99c079d28ca9950413aad67af82,0c4fabb34ac8b9127e556c700c1da20b5c8c2c4d4fcf83c8a5b917feb814ca61,f439a9ed51f57fae2f57b262021cc4415869d38f86d0bb4d2fa89db413eebdd4
C4,3,2,2,600,348,15,100,30,0.01,False,cpu,lightning.qubit,adjoint,paper,edge_line_ccrz,0.1,False,0.0,D4,1.8609536546345593,2.034424210091413,0.7716666666666666,0.7126436781609196,0.059022988505747,78,4,symmetry,2965.652149958012,2,0,True,True,0,d4_orbit_holdout_v1,d4_orbit_holdout_v1,D4,True,0,269,49,f9ef66ed8c54beeeab8d30e8c978294086c0bc03d8089bdb0086cc397e19d97b,898ffe05fe1f89dfae86bd2d395e1dcec5619e4b468dd1cef3f4db89652ed1a7,1d49a8470be0d005a3fdbf85fced0419b16c60e88b7a367b16eacec8e9002abf,0.0,0.0,0,none,(),5080177bfb0b19e1bdf2c632ce666ddfb4d7c99c079d28ca9950413aad67af82,0c4fabb34ac8b9127e556c700c1da20b5c8c2c4d4fcf83c8a5b917feb814ca61,f439a9ed51f57fae2f57b262021cc4415869d38f86d0bb4d2fa89db413eebdd4
C4,3,2,3,600,348,15,100,30,0.01,False,cpu,lightning.qubit,adjoint,paper,edge_line_ccrz,0.1,False,0.0,D4,1.9407816695864544,2.0804402293950264,0.775,0.735632183908046,0.039367816091954,78,4,symmetry,2957.846803374996,3,0,True,True,0,d4_orbit_holdout_v1,d4_orbit_holdout_v1,D4,True,0,263,49,1a1ba5d100dfa02c205519e367e26c4c26b20e73ecab52b7c845c238b1313513,898ffe05fe1f89dfae86bd2d395e1dcec5619e4b468dd1cef3f4db89652ed1a7,553fb5f1d8e2f96e6941c8974209ced372531f8387994ea8ff669b79551a87ec,0.0,0.0,0,none,(),5080177bfb0b19e1bdf2c632ce666ddfb4d7c99c079d28ca9950413aad67af82,0c4fabb34ac8b9127e556c700c1da20b5c8c2c4d4fcf83c8a5b917feb814ca61,f439a9ed51f57fae2f57b262021cc4415869d38f86d0bb4d2fa89db413eebdd4
C4,3,2,4,600,348,15,100,30,0.01,False,cpu,lightning.qubit,adjoint,paper,edge_line_ccrz,0.1,False,0.0,D4,1.962630566012197,1.9099818129766148,0.7433333333333333,0.7816091954022989,-0.0382758620689656,78,4,symmetry,2926.0779323340394,4,0,True,True,0,d4_orbit_holdout_v1,d4_orbit_holdout_v1,D4,True,0,272,49,8de29e6cca1e5a9b645400356bb2c0d838066bc7dddf603da0de0e9b9cb613c7,898ffe05fe1f89dfae86bd2d395e1dcec5619e4b468dd1cef3f4db89652ed1a7,ecd54a3b63ae340a5031159d735f8a1f57d301d7fd14f3cacac746b4584efb8b,0.0,0.0,0,none,(),5080177bfb0b19e1bdf2c632ce666ddfb4d7c99c079d28ca9950413aad67af82,0c4fabb34ac8b9127e556c700c1da20b5c8c2c4d4fcf83c8a5b917feb814ca61,f439a9ed51f57fae2f57b262021cc4415869d38f86d0bb4d2fa89db413eebdd4
C4,3,2,5,600,348,15,100,30,0.01,False,cpu,lightning.qubit,adjoint,paper,edge_line_ccrz,0.1,False,0.0,D4,1.884140378029383,1.9121226388295505,0.7416666666666667,0.7471264367816092,-0.0054597701149424,78,4,symmetry,2953.0584175420227,5,0,True,True,0,d4_orbit_holdout_v1,d4_orbit_holdout_v1,D4,True,0,266,49,2119280bef8c6be599a8fc2cdaae297d965bfc209c71b8bed17538f1176a615a,898ffe05fe1f89dfae86bd2d395e1dcec5619e4b468dd1cef3f4db89652ed1a7,549e99c7302d51d62fba17b985414fcbf17a980b9368ddb28122ac3340d85e46,0.0,0.0,0,none,(),5080177bfb0b19e1bdf2c632ce666ddfb4d7c99c079d28ca9950413aad67af82,0c4fabb34ac8b9127e556c700c1da20b5c8c2c4d4fcf83c8a5b917feb814ca61,f439a9ed51f57fae2f57b262021cc4415869d38f86d0bb4d2fa89db413eebdd4
C4,3,2,6,600,348,15,100,30,0.01,False,cpu,lightning.qubit,adjoint,paper,edge_line_ccrz,0.1,False,0.0,D4,1.905378141946025,2.040960773235026,0.7516666666666667,0.7241379310344828,0.0275287356321839,78,4,symmetry,2956.005445041985,6,0,True,True,0,d4_orbit_holdout_v1,d4_orbit_holdout_v1,D4,True,0,266,49,f854b9d22b73d3baf149ed8cd897ea6993c77aa15b92a5dbf49befaf6919b01d,898ffe05fe1f89dfae86bd2d395e1dcec5619e4b468dd1cef3f4db89652ed1a7,6e2a4c7f5638223112768702818d511663d147d8d0ba80562a4abe8e5295c478,0.0,0.0,0,none,(),5080177bfb0b19e1bdf2c632ce666ddfb4d7c99c079d28ca9950413aad67af82,0c4fabb34ac8b9127e556c700c1da20b5c8c2c4d4fcf83c8a5b917feb814ca61,f439a9ed51f57fae2f57b262021cc4415869d38f86d0bb4d2fa89db413eebdd4
C4,3,2,7,600,348,15,100,30,0.01,False,cpu,lightning.qubit,adjoint,paper,edge_line_ccrz,0.1,False,0.0,D4,1.873029959171992,1.9930731966512096,0.7316666666666667,0.7586206896551724,-0.0269540229885056,78,4,symmetry,2975.4794574999833,7,0,True,True,0,d4_orbit_holdout_v1,d4_orbit_holdout_v1,D4,True,0,262,49,2e4b5e4c0ea21848b05443dfeb749ee5e4b3712272d6f850b1d1c1c198f7b414,898ffe05fe1f89dfae86bd2d395e1dcec5619e4b468dd1cef3f4db89652ed1a7,9a6df2e338d341b2a893a3b35c6043fb5969e7317e81ff563483c2696d01ef32,0.0,0.0,0,none,(),5080177bfb0b19e1bdf2c632ce666ddfb4d7c99c079d28ca9950413aad67af82,0c4fabb34ac8b9127e556c700c1da20b5c8c2c4d4fcf83c8a5b917feb814ca61,f439a9ed51f57fae2f57b262021cc4415869d38f86d0bb4d2fa89db413eebdd4
C4,3,2,8,600,348,15,100,30,0.01,False,cpu,lightning.qubit,adjoint,paper,edge_line_ccrz,0.1,False,0.0,D4,1.891995936939979,2.1392160452046167,0.7633333333333333,0.7126436781609196,0.0506896551724137,78,4,symmetry,2965.5804157920065,8,0,True,True,0,d4_orbit_holdout_v1,d4_orbit_holdout_v1,D4,True,0,265,49,c3f231e6f88bb20e9faa707b33a0091c0c4956e17ed8415913bf5554a6e4fca2,898ffe05fe1f89dfae86bd2d395e1dcec5619e4b468dd1cef3f4db89652ed1a7,1c97bca8d39baa612a9ee96f39b51a0b76c97a8fb09ea3e647394d223c7bd7b1,0.0,0.0,0,none,(),5080177bfb0b19e1bdf2c632ce666ddfb4d7c99c079d28ca9950413aad67af82,0c4fabb34ac8b9127e556c700c1da20b5c8c2c4d4fcf83c8a5b917feb814ca61,f439a9ed51f57fae2f57b262021cc4415869d38f86d0bb4d2fa89db413eebdd4
C4,3,2,9,600,348,15,100,30,0.01,False,cpu,lightning.qubit,adjoint,paper,edge_line_ccrz,0.1,False,0.0,D4,1.9041826401472024,1.9377296991104953,0.735,0.6896551724137931,0.0453448275862068,78,4,symmetry,2954.6958932499983,9,0,True,True,0,d4_orbit_holdout_v1,d4_orbit_holdout_v1,D4,True,0,265,49,f4adab1d8bd6dd97991fa341e92a77e4ea25c2a5edbb5a14843d7841d1f50a31,898ffe05fe1f89dfae86bd2d395e1dcec5619e4b468dd1cef3f4db89652ed1a7,9e3283df79c5d13febf6c251bd1ed173afed93f6bc4e02184add4fc6a1bb5281,0.0,0.0,0,none,(),5080177bfb0b19e1bdf2c632ce666ddfb4d7c99c079d28ca9950413aad67af82,0c4fabb34ac8b9127e556c700c1da20b5c8c2c4d4fcf83c8a5b917feb814ca61,f439a9ed51f57fae2f57b262021cc4415869d38f86d0bb4d2fa89db413eebdd4
D4,3,2,0,600,348,15,100,30,0.01,False,cpu,lightning.qubit,adjoint,paper,edge_line_ccrz,0.1,False,0.0,D4,1.9247927294208496,2.087766029387949,0.795,0.7701149425287356,0.0248850574712644,72,8,symmetry,2935.754442583013,0,0,True,True,0,d4_orbit_holdout_v1,d4_orbit_holdout_v1,D4,True,0,264,49,dc5d69f90befaaac45ab97941593e084ce14a5aba58b199edc6ed232514cb4b2,898ffe05fe1f89dfae86bd2d395e1dcec5619e4b468dd1cef3f4db89652ed1a7,539bcdd33972921a9ca9fa6af1e4c2bf16bd64df08697fa6f63ddaab0da4f5c1,0.0,0.0,0,none,(),5080177bfb0b19e1bdf2c632ce666ddfb4d7c99c079d28ca9950413aad67af82,0c4fabb34ac8b9127e556c700c1da20b5c8c2c4d4fcf83c8a5b917feb814ca61,f439a9ed51f57fae2f57b262021cc4415869d38f86d0bb4d2fa89db413eebdd4
D4,3,2,1,600,348,15,100,30,0.01,False,cpu,lightning.qubit,adjoint,paper,edge_line_ccrz,0.1,False,0.0,D4,1.805130410488129,2.0107736408978254,0.85,0.6896551724137931,0.1603448275862068,72,8,symmetry,2929.42728420801,1,0,True,True,0,d4_orbit_holdout_v1,d4_orbit_holdout_v1,D4,True,0,266,49,502eea996526fedc78321f300a0b61959995d8817760f909360619ea6a7667be,898ffe05fe1f89dfae86bd2d395e1dcec5619e4b468dd1cef3f4db89652ed1a7,784c5fe0f242bd63c5ad1ea12cf6490f72ab6a8480666fb4c08f2677beadc81e,0.0,0.0,0,none,(),5080177bfb0b19e1bdf2c632ce666ddfb4d7c99c079d28ca9950413aad67af82,0c4fabb34ac8b9127e556c700c1da20b5c8c2c4d4fcf83c8a5b917feb814ca61,f439a9ed51f57fae2f57b262021cc4415869d38f86d0bb4d2fa89db413eebdd4
D4,3,2,2,600,348,15,100,30,0.01,False,cpu,lightning.qubit,adjoint,paper,edge_line_ccrz,0.1,False,0.0,D4,1.7863585937525106,1.917861706218583,0.8183333333333334,0.7931034482758621,0.0252298850574712,72,8,symmetry,2963.3446769579896,2,0,True,True,0,d4_orbit_holdout_v1,d4_orbit_holdout_v1,D4,True,0,269,49,f9ef66ed8c54beeeab8d30e8c978294086c0bc03d8089bdb0086cc397e19d97b,898ffe05fe1f89dfae86bd2d395e1dcec5619e4b468dd1cef3f4db89652ed1a7,1d49a8470be0d005a3fdbf85fced0419b16c60e88b7a367b16eacec8e9002abf,0.0,0.0,0,none,(),5080177bfb0b19e1bdf2c632ce666ddfb4d7c99c079d28ca9950413aad67af82,0c4fabb34ac8b9127e556c700c1da20b5c8c2c4d4fcf83c8a5b917feb814ca61,f439a9ed51f57fae2f57b262021cc4415869d38f86d0bb4d2fa89db413eebdd4
D4,3,2,3,600,348,15,100,30,0.01,False,cpu,lightning.qubit,adjoint,paper,edge_line_ccrz,0.1,False,0.0,D4,1.947364465143539,2.103798528929436,0.735,0.6781609195402298,0.0568390804597701,72,8,symmetry,2935.3844130830257,3,0,True,True,0,d4_orbit_holdout_v1,d4_orbit_holdout_v1,D4,True,0,263,49,1a1ba5d100dfa02c205519e367e26c4c26b20e73ecab52b7c845c238b1313513,898ffe05fe1f89dfae86bd2d395e1dcec5619e4b468dd1cef3f4db89652ed1a7,553fb5f1d8e2f96e6941c8974209ced372531f8387994ea8ff669b79551a87ec,0.0,0.0,0,none,(),5080177bfb0b19e1bdf2c632ce666ddfb4d7c99c079d28ca9950413aad67af82,0c4fabb34ac8b9127e556c700c1da20b5c8c2c4d4fcf83c8a5b917feb814ca61,f439a9ed51f57fae2f57b262021cc4415869d38f86d0bb4d2fa89db413eebdd4
D4,3,2,4,600,348,15,100,30,0.01,False,cpu,lightning.qubit,adjoint,paper,edge_line_ccrz,0.1,False,0.0,D4,1.7856280071678767,1.824988716092324,0.7683333333333333,0.7701149425287356,-0.0017816091954022,72,8,symmetry,2914.390849874995,4,0,True,True,0,d4_orbit_holdout_v1,d4_orbit_holdout_v1,D4,True,0,272,49,8de29e6cca1e5a9b645400356bb2c0d838066bc7dddf603da0de0e9b9cb613c7,898ffe05fe1f89dfae86bd2d395e1dcec5619e4b468dd1cef3f4db89652ed1a7,ecd54a3b63ae340a5031159d735f8a1f57d301d7fd14f3cacac746b4584efb8b,0.0,0.0,0,none,(),5080177bfb0b19e1bdf2c632ce666ddfb4d7c99c079d28ca9950413aad67af82,0c4fabb34ac8b9127e556c700c1da20b5c8c2c4d4fcf83c8a5b917feb814ca61,f439a9ed51f57fae2f57b262021cc4415869d38f86d0bb4d2fa89db413eebdd4
D4,3,2,5,600,348,15,100,30,0.01,False,cpu,lightning.qubit,adjoint,paper,edge_line_ccrz,0.1,False,0.0,D4,1.9142409049283575,2.009708261404578,0.7016666666666667,0.7701149425287356,-0.0684482758620689,72,8,symmetry,2969.4208341249614,5,0,True,True,0,d4_orbit_holdout_v1,d4_orbit_holdout_v1,D4,True,0,266,49,2119280bef8c6be599a8fc2cdaae297d965bfc209c71b8bed17538f1176a615a,898ffe05fe1f89dfae86bd2d395e1dcec5619e4b468dd1cef3f4db89652ed1a7,549e99c7302d51d62fba17b985414fcbf17a980b9368ddb28122ac3340d85e46,0.0,0.0,0,none,(),5080177bfb0b19e1bdf2c632ce666ddfb4d7c99c079d28ca9950413aad67af82,0c4fabb34ac8b9127e556c700c1da20b5c8c2c4d4fcf83c8a5b917feb814ca61,f439a9ed51f57fae2f57b262021cc4415869d38f86d0bb4d2fa89db413eebdd4
D4,3,2,6,600,348,15,100,30,0.01,False,cpu,lightning.qubit,adjoint,paper,edge_line_ccrz,0.1,False,0.0,D4,1.883383463831984,1.9543385939874829,0.7883333333333333,0.7816091954022989,0.0067241379310344,72,8,symmetry,2930.0455862089875,6,0,True,True,0,d4_orbit_holdout_v1,d4_orbit_holdout_v1,D4,True,0,266,49,f854b9d22b73d3baf149ed8cd897ea6993c77aa15b92a5dbf49befaf6919b01d,898ffe05fe1f89dfae86bd2d395e1dcec5619e4b468dd1cef3f4db89652ed1a7,6e2a4c7f5638223112768702818d511663d147d8d0ba80562a4abe8e5295c478,0.0,0.0,0,none,(),5080177bfb0b19e1bdf2c632ce666ddfb4d7c99c079d28ca9950413aad67af82,0c4fabb34ac8b9127e556c700c1da20b5c8c2c4d4fcf83c8a5b917feb814ca61,f439a9ed51f57fae2f57b262021cc4415869d38f86d0bb4d2fa89db413eebdd4
D4,3,2,7,600,348,15,100,30,0.01,False,cpu,lightning.qubit,adjoint,paper,edge_line_ccrz,0.1,False,0.0,D4,1.9320073439865868,2.0002310118070454,0.7416666666666667,0.7011494252873564,0.0405172413793103,72,8,symmetry,2967.0814072919893,7,0,True,True,0,d4_orbit_holdout_v1,d4_orbit_holdout_v1,D4,True,0,262,49,2e4b5e4c0ea21848b05443dfeb749ee5e4b3712272d6f850b1d1c1c198f7b414,898ffe05fe1f89dfae86bd2d395e1dcec5619e4b468dd1cef3f4db89652ed1a7,9a6df2e338d341b2a893a3b35c6043fb5969e7317e81ff563483c2696d01ef32,0.0,0.0,0,none,(),5080177bfb0b19e1bdf2c632ce666ddfb4d7c99c079d28ca9950413aad67af82,0c4fabb34ac8b9127e556c700c1da20b5c8c2c4d4fcf83c8a5b917feb814ca61,f439a9ed51f57fae2f57b262021cc4415869d38f86d0bb4d2fa89db413eebdd4
D4,3,2,8,600,348,15,100,30,0.01,False,cpu,lightning.qubit,adjoint,paper,edge_line_ccrz,0.1,False,0.0,D4,1.8923960499442236,2.0708434258867188,0.795,0.7816091954022989,0.0133908045977011,72,8,symmetry,2974.207516291004,8,0,True,True,0,d4_orbit_holdout_v1,d4_orbit_holdout_v1,D4,True,0,265,49,c3f231e6f88bb20e9faa707b33a0091c0c4956e17ed8415913bf5554a6e4fca2,898ffe05fe1f89dfae86bd2d395e1dcec5619e4b468dd1cef3f4db89652ed1a7,1c97bca8d39baa612a9ee96f39b51a0b76c97a8fb09ea3e647394d223c7bd7b1,0.0,0.0,0,none,(),5080177bfb0b19e1bdf2c632ce666ddfb4d7c99c079d28ca9950413aad67af82,0c4fabb34ac8b9127e556c700c1da20b5c8c2c4d4fcf83c8a5b917feb814ca61,f439a9ed51f57fae2f57b262021cc4415869d38f86d0bb4d2fa89db413eebdd4
D4,3,2,9,600,348,15,100,30,0.01,False,cpu,lightning.qubit,adjoint,paper,edge_line_ccrz,0.1,False,0.0,D4,1.8686755886997215,1.916788690682019,0.78,0.7126436781609196,0.0673563218390804,72,8,symmetry,2933.33219145803,9,0,True,True,0,d4_orbit_holdout_v1,d4_orbit_holdout_v1,D4,True,0,265,49,f4adab1d8bd6dd97991fa341e92a77e4ea25c2a5edbb5a14843d7841d1f50a31,898ffe05fe1f89dfae86bd2d395e1dcec5619e4b468dd1cef3f4db89652ed1a7,9e3283df79c5d13febf6c251bd1ed173afed93f6bc4e02184add4fc6a1bb5281,0.0,0.0,0,none,(),5080177bfb0b19e1bdf2c632ce666ddfb4d7c99c079d28ca9950413aad67af82,0c4fabb34ac8b9127e556c700c1da20b5c8c2c4d4fcf83c8a5b917feb814ca61,f439a9ed51f57fae2f57b262021cc4415869d38f86d0bb4d2fa89db413eebdd4
C4,3,2,0,600,348,15,100,30,0.01,False,cpu,lightning.qubit,adjoint,paper,line_zzz_ccrz,0.1,False,0.0,D4,1.8760648806203144,1.8892069248766183,0.8133333333333334,0.8045977011494253,0.008735632183908,72,4,symmetry,2449.642701459001,0,0,True,True,0,d4_orbit_holdout_v1,d4_orbit_holdout_v1,D4,True,0,264,49,dc5d69f90befaaac45ab97941593e084ce14a5aba58b199edc6ed232514cb4b2,898ffe05fe1f89dfae86bd2d395e1dcec5619e4b468dd1cef3f4db89652ed1a7,539bcdd33972921a9ca9fa6af1e4c2bf16bd64df08697fa6f63ddaab0da4f5c1,0.0,0.0,0,none,(),5080177bfb0b19e1bdf2c632ce666ddfb4d7c99c079d28ca9950413aad67af82,0c4fabb34ac8b9127e556c700c1da20b5c8c2c4d4fcf83c8a5b917feb814ca61,f439a9ed51f57fae2f57b262021cc4415869d38f86d0bb4d2fa89db413eebdd4
C4,3,2,1,600,348,15,100,30,0.01,False,cpu,lightning.qubit,adjoint,paper,line_zzz_ccrz,0.1,False,0.0,D4,1.889086647337682,2.089830351681636,0.7483333333333333,0.6781609195402298,0.0701724137931034,72,4,symmetry,2478.0892370829824,1,0,True,True,0,d4_orbit_holdout_v1,d4_orbit_holdout_v1,D4,True,0,266,49,502eea996526fedc78321f300a0b61959995d8817760f909360619ea6a7667be,898ffe05fe1f89dfae86bd2d395e1dcec5619e4b468dd1cef3f4db89652ed1a7,784c5fe0f242bd63c5ad1ea12cf6490f72ab6a8480666fb4c08f2677beadc81e,0.0,0.0,0,none,(),5080177bfb0b19e1bdf2c632ce666ddfb4d7c99c079d28ca9950413aad67af82,0c4fabb34ac8b9127e556c700c1da20b5c8c2c4d4fcf83c8a5b917feb814ca61,f439a9ed51f57fae2f57b262021cc4415869d38f86d0bb4d2fa89db413eebdd4
C4,3,2,2,600,348,15,100,30,0.01,False,cpu,lightning.qubit,adjoint,paper,line_zzz_ccrz,0.1,False,0.0,D4,1.9056587721954417,2.037657175293047,0.74,0.7011494252873564,0.0388505747126436,72,4,symmetry,2453.3257025829516,2,0,True,True,0,d4_orbit_holdout_v1,d4_orbit_holdout_v1,D4,True,0,269,49,f9ef66ed8c54beeeab8d30e8c978294086c0bc03d8089bdb0086cc397e19d97b,898ffe05fe1f89dfae86bd2d395e1dcec5619e4b468dd1cef3f4db89652ed1a7,1d49a8470be0d005a3fdbf85fced0419b16c60e88b7a367b16eacec8e9002abf,0.0,0.0,0,none,(),5080177bfb0b19e1bdf2c632ce666ddfb4d7c99c079d28ca9950413aad67af82,0c4fabb34ac8b9127e556c700c1da20b5c8c2c4d4fcf83c8a5b917feb814ca61,f439a9ed51f57fae2f57b262021cc4415869d38f86d0bb4d2fa89db413eebdd4
C4,3,2,3,600,348,15,100,30,0.01,False,cpu,lightning.qubit,adjoint,paper,line_zzz_ccrz,0.1,False,0.0,D4,1.9451944969532335,2.047045695635391,0.7283333333333334,0.7586206896551724,-0.0302873563218389,72,4,symmetry,2447.3576002079644,3,0,True,True,0,d4_orbit_holdout_v1,d4_orbit_holdout_v1,D4,True,0,263,49,1a1ba5d100dfa02c205519e367e26c4c26b20e73ecab52b7c845c238b1313513,898ffe05fe1f89dfae86bd2d395e1dcec5619e4b468dd1cef3f4db89652ed1a7,553fb5f1d8e2f96e6941c8974209ced372531f8387994ea8ff669b79551a87ec,0.0,0.0,0,none,(),5080177bfb0b19e1bdf2c632ce666ddfb4d7c99c079d28ca9950413aad67af82,0c4fabb34ac8b9127e556c700c1da20b5c8c2c4d4fcf83c8a5b917feb814ca61,f439a9ed51f57fae2f57b262021cc4415869d38f86d0bb4d2fa89db413eebdd4
C4,3,2,4,600,348,15,100,30,0.01,False,cpu,lightning.qubit,adjoint,paper,line_zzz_ccrz,0.1,False,0.0,D4,1.8859375614363765,1.935088539474303,0.7516666666666667,0.7471264367816092,0.0045402298850575,72,4,symmetry,2481.0479707499617,4,0,True,True,0,d4_orbit_holdout_v1,d4_orbit_holdout_v1,D4,True,0,272,49,8de29e6cca1e5a9b645400356bb2c0d838066bc7dddf603da0de0e9b9cb613c7,898ffe05fe1f89dfae86bd2d395e1dcec5619e4b468dd1cef3f4db89652ed1a7,ecd54a3b63ae340a5031159d735f8a1f57d301d7fd14f3cacac746b4584efb8b,0.0,0.0,0,none,(),5080177bfb0b19e1bdf2c632ce666ddfb4d7c99c079d28ca9950413aad67af82,0c4fabb34ac8b9127e556c700c1da20b5c8c2c4d4fcf83c8a5b917feb814ca61,f439a9ed51f57fae2f57b262021cc4415869d38f86d0bb4d2fa89db413eebdd4
C4,3,2,5,600,348,15,100,30,0.01,False,cpu,lightning.qubit,adjoint,paper,line_zzz_ccrz,0.1,False,0.0,D4,2.0112693001009943,2.0543453461819454,0.705,0.6666666666666666,0.0383333333333333,72,4,symmetry,2430.8993632919737,5,0,True,True,0,d4_orbit_holdout_v1,d4_orbit_holdout_v1,D4,True,0,266,49,2119280bef8c6be599a8fc2cdaae297d965bfc209c71b8bed17538f1176a615a,898ffe05fe1f89dfae86bd2d395e1dcec5619e4b468dd1cef3f4db89652ed1a7,549e99c7302d51d62fba17b985414fcbf17a980b9368ddb28122ac3340d85e46,0.0,0.0,0,none,(),5080177bfb0b19e1bdf2c632ce666ddfb4d7c99c079d28ca9950413aad67af82,0c4fabb34ac8b9127e556c700c1da20b5c8c2c4d4fcf83c8a5b917feb814ca61,f439a9ed51f57fae2f57b262021cc4415869d38f86d0bb4d2fa89db413eebdd4
C4,3,2,6,600,348,15,100,30,0.01,False,cpu,lightning.qubit,adjoint,paper,line_zzz_ccrz,0.1,False,0.0,D4,1.9006870777099292,1.9008971903814296,0.7683333333333333,0.7701149425287356,-0.0017816091954022,72,4,symmetry,2429.2568322499865,6,0,True,True,0,d4_orbit_holdout_v1,d4_orbit_holdout_v1,D4,True,0,266,49,f854b9d22b73d3baf149ed8cd897ea6993c77aa15b92a5dbf49befaf6919b01d,898ffe05fe1f89dfae86bd2d395e1dcec5619e4b468dd1cef3f4db89652ed1a7,6e2a4c7f5638223112768702818d511663d147d8d0ba80562a4abe8e5295c478,0.0,0.0,0,none,(),5080177bfb0b19e1bdf2c632ce666ddfb4d7c99c079d28ca9950413aad67af82,0c4fabb34ac8b9127e556c700c1da20b5c8c2c4d4fcf83c8a5b917feb814ca61,f439a9ed51f57fae2f57b262021cc4415869d38f86d0bb4d2fa89db413eebdd4
C4,3,2,7,600,348,15,100,30,0.01,False,cpu,lightning.qubit,adjoint,paper,line_zzz_ccrz,0.1,False,0.0,D4,1.8315500058215055,2.072609590379314,0.755,0.6781609195402298,0.0768390804597701,72,4,symmetry,2451.320121249999,7,0,True,True,0,d4_orbit_holdout_v1,d4_orbit_holdout_v1,D4,True,0,262,49,2e4b5e4c0ea21848b05443dfeb749ee5e4b3712272d6f850b1d1c1c198f7b414,898ffe05fe1f89dfae86bd2d395e1dcec5619e4b468dd1cef3f4db89652ed1a7,9a6df2e338d341b2a893a3b35c6043fb5969e7317e81ff563483c2696d01ef32,0.0,0.0,0,none,(),5080177bfb0b19e1bdf2c632ce666ddfb4d7c99c079d28ca9950413aad67af82,0c4fabb34ac8b9127e556c700c1da20b5c8c2c4d4fcf83c8a5b917feb814ca61,f439a9ed51f57fae2f57b262021cc4415869d38f86d0bb4d2fa89db413eebdd4
C4,3,2,8,600,348,15,100,30,0.01,False,cpu,lightning.qubit,adjoint,paper,line_zzz_ccrz,0.1,False,0.0,D4,1.8790426046333513,2.0352211325405363,0.7716666666666666,0.7011494252873564,0.0705172413793102,72,4,symmetry,2441.669884999981,8,0,True,True,0,d4_orbit_holdout_v1,d4_orbit_holdout_v1,D4,True,0,265,49,c3f231e6f88bb20e9faa707b33a0091c0c4956e17ed8415913bf5554a6e4fca2,898ffe05fe1f89dfae86bd2d395e1dcec5619e4b468dd1cef3f4db89652ed1a7,1c97bca8d39baa612a9ee96f39b51a0b76c97a8fb09ea3e647394d223c7bd7b1,0.0,0.0,0,none,(),5080177bfb0b19e1bdf2c632ce666ddfb4d7c99c079d28ca9950413aad67af82,0c4fabb34ac8b9127e556c700c1da20b5c8c2c4d4fcf83c8a5b917feb814ca61,f439a9ed51f57fae2f57b262021cc4415869d38f86d0bb4d2fa89db413eebdd4
C4,3,2,9,600,348,15,100,30,0.01,False,cpu,lightning.qubit,adjoint,paper,line_zzz_ccrz,0.1,False,0.0,D4,1.9352121676073573,2.0357659544250586,0.745,0.7126436781609196,0.0323563218390804,72,4,symmetry,2424.7800927499775,9,0,True,True,0,d4_orbit_holdout_v1,d4_orbit_holdout_v1,D4,True,0,265,49,f4adab1d8bd6dd97991fa341e92a77e4ea25c2a5edbb5a14843d7841d1f50a31,898ffe05fe1f89dfae86bd2d395e1dcec5619e4b468dd1cef3f4db89652ed1a7,9e3283df79c5d13febf6c251bd1ed173afed93f6bc4e02184add4fc6a1bb5281,0.0,0.0,0,none,(),5080177bfb0b19e1bdf2c632ce666ddfb4d7c99c079d28ca9950413aad67af82,0c4fabb34ac8b9127e556c700c1da20b5c8c2c4d4fcf83c8a5b917feb814ca61,f439a9ed51f57fae2f57b262021cc4415869d38f86d0bb4d2fa89db413eebdd4
D4,3,2,0,600,348,15,100,30,0.01,False,cpu,lightning.qubit,adjoint,paper,line_zzz_ccrz,0.1,False,0.0,D4,1.8760648806203144,1.8892069248766183,0.8133333333333334,0.8045977011494253,0.008735632183908,72,8,symmetry,2475.6029040410067,0,0,True,True,0,d4_orbit_holdout_v1,d4_orbit_holdout_v1,D4,True,0,264,49,dc5d69f90befaaac45ab97941593e084ce14a5aba58b199edc6ed232514cb4b2,898ffe05fe1f89dfae86bd2d395e1dcec5619e4b468dd1cef3f4db89652ed1a7,539bcdd33972921a9ca9fa6af1e4c2bf16bd64df08697fa6f63ddaab0da4f5c1,0.0,0.0,0,none,(),5080177bfb0b19e1bdf2c632ce666ddfb4d7c99c079d28ca9950413aad67af82,0c4fabb34ac8b9127e556c700c1da20b5c8c2c4d4fcf83c8a5b917feb814ca61,f439a9ed51f57fae2f57b262021cc4415869d38f86d0bb4d2fa89db413eebdd4
D4,3,2,1,600,348,15,100,30,0.01,False,cpu,lightning.qubit,adjoint,paper,line_zzz_ccrz,0.1,False,0.0,D4,1.889086647337682,2.089830351681636,0.7483333333333333,0.6781609195402298,0.0701724137931034,72,8,symmetry,2466.993351540994,1,0,True,True,0,d4_orbit_holdout_v1,d4_orbit_holdout_v1,D4,True,0,266,49,502eea996526fedc78321f300a0b61959995d8817760f909360619ea6a7667be,898ffe05fe1f89dfae86bd2d395e1dcec5619e4b468dd1cef3f4db89652ed1a7,784c5fe0f242bd63c5ad1ea12cf6490f72ab6a8480666fb4c08f2677beadc81e,0.0,0.0,0,none,(),5080177bfb0b19e1bdf2c632ce666ddfb4d7c99c079d28ca9950413aad67af82,0c4fabb34ac8b9127e556c700c1da20b5c8c2c4d4fcf83c8a5b917feb814ca61,f439a9ed51f57fae2f57b262021cc4415869d38f86d0bb4d2fa89db413eebdd4
D4,3,2,2,600,348,15,100,30,0.01,False,cpu,lightning.qubit,adjoint,paper,line_zzz_ccrz,0.1,False,0.0,D4,1.9056587721954417,2.037657175293047,0.74,0.7011494252873564,0.0388505747126436,72,8,symmetry,2498.7637786669657,2,0,True,True,0,d4_orbit_holdout_v1,d4_orbit_holdout_v1,D4,True,0,269,49,f9ef66ed8c54beeeab8d30e8c978294086c0bc03d8089bdb0086cc397e19d97b,898ffe05fe1f89dfae86bd2d395e1dcec5619e4b468dd1cef3f4db89652ed1a7,1d49a8470be0d005a3fdbf85fced0419b16c60e88b7a367b16eacec8e9002abf,0.0,0.0,0,none,(),5080177bfb0b19e1bdf2c632ce666ddfb4d7c99c079d28ca9950413aad67af82,0c4fabb34ac8b9127e556c700c1da20b5c8c2c4d4fcf83c8a5b917feb814ca61,f439a9ed51f57fae2f57b262021cc4415869d38f86d0bb4d2fa89db413eebdd4
D4,3,2,3,600,348,15,100,30,0.01,False,cpu,lightning.qubit,adjoint,paper,line_zzz_ccrz,0.1,False,0.0,D4,1.9451944969532335,2.047045695635391,0.7283333333333334,0.7586206896551724,-0.0302873563218389,72,8,symmetry,2493.6816929170163,3,0,True,True,0,d4_orbit_holdout_v1,d4_orbit_holdout_v1,D4,True,0,263,49,1a1ba5d100dfa02c205519e367e26c4c26b20e73ecab52b7c845c238b1313513,898ffe05fe1f89dfae86bd2d395e1dcec5619e4b468dd1cef3f4db89652ed1a7,553fb5f1d8e2f96e6941c8974209ced372531f8387994ea8ff669b79551a87ec,0.0,0.0,0,none,(),5080177bfb0b19e1bdf2c632ce666ddfb4d7c99c079d28ca9950413aad67af82,0c4fabb34ac8b9127e556c700c1da20b5c8c2c4d4fcf83c8a5b917feb814ca61,f439a9ed51f57fae2f57b262021cc4415869d38f86d0bb4d2fa89db413eebdd4
D4,3,2,4,600,348,15,100,30,0.01,False,cpu,lightning.qubit,adjoint,paper,line_zzz_ccrz,0.1,False,0.0,D4,1.8859375614363765,1.935088539474303,0.7516666666666667,0.7471264367816092,0.0045402298850575,72,8,symmetry,2457.6528428330203,4,0,True,True,0,d4_orbit_holdout_v1,d4_orbit_holdout_v1,D4,True,0,272,49,8de29e6cca1e5a9b645400356bb2c0d838066bc7dddf603da0de0e9b9cb613c7,898ffe05fe1f89dfae86bd2d395e1dcec5619e4b468dd1cef3f4db89652ed1a7,ecd54a3b63ae340a5031159d735f8a1f57d301d7fd14f3cacac746b4584efb8b,0.0,0.0,0,none,(),5080177bfb0b19e1bdf2c632ce666ddfb4d7c99c079d28ca9950413aad67af82,0c4fabb34ac8b9127e556c700c1da20b5c8c2c4d4fcf83c8a5b917feb814ca61,f439a9ed51f57fae2f57b262021cc4415869d38f86d0bb4d2fa89db413eebdd4
D4,3,2,5,600,348,15,100,30,0.01,False,cpu,lightning.qubit,adjoint,paper,line_zzz_ccrz,0.1,False,0.0,D4,2.0112693001009943,2.0543453461819454,0.705,0.6666666666666666,0.0383333333333333,72,8,symmetry,2442.4521505000303,5,0,True,True,0,d4_orbit_holdout_v1,d4_orbit_holdout_v1,D4,True,0,266,49,2119280bef8c6be599a8fc2cdaae297d965bfc209c71b8bed17538f1176a615a,898ffe05fe1f89dfae86bd2d395e1dcec5619e4b468dd1cef3f4db89652ed1a7,549e99c7302d51d62fba17b985414fcbf17a980b9368ddb28122ac3340d85e46,0.0,0.0,0,none,(),5080177bfb0b19e1bdf2c632ce666ddfb4d7c99c079d28ca9950413aad67af82,0c4fabb34ac8b9127e556c700c1da20b5c8c2c4d4fcf83c8a5b917feb814ca61,f439a9ed51f57fae2f57b262021cc4415869d38f86d0bb4d2fa89db413eebdd4
D4,3,2,6,600,348,15,100,30,0.01,False,cpu,lightning.qubit,adjoint,paper,line_zzz_ccrz,0.1,False,0.0,D4,1.9006870777099292,1.9008971903814296,0.7683333333333333,0.7701149425287356,-0.0017816091954022,72,8,symmetry,2440.929558541975,6,0,True,True,0,d4_orbit_holdout_v1,d4_orbit_holdout_v1,D4,True,0,266,49,f854b9d22b73d3baf149ed8cd897ea6993c77aa15b92a5dbf49befaf6919b01d,898ffe05fe1f89dfae86bd2d395e1dcec5619e4b468dd1cef3f4db89652ed1a7,6e2a4c7f5638223112768702818d511663d147d8d0ba80562a4abe8e5295c478,0.0,0.0,0,none,(),5080177bfb0b19e1bdf2c632ce666ddfb4d7c99c079d28ca9950413aad67af82,0c4fabb34ac8b9127e556c700c1da20b5c8c2c4d4fcf83c8a5b917feb814ca61,f439a9ed51f57fae2f57b262021cc4415869d38f86d0bb4d2fa89db413eebdd4
D4,3,2,7,600,348,15,100,30,0.01,False,cpu,lightning.qubit,adjoint,paper,line_zzz_ccrz,0.1,False,0.0,D4,1.8315500058215055,2.072609590379314,0.755,0.6781609195402298,0.0768390804597701,72,8,symmetry,2458.8563077499857,7,0,True,True,0,d4_orbit_holdout_v1,d4_orbit_holdout_v1,D4,True,0,262,49,2e4b5e4c0ea21848b05443dfeb749ee5e4b3712272d6f850b1d1c1c198f7b414,898ffe05fe1f89dfae86bd2d395e1dcec5619e4b468dd1cef3f4db89652ed1a7,9a6df2e338d341b2a893a3b35c6043fb5969e7317e81ff563483c2696d01ef32,0.0,0.0,0,none,(),5080177bfb0b19e1bdf2c632ce666ddfb4d7c99c079d28ca9950413aad67af82,0c4fabb34ac8b9127e556c700c1da20b5c8c2c4d4fcf83c8a5b917feb814ca61,f439a9ed51f57fae2f57b262021cc4415869d38f86d0bb4d2fa89db413eebdd4
D4,3,2,8,600,348,15,100,30,0.01,False,cpu,lightning.qubit,adjoint,paper,line_zzz_ccrz,0.1,False,0.0,D4,1.8790426046333513,2.0352211325405363,0.7716666666666666,0.7011494252873564,0.0705172413793102,72,8,symmetry,2453.4698492920143,8,0,True,True,0,d4_orbit_holdout_v1,d4_orbit_holdout_v1,D4,True,0,265,49,c3f231e6f88bb20e9faa707b33a0091c0c4956e17ed8415913bf5554a6e4fca2,898ffe05fe1f89dfae86bd2d395e1dcec5619e4b468dd1cef3f4db89652ed1a7,1c97bca8d39baa612a9ee96f39b51a0b76c97a8fb09ea3e647394d223c7bd7b1,0.0,0.0,0,none,(),5080177bfb0b19e1bdf2c632ce666ddfb4d7c99c079d28ca9950413aad67af82,0c4fabb34ac8b9127e556c700c1da20b5c8c2c4d4fcf83c8a5b917feb814ca61,f439a9ed51f57fae2f57b262021cc4415869d38f86d0bb4d2fa89db413eebdd4
D4,3,2,9,600,348,15,100,30,0.01,False,cpu,lightning.qubit,adjoint,paper,line_zzz_ccrz,0.1,False,0.0,D4,1.9352121676073573,2.0357659544250586,0.745,0.7126436781609196,0.0323563218390804,72,8,symmetry,2438.055126500025,9,0,True,True,0,d4_orbit_holdout_v1,d4_orbit_holdout_v1,D4,True,0,265,49,f4adab1d8bd6dd97991fa341e92a77e4ea25c2a5edbb5a14843d7841d1f50a31,898ffe05fe1f89dfae86bd2d395e1dcec5619e4b468dd1cef3f4db89652ed1a7,9e3283df79c5d13febf6c251bd1ed173afed93f6bc4e02184add4fc6a1bb5281,0.0,0.0,0,none,(),5080177bfb0b19e1bdf2c632ce666ddfb4d7c99c079d28ca9950413aad67af82,0c4fabb34ac8b9127e556c700c1da20b5c8c2c4d4fcf83c8a5b917feb814ca61,f439a9ed51f57fae2f57b262021cc4415869d38f86d0bb4d2fa89db413eebdd4
C4,3,2,0,600,348,15,100,30,0.01,False,cpu,lightning.qubit,adjoint,paper,line_zzz,0.1,False,0.0,D4,2.0941067479030804,2.161698240027228,0.73,0.7011494252873564,0.0288505747126436,54,4,symmetry,881.6562736660126,0,0,True,True,0,d4_orbit_holdout_v1,d4_orbit_holdout_v1,D4,True,0,264,49,dc5d69f90befaaac45ab97941593e084ce14a5aba58b199edc6ed232514cb4b2,898ffe05fe1f89dfae86bd2d395e1dcec5619e4b468dd1cef3f4db89652ed1a7,539bcdd33972921a9ca9fa6af1e4c2bf16bd64df08697fa6f63ddaab0da4f5c1,0.0,0.0,0,none,(),5080177bfb0b19e1bdf2c632ce666ddfb4d7c99c079d28ca9950413aad67af82,0c4fabb34ac8b9127e556c700c1da20b5c8c2c4d4fcf83c8a5b917feb814ca61,f439a9ed51f57fae2f57b262021cc4415869d38f86d0bb4d2fa89db413eebdd4
C4,3,2,1,600,348,15,100,30,0.01,False,cpu,lightning.qubit,adjoint,paper,line_zzz,0.1,False,0.0,D4,2.0866413642970976,2.1109525688440587,0.6666666666666666,0.7241379310344828,-0.0574712643678161,54,4,symmetry,873.9087740419782,1,0,True,True,0,d4_orbit_holdout_v1,d4_orbit_holdout_v1,D4,True,0,266,49,502eea996526fedc78321f300a0b61959995d8817760f909360619ea6a7667be,898ffe05fe1f89dfae86bd2d395e1dcec5619e4b468dd1cef3f4db89652ed1a7,784c5fe0f242bd63c5ad1ea12cf6490f72ab6a8480666fb4c08f2677beadc81e,0.0,0.0,0,none,(),5080177bfb0b19e1bdf2c632ce666ddfb4d7c99c079d28ca9950413aad67af82,0c4fabb34ac8b9127e556c700c1da20b5c8c2c4d4fcf83c8a5b917feb814ca61,f439a9ed51f57fae2f57b262021cc4415869d38f86d0bb4d2fa89db413eebdd4
C4,3,2,2,600,348,15,100,30,0.01,False,cpu,lightning.qubit,adjoint,paper,line_zzz,0.1,False,0.0,D4,2.1383416383001945,2.1711797709170377,0.7266666666666667,0.7241379310344828,0.0025287356321839,54,4,symmetry,887.1925815829891,2,0,True,True,0,d4_orbit_holdout_v1,d4_orbit_holdout_v1,D4,True,0,269,49,f9ef66ed8c54beeeab8d30e8c978294086c0bc03d8089bdb0086cc397e19d97b,898ffe05fe1f89dfae86bd2d395e1dcec5619e4b468dd1cef3f4db89652ed1a7,1d49a8470be0d005a3fdbf85fced0419b16c60e88b7a367b16eacec8e9002abf,0.0,0.0,0,none,(),5080177bfb0b19e1bdf2c632ce666ddfb4d7c99c079d28ca9950413aad67af82,0c4fabb34ac8b9127e556c700c1da20b5c8c2c4d4fcf83c8a5b917feb814ca61,f439a9ed51f57fae2f57b262021cc4415869d38f86d0bb4d2fa89db413eebdd4
C4,3,2,3,600,348,15,100,30,0.01,False,cpu,lightning.qubit,adjoint,paper,line_zzz,0.1,False,0.0,D4,2.1190003591477247,2.205377431342985,0.6883333333333334,0.5977011494252874,0.0906321839080459,54,4,symmetry,879.4195510830032,3,0,True,True,0,d4_orbit_holdout_v1,d4_orbit_holdout_v1,D4,True,0,263,49,1a1ba5d100dfa02c205519e367e26c4c26b20e73ecab52b7c845c238b1313513,898ffe05fe1f89dfae86bd2d395e1dcec5619e4b468dd1cef3f4db89652ed1a7,553fb5f1d8e2f96e6941c8974209ced372531f8387994ea8ff669b79551a87ec,0.0,0.0,0,none,(),5080177bfb0b19e1bdf2c632ce666ddfb4d7c99c079d28ca9950413aad67af82,0c4fabb34ac8b9127e556c700c1da20b5c8c2c4d4fcf83c8a5b917feb814ca61,f439a9ed51f57fae2f57b262021cc4415869d38f86d0bb4d2fa89db413eebdd4
C4,3,2,4,600,348,15,100,30,0.01,False,cpu,lightning.qubit,adjoint,paper,line_zzz,0.1,False,0.0,D4,2.075503853504493,2.1786826746052643,0.7683333333333333,0.735632183908046,0.0327011494252873,54,4,symmetry,867.5852856669808,4,0,True,True,0,d4_orbit_holdout_v1,d4_orbit_holdout_v1,D4,True,0,272,49,8de29e6cca1e5a9b645400356bb2c0d838066bc7dddf603da0de0e9b9cb613c7,898ffe05fe1f89dfae86bd2d395e1dcec5619e4b468dd1cef3f4db89652ed1a7,ecd54a3b63ae340a5031159d735f8a1f57d301d7fd14f3cacac746b4584efb8b,0.0,0.0,0,none,(),5080177bfb0b19e1bdf2c632ce666ddfb4d7c99c079d28ca9950413aad67af82,0c4fabb34ac8b9127e556c700c1da20b5c8c2c4d4fcf83c8a5b917feb814ca61,f439a9ed51f57fae2f57b262021cc4415869d38f86d0bb4d2fa89db413eebdd4
C4,3,2,5,600,348,15,100,30,0.01,False,cpu,lightning.qubit,adjoint,paper,line_zzz,0.1,False,0.0,D4,2.0957294715537453,2.1076586198572063,0.7183333333333334,0.6896551724137931,0.0286781609195402,54,4,symmetry,875.4019107499626,5,0,True,True,0,d4_orbit_holdout_v1,d4_orbit_holdout_v1,D4,True,0,266,49,2119280bef8c6be599a8fc2cdaae297d965bfc209c71b8bed17538f1176a615a,898ffe05fe1f89dfae86bd2d395e1dcec5619e4b468dd1cef3f4db89652ed1a7,549e99c7302d51d62fba17b985414fcbf17a980b9368ddb28122ac3340d85e46,0.0,0.0,0,none,(),5080177bfb0b19e1bdf2c632ce666ddfb4d7c99c079d28ca9950413aad67af82,0c4fabb34ac8b9127e556c700c1da20b5c8c2c4d4fcf83c8a5b917feb814ca61,f439a9ed51f57fae2f57b262021cc4415869d38f86d0bb4d2fa89db413eebdd4
C4,3,2,6,600,348,15,100,30,0.01,False,cpu,lightning.qubit,adjoint,paper,line_zzz,0.1,False,0.0,D4,2.1090702054529267,2.067291157281746,0.7016666666666667,0.7816091954022989,-0.0799425287356322,54,4,symmetry,875.8458202500478,6,0,True,True,0,d4_orbit_holdout_v1,d4_orbit_holdout_v1,D4,True,0,266,49,f854b9d22b73d3baf149ed8cd897ea6993c77aa15b92a5dbf49befaf6919b01d,898ffe05fe1f89dfae86bd2d395e1dcec5619e4b468dd1cef3f4db89652ed1a7,6e2a4c7f5638223112768702818d511663d147d8d0ba80562a4abe8e5295c478,0.0,0.0,0,none,(),5080177bfb0b19e1bdf2c632ce666ddfb4d7c99c079d28ca9950413aad67af82,0c4fabb34ac8b9127e556c700c1da20b5c8c2c4d4fcf83c8a5b917feb814ca61,f439a9ed51f57fae2f57b262021cc4415869d38f86d0bb4d2fa89db413eebdd4
C4,3,2,7,600,348,15,100,30,0.01,False,cpu,lightning.qubit,adjoint,paper,line_zzz,0.1,False,0.0,D4,2.127378113807335,2.197962468410352,0.725,0.7241379310344828,0.0008620689655172,54,4,symmetry,887.2863451250014,7,0,True,True,0,d4_orbit_holdout_v1,d4_orbit_holdout_v1,D4,True,0,262,49,2e4b5e4c0ea21848b05443dfeb749ee5e4b3712272d6f850b1d1c1c198f7b414,898ffe05fe1f89dfae86bd2d395e1dcec5619e4b468dd1cef3f4db89652ed1a7,9a6df2e338d341b2a893a3b35c6043fb5969e7317e81ff563483c2696d01ef32,0.0,0.0,0,none,(),5080177bfb0b19e1bdf2c632ce666ddfb4d7c99c079d28ca9950413aad67af82,0c4fabb34ac8b9127e556c700c1da20b5c8c2c4d4fcf83c8a5b917feb814ca61,f439a9ed51f57fae2f57b262021cc4415869d38f86d0bb4d2fa89db413eebdd4
C4,3,2,8,600,348,15,100,30,0.01,False,cpu,lightning.qubit,adjoint,paper,line_zzz,0.1,False,0.0,D4,2.1133225057340144,2.1631164510574115,0.685,0.7011494252873564,-0.0161494252873563,54,4,symmetry,879.169337667001,8,0,True,True,0,d4_orbit_holdout_v1,d4_orbit_holdout_v1,D4,True,0,265,49,c3f231e6f88bb20e9faa707b33a0091c0c4956e17ed8415913bf5554a6e4fca2,898ffe05fe1f89dfae86bd2d395e1dcec5619e4b468dd1cef3f4db89652ed1a7,1c97bca8d39baa612a9ee96f39b51a0b76c97a8fb09ea3e647394d223c7bd7b1,0.0,0.0,0,none,(),5080177bfb0b19e1bdf2c632ce666ddfb4d7c99c079d28ca9950413aad67af82,0c4fabb34ac8b9127e556c700c1da20b5c8c2c4d4fcf83c8a5b917feb814ca61,f439a9ed51f57fae2f57b262021cc4415869d38f86d0bb4d2fa89db413eebdd4
C4,3,2,9,600,348,15,100,30,0.01,False,cpu,lightning.qubit,adjoint,paper,line_zzz,0.1,False,0.0,D4,2.100686525582247,2.1187280064922858,0.7033333333333334,0.7471264367816092,-0.0437931034482758,54,4,symmetry,870.6225258330232,9,0,True,True,0,d4_orbit_holdout_v1,d4_orbit_holdout_v1,D4,True,0,265,49,f4adab1d8bd6dd97991fa341e92a77e4ea25c2a5edbb5a14843d7841d1f50a31,898ffe05fe1f89dfae86bd2d395e1dcec5619e4b468dd1cef3f4db89652ed1a7,9e3283df79c5d13febf6c251bd1ed173afed93f6bc4e02184add4fc6a1bb5281,0.0,0.0,0,none,(),5080177bfb0b19e1bdf2c632ce666ddfb4d7c99c079d28ca9950413aad67af82,0c4fabb34ac8b9127e556c700c1da20b5c8c2c4d4fcf83c8a5b917feb814ca61,f439a9ed51f57fae2f57b262021cc4415869d38f86d0bb4d2fa89db413eebdd4
D4,3,2,0,600,348,15,100,30,0.01,False,cpu,lightning.qubit,adjoint,paper,line_zzz,0.1,False,0.0,D4,2.0941067479030804,2.161698240027228,0.73,0.7011494252873564,0.0288505747126436,54,8,symmetry,875.3656976660131,0,0,True,True,0,d4_orbit_holdout_v1,d4_orbit_holdout_v1,D4,True,0,264,49,dc5d69f90befaaac45ab97941593e084ce14a5aba58b199edc6ed232514cb4b2,898ffe05fe1f89dfae86bd2d395e1dcec5619e4b468dd1cef3f4db89652ed1a7,539bcdd33972921a9ca9fa6af1e4c2bf16bd64df08697fa6f63ddaab0da4f5c1,0.0,0.0,0,none,(),5080177bfb0b19e1bdf2c632ce666ddfb4d7c99c079d28ca9950413aad67af82,0c4fabb34ac8b9127e556c700c1da20b5c8c2c4d4fcf83c8a5b917feb814ca61,f439a9ed51f57fae2f57b262021cc4415869d38f86d0bb4d2fa89db413eebdd4
D4,3,2,1,600,348,15,100,30,0.01,False,cpu,lightning.qubit,adjoint,paper,line_zzz,0.1,False,0.0,D4,2.0866413642970976,2.1109525688440587,0.6666666666666666,0.7241379310344828,-0.0574712643678161,54,8,symmetry,870.5100381670054,1,0,True,True,0,d4_orbit_holdout_v1,d4_orbit_holdout_v1,D4,True,0,266,49,502eea996526fedc78321f300a0b61959995d8817760f909360619ea6a7667be,898ffe05fe1f89dfae86bd2d395e1dcec5619e4b468dd1cef3f4db89652ed1a7,784c5fe0f242bd63c5ad1ea12cf6490f72ab6a8480666fb4c08f2677beadc81e,0.0,0.0,0,none,(),5080177bfb0b19e1bdf2c632ce666ddfb4d7c99c079d28ca9950413aad67af82,0c4fabb34ac8b9127e556c700c1da20b5c8c2c4d4fcf83c8a5b917feb814ca61,f439a9ed51f57fae2f57b262021cc4415869d38f86d0bb4d2fa89db413eebdd4
D4,3,2,2,600,348,15,100,30,0.01,False,cpu,lightning.qubit,adjoint,paper,line_zzz,0.1,False,0.0,D4,2.1383416383001945,2.1711797709170377,0.7266666666666667,0.7241379310344828,0.0025287356321839,54,8,symmetry,889.3351786669809,2,0,True,True,0,d4_orbit_holdout_v1,d4_orbit_holdout_v1,D4,True,0,269,49,f9ef66ed8c54beeeab8d30e8c978294086c0bc03d8089bdb0086cc397e19d97b,898ffe05fe1f89dfae86bd2d395e1dcec5619e4b468dd1cef3f4db89652ed1a7,1d49a8470be0d005a3fdbf85fced0419b16c60e88b7a367b16eacec8e9002abf,0.0,0.0,0,none,(),5080177bfb0b19e1bdf2c632ce666ddfb4d7c99c079d28ca9950413aad67af82,0c4fabb34ac8b9127e556c700c1da20b5c8c2c4d4fcf83c8a5b917feb814ca61,f439a9ed51f57fae2f57b262021cc4415869d38f86d0bb4d2fa89db413eebdd4
D4,3,2,3,600,348,15,100,30,0.01,False,cpu,lightning.qubit,adjoint,paper,line_zzz,0.1,False,0.0,D4,2.1190003591477247,2.205377431342985,0.6883333333333334,0.5977011494252874,0.0906321839080459,54,8,symmetry,878.4813824589946,3,0,True,True,0,d4_orbit_holdout_v1,d4_orbit_holdout_v1,D4,True,0,263,49,1a1ba5d100dfa02c205519e367e26c4c26b20e73ecab52b7c845c238b1313513,898ffe05fe1f89dfae86bd2d395e1dcec5619e4b468dd1cef3f4db89652ed1a7,553fb5f1d8e2f96e6941c8974209ced372531f8387994ea8ff669b79551a87ec,0.0,0.0,0,none,(),5080177bfb0b19e1bdf2c632ce666ddfb4d7c99c079d28ca9950413aad67af82,0c4fabb34ac8b9127e556c700c1da20b5c8c2c4d4fcf83c8a5b917feb814ca61,f439a9ed51f57fae2f57b262021cc4415869d38f86d0bb4d2fa89db413eebdd4
D4,3,2,4,600,348,15,100,30,0.01,False,cpu,lightning.qubit,adjoint,paper,line_zzz,0.1,False,0.0,D4,2.075503853504493,2.1786826746052643,0.7683333333333333,0.735632183908046,0.0327011494252873,54,8,symmetry,867.9925091670011,4,0,True,True,0,d4_orbit_holdout_v1,d4_orbit_holdout_v1,D4,True,0,272,49,8de29e6cca1e5a9b645400356bb2c0d838066bc7dddf603da0de0e9b9cb613c7,898ffe05fe1f89dfae86bd2d395e1dcec5619e4b468dd1cef3f4db89652ed1a7,ecd54a3b63ae340a5031159d735f8a1f57d301d7fd14f3cacac746b4584efb8b,0.0,0.0,0,none,(),5080177bfb0b19e1bdf2c632ce666ddfb4d7c99c079d28ca9950413aad67af82,0c4fabb34ac8b9127e556c700c1da20b5c8c2c4d4fcf83c8a5b917feb814ca61,f439a9ed51f57fae2f57b262021cc4415869d38f86d0bb4d2fa89db413eebdd4
D4,3,2,5,600,348,15,100,30,0.01,False,cpu,lightning.qubit,adjoint,paper,line_zzz,0.1,False,0.0,D4,2.0957294715537453,2.1076586198572063,0.7183333333333334,0.6896551724137931,0.0286781609195402,54,8,symmetry,876.1546910000034,5,0,True,True,0,d4_orbit_holdout_v1,d4_orbit_holdout_v1,D4,True,0,266,49,2119280bef8c6be599a8fc2cdaae297d965bfc209c71b8bed17538f1176a615a,898ffe05fe1f89dfae86bd2d395e1dcec5619e4b468dd1cef3f4db89652ed1a7,549e99c7302d51d62fba17b985414fcbf17a980b9368ddb28122ac3340d85e46,0.0,0.0,0,none,(),5080177bfb0b19e1bdf2c632ce666ddfb4d7c99c079d28ca9950413aad67af82,0c4fabb34ac8b9127e556c700c1da20b5c8c2c4d4fcf83c8a5b917feb814ca61,f439a9ed51f57fae2f57b262021cc4415869d38f86d0bb4d2fa89db413eebdd4
D4,3,2,6,600,348,15,100,30,0.01,False,cpu,lightning.qubit,adjoint,paper,line_zzz,0.1,False,0.0,D4,2.1090702054529267,2.067291157281746,0.7016666666666667,0.7816091954022989,-0.0799425287356322,54,8,symmetry,872.1748251660028,6,0,True,True,0,d4_orbit_holdout_v1,d4_orbit_holdout_v1,D4,True,0,266,49,f854b9d22b73d3baf149ed8cd897ea6993c77aa15b92a5dbf49befaf6919b01d,898ffe05fe1f89dfae86bd2d395e1dcec5619e4b468dd1cef3f4db89652ed1a7,6e2a4c7f5638223112768702818d511663d147d8d0ba80562a4abe8e5295c478,0.0,0.0,0,none,(),5080177bfb0b19e1bdf2c632ce666ddfb4d7c99c079d28ca9950413aad67af82,0c4fabb34ac8b9127e556c700c1da20b5c8c2c4d4fcf83c8a5b917feb814ca61,f439a9ed51f57fae2f57b262021cc4415869d38f86d0bb4d2fa89db413eebdd4
D4,3,2,7,600,348,15,100,30,0.01,False,cpu,lightning.qubit,adjoint,paper,line_zzz,0.1,False,0.0,D4,2.127378113807335,2.197962468410352,0.725,0.7241379310344828,0.0008620689655172,54,8,symmetry,900.5656664160197,7,0,True,True,0,d4_orbit_holdout_v1,d4_orbit_holdout_v1,D4,True,0,262,49,2e4b5e4c0ea21848b05443dfeb749ee5e4b3712272d6f850b1d1c1c198f7b414,898ffe05fe1f89dfae86bd2d395e1dcec5619e4b468dd1cef3f4db89652ed1a7,9a6df2e338d341b2a893a3b35c6043fb5969e7317e81ff563483c2696d01ef32,0.0,0.0,0,none,(),5080177bfb0b19e1bdf2c632ce666ddfb4d7c99c079d28ca9950413aad67af82,0c4fabb34ac8b9127e556c700c1da20b5c8c2c4d4fcf83c8a5b917feb814ca61,f439a9ed51f57fae2f57b262021cc4415869d38f86d0bb4d2fa89db413eebdd4
D4,3,2,8,600,348,15,100,30,0.01,False,cpu,lightning.qubit,adjoint,paper,line_zzz,0.1,False,0.0,D4,2.1133225057340144,2.1631164510574115,0.685,0.7011494252873564,-0.0161494252873563,54,8,symmetry,883.5691252499819,8,0,True,True,0,d4_orbit_holdout_v1,d4_orbit_holdout_v1,D4,True,0,265,49,c3f231e6f88bb20e9faa707b33a0091c0c4956e17ed8415913bf5554a6e4fca2,898ffe05fe1f89dfae86bd2d395e1dcec5619e4b468dd1cef3f4db89652ed1a7,1c97bca8d39baa612a9ee96f39b51a0b76c97a8fb09ea3e647394d223c7bd7b1,0.0,0.0,0,none,(),5080177bfb0b19e1bdf2c632ce666ddfb4d7c99c079d28ca9950413aad67af82,0c4fabb34ac8b9127e556c700c1da20b5c8c2c4d4fcf83c8a5b917feb814ca61,f439a9ed51f57fae2f57b262021cc4415869d38f86d0bb4d2fa89db413eebdd4
D4,3,2,9,600,348,15,100,30,0.01,False,cpu,lightning.qubit,adjoint,paper,line_zzz,0.1,False,0.0,D4,2.100686525582247,2.1187280064922858,0.7033333333333334,0.7471264367816092,-0.0437931034482758,54,8,symmetry,866.8641480829683,9,0,True,True,0,d4_orbit_holdout_v1,d4_orbit_holdout_v1,D4,True,0,265,49,f4adab1d8bd6dd97991fa341e92a77e4ea25c2a5edbb5a14843d7841d1f50a31,898ffe05fe1f89dfae86bd2d395e1dcec5619e4b468dd1cef3f4db89652ed1a7,9e3283df79c5d13febf6c251bd1ed173afed93f6bc4e02184add4fc6a1bb5281,0.0,0.0,0,none,(),5080177bfb0b19e1bdf2c632ce666ddfb4d7c99c079d28ca9950413aad67af82,0c4fabb34ac8b9127e556c700c1da20b5c8c2c4d4fcf83c8a5b917feb814ca61,f439a9ed51f57fae2f57b262021cc4415869d38f86d0bb4d2fa89db413eebdd4
C4,3,2,0,600,348,15,100,30,0.01,False,cpu,lightning.qubit,adjoint,paper,line_ccrz,0.1,False,0.0,D4,2.011484590282669,2.245760270819262,0.75,0.6551724137931034,0.0948275862068965,54,4,symmetry,2217.6399291660055,0,0,True,True,0,d4_orbit_holdout_v1,d4_orbit_holdout_v1,D4,True,0,264,49,dc5d69f90befaaac45ab97941593e084ce14a5aba58b199edc6ed232514cb4b2,898ffe05fe1f89dfae86bd2d395e1dcec5619e4b468dd1cef3f4db89652ed1a7,539bcdd33972921a9ca9fa6af1e4c2bf16bd64df08697fa6f63ddaab0da4f5c1,0.0,0.0,0,none,(),5080177bfb0b19e1bdf2c632ce666ddfb4d7c99c079d28ca9950413aad67af82,0c4fabb34ac8b9127e556c700c1da20b5c8c2c4d4fcf83c8a5b917feb814ca61,f439a9ed51f57fae2f57b262021cc4415869d38f86d0bb4d2fa89db413eebdd4
C4,3,2,1,600,348,15,100,30,0.01,False,cpu,lightning.qubit,adjoint,paper,line_ccrz,0.1,False,0.0,D4,1.9489012041183924,2.115270348983767,0.6783333333333333,0.6781609195402298,0.0001724137931035,54,4,symmetry,2214.40880037495,1,0,True,True,0,d4_orbit_holdout_v1,d4_orbit_holdout_v1,D4,True,0,266,49,502eea996526fedc78321f300a0b61959995d8817760f909360619ea6a7667be,898ffe05fe1f89dfae86bd2d395e1dcec5619e4b468dd1cef3f4db89652ed1a7,784c5fe0f242bd63c5ad1ea12cf6490f72ab6a8480666fb4c08f2677beadc81e,0.0,0.0,0,none,(),5080177bfb0b19e1bdf2c632ce666ddfb4d7c99c079d28ca9950413aad67af82,0c4fabb34ac8b9127e556c700c1da20b5c8c2c4d4fcf83c8a5b917feb814ca61,f439a9ed51f57fae2f57b262021cc4415869d38f86d0bb4d2fa89db413eebdd4
C4,3,2,2,600,348,15,100,30,0.01,False,cpu,lightning.qubit,adjoint,paper,line_ccrz,0.1,False,0.0,D4,1.954924272742533,2.029286882937238,0.7866666666666666,0.7126436781609196,0.074022988505747,54,4,symmetry,2207.404134041979,2,0,True,True,0,d4_orbit_holdout_v1,d4_orbit_holdout_v1,D4,True,0,269,49,f9ef66ed8c54beeeab8d30e8c978294086c0bc03d8089bdb0086cc397e19d97b,898ffe05fe1f89dfae86bd2d395e1dcec5619e4b468dd1cef3f4db89652ed1a7,1d49a8470be0d005a3fdbf85fced0419b16c60e88b7a367b16eacec8e9002abf,0.0,0.0,0,none,(),5080177bfb0b19e1bdf2c632ce666ddfb4d7c99c079d28ca9950413aad67af82,0c4fabb34ac8b9127e556c700c1da20b5c8c2c4d4fcf83c8a5b917feb814ca61,f439a9ed51f57fae2f57b262021cc4415869d38f86d0bb4d2fa89db413eebdd4
C4,3,2,3,600,348,15,100,30,0.01,False,cpu,lightning.qubit,adjoint,paper,line_ccrz,0.1,False,0.0,D4,2.023323627372316,2.223307288807621,0.7566666666666667,0.632183908045977,0.1244827586206896,54,4,symmetry,2221.568335207994,3,0,True,True,0,d4_orbit_holdout_v1,d4_orbit_holdout_v1,D4,True,0,263,49,1a1ba5d100dfa02c205519e367e26c4c26b20e73ecab52b7c845c238b1313513,898ffe05fe1f89dfae86bd2d395e1dcec5619e4b468dd1cef3f4db89652ed1a7,553fb5f1d8e2f96e6941c8974209ced372531f8387994ea8ff669b79551a87ec,0.0,0.0,0,none,(),5080177bfb0b19e1bdf2c632ce666ddfb4d7c99c079d28ca9950413aad67af82,0c4fabb34ac8b9127e556c700c1da20b5c8c2c4d4fcf83c8a5b917feb814ca61,f439a9ed51f57fae2f57b262021cc4415869d38f86d0bb4d2fa89db413eebdd4
C4,3,2,4,600,348,15,100,30,0.01,False,cpu,lightning.qubit,adjoint,paper,line_ccrz,0.1,False,0.0,D4,1.9839846421797656,2.0217883408501884,0.7566666666666667,0.7126436781609196,0.0440229885057471,54,4,symmetry,2211.33118358301,4,0,True,True,0,d4_orbit_holdout_v1,d4_orbit_holdout_v1,D4,True,0,272,49,8de29e6cca1e5a9b645400356bb2c0d838066bc7dddf603da0de0e9b9cb613c7,898ffe05fe1f89dfae86bd2d395e1dcec5619e4b468dd1cef3f4db89652ed1a7,ecd54a3b63ae340a5031159d735f8a1f57d301d7fd14f3cacac746b4584efb8b,0.0,0.0,0,none,(),5080177bfb0b19e1bdf2c632ce666ddfb4d7c99c079d28ca9950413aad67af82,0c4fabb34ac8b9127e556c700c1da20b5c8c2c4d4fcf83c8a5b917feb814ca61,f439a9ed51f57fae2f57b262021cc4415869d38f86d0bb4d2fa89db413eebdd4
C4,3,2,5,600,348,15,100,30,0.01,False,cpu,lightning.qubit,adjoint,paper,line_ccrz,0.1,False,0.0,D4,2.086398333529555,2.0903952903412946,0.7366666666666667,0.7816091954022989,-0.0449425287356322,54,4,symmetry,2192.8119538750034,5,0,True,True,0,d4_orbit_holdout_v1,d4_orbit_holdout_v1,D4,True,0,266,49,2119280bef8c6be599a8fc2cdaae297d965bfc209c71b8bed17538f1176a615a,898ffe05fe1f89dfae86bd2d395e1dcec5619e4b468dd1cef3f4db89652ed1a7,549e99c7302d51d62fba17b985414fcbf17a980b9368ddb28122ac3340d85e46,0.0,0.0,0,none,(),5080177bfb0b19e1bdf2c632ce666ddfb4d7c99c079d28ca9950413aad67af82,0c4fabb34ac8b9127e556c700c1da20b5c8c2c4d4fcf83c8a5b917feb814ca61,f439a9ed51f57fae2f57b262021cc4415869d38f86d0bb4d2fa89db413eebdd4
C4,3,2,6,600,348,15,100,30,0.01,False,cpu,lightning.qubit,adjoint,paper,line_ccrz,0.1,False,0.0,D4,2.060658969020088,2.1146248004703603,0.6916666666666667,0.6896551724137931,0.0020114942528735,54,4,symmetry,2187.7005337909795,6,0,True,True,0,d4_orbit_holdout_v1,d4_orbit_holdout_v1,D4,True,0,266,49,f854b9d22b73d3baf149ed8cd897ea6993c77aa15b92a5dbf49befaf6919b01d,898ffe05fe1f89dfae86bd2d395e1dcec5619e4b468dd1cef3f4db89652ed1a7,6e2a4c7f5638223112768702818d511663d147d8d0ba80562a4abe8e5295c478,0.0,0.0,0,none,(),5080177bfb0b19e1bdf2c632ce666ddfb4d7c99c079d28ca9950413aad67af82,0c4fabb34ac8b9127e556c700c1da20b5c8c2c4d4fcf83c8a5b917feb814ca61,f439a9ed51f57fae2f57b262021cc4415869d38f86d0bb4d2fa89db413eebdd4
C4,3,2,7,600,348,15,100,30,0.01,False,cpu,lightning.qubit,adjoint,paper,line_ccrz,0.1,False,0.0,D4,2.0023789349871506,2.184029703176238,0.715,0.7241379310344828,-0.0091379310344827,54,4,symmetry,2212.2333853330347,7,0,True,True,0,d4_orbit_holdout_v1,d4_orbit_holdout_v1,D4,True,0,262,49,2e4b5e4c0ea21848b05443dfeb749ee5e4b3712272d6f850b1d1c1c198f7b414,898ffe05fe1f89dfae86bd2d395e1dcec5619e4b468dd1cef3f4db89652ed1a7,9a6df2e338d341b2a893a3b35c6043fb5969e7317e81ff563483c2696d01ef32,0.0,0.0,0,none,(),5080177bfb0b19e1bdf2c632ce666ddfb4d7c99c079d28ca9950413aad67af82,0c4fabb34ac8b9127e556c700c1da20b5c8c2c4d4fcf83c8a5b917feb814ca61,f439a9ed51f57fae2f57b262021cc4415869d38f86d0bb4d2fa89db413eebdd4
C4,3,2,8,600,348,15,100,30,0.01,False,cpu,lightning.qubit,adjoint,paper,line_ccrz,0.1,False,0.0,D4,2.0415828452345615,2.0816839017528785,0.7233333333333334,0.7241379310344828,-0.0008045977011493,54,4,symmetry,2204.0084502919926,8,0,True,True,0,d4_orbit_holdout_v1,d4_orbit_holdout_v1,D4,True,0,265,49,c3f231e6f88bb20e9faa707b33a0091c0c4956e17ed8415913bf5554a6e4fca2,898ffe05fe1f89dfae86bd2d395e1dcec5619e4b468dd1cef3f4db89652ed1a7,1c97bca8d39baa612a9ee96f39b51a0b76c97a8fb09ea3e647394d223c7bd7b1,0.0,0.0,0,none,(),5080177bfb0b19e1bdf2c632ce666ddfb4d7c99c079d28ca9950413aad67af82,0c4fabb34ac8b9127e556c700c1da20b5c8c2c4d4fcf83c8a5b917feb814ca61,f439a9ed51f57fae2f57b262021cc4415869d38f86d0bb4d2fa89db413eebdd4
C4,3,2,9,600,348,15,100,30,0.01,False,cpu,lightning.qubit,adjoint,paper,line_ccrz,0.1,False,0.0,D4,2.0629658888156985,2.1842312384798483,0.6766666666666666,0.6436781609195402,0.0329885057471264,54,4,symmetry,2185.4972556250286,9,0,True,True,0,d4_orbit_holdout_v1,d4_orbit_holdout_v1,D4,True,0,265,49,f4adab1d8bd6dd97991fa341e92a77e4ea25c2a5edbb5a14843d7841d1f50a31,898ffe05fe1f89dfae86bd2d395e1dcec5619e4b468dd1cef3f4db89652ed1a7,9e3283df79c5d13febf6c251bd1ed173afed93f6bc4e02184add4fc6a1bb5281,0.0,0.0,0,none,(),5080177bfb0b19e1bdf2c632ce666ddfb4d7c99c079d28ca9950413aad67af82,0c4fabb34ac8b9127e556c700c1da20b5c8c2c4d4fcf83c8a5b917feb814ca61,f439a9ed51f57fae2f57b262021cc4415869d38f86d0bb4d2fa89db413eebdd4
D4,3,2,0,600,348,15,100,30,0.01,False,cpu,lightning.qubit,adjoint,paper,line_ccrz,0.1,False,0.0,D4,2.011484590282669,2.245760270819262,0.75,0.6551724137931034,0.0948275862068965,54,8,symmetry,2202.632402084011,0,0,True,True,0,d4_orbit_holdout_v1,d4_orbit_holdout_v1,D4,True,0,264,49,dc5d69f90befaaac45ab97941593e084ce14a5aba58b199edc6ed232514cb4b2,898ffe05fe1f89dfae86bd2d395e1dcec5619e4b468dd1cef3f4db89652ed1a7,539bcdd33972921a9ca9fa6af1e4c2bf16bd64df08697fa6f63ddaab0da4f5c1,0.0,0.0,0,none,(),5080177bfb0b19e1bdf2c632ce666ddfb4d7c99c079d28ca9950413aad67af82,0c4fabb34ac8b9127e556c700c1da20b5c8c2c4d4fcf83c8a5b917feb814ca61,f439a9ed51f57fae2f57b262021cc4415869d38f86d0bb4d2fa89db413eebdd4
D4,3,2,1,600,348,15,100,30,0.01,False,cpu,lightning.qubit,adjoint,paper,line_ccrz,0.1,False,0.0,D4,1.9489012041183924,2.115270348983767,0.6783333333333333,0.6781609195402298,0.0001724137931035,54,8,symmetry,2194.5617839579936,1,0,True,True,0,d4_orbit_holdout_v1,d4_orbit_holdout_v1,D4,True,0,266,49,502eea996526fedc78321f300a0b61959995d8817760f909360619ea6a7667be,898ffe05fe1f89dfae86bd2d395e1dcec5619e4b468dd1cef3f4db89652ed1a7,784c5fe0f242bd63c5ad1ea12cf6490f72ab6a8480666fb4c08f2677beadc81e,0.0,0.0,0,none,(),5080177bfb0b19e1bdf2c632ce666ddfb4d7c99c079d28ca9950413aad67af82,0c4fabb34ac8b9127e556c700c1da20b5c8c2c4d4fcf83c8a5b917feb814ca61,f439a9ed51f57fae2f57b262021cc4415869d38f86d0bb4d2fa89db413eebdd4
D4,3,2,2,600,348,15,100,30,0.01,False,cpu,lightning.qubit,adjoint,paper,line_ccrz,0.1,False,0.0,D4,1.954924272742533,2.029286882937238,0.7866666666666666,0.7126436781609196,0.074022988505747,54,8,symmetry,2228.719732333964,2,0,True,True,0,d4_orbit_holdout_v1,d4_orbit_holdout_v1,D4,True,0,269,49,f9ef66ed8c54beeeab8d30e8c978294086c0bc03d8089bdb0086cc397e19d97b,898ffe05fe1f89dfae86bd2d395e1dcec5619e4b468dd1cef3f4db89652ed1a7,1d49a8470be0d005a3fdbf85fced0419b16c60e88b7a367b16eacec8e9002abf,0.0,0.0,0,none,(),5080177bfb0b19e1bdf2c632ce666ddfb4d7c99c079d28ca9950413aad67af82,0c4fabb34ac8b9127e556c700c1da20b5c8c2c4d4fcf83c8a5b917feb814ca61,f439a9ed51f57fae2f57b262021cc4415869d38f86d0bb4d2fa89db413eebdd4
D4,3,2,3,600,348,15,100,30,0.01,False,cpu,lightning.qubit,adjoint,paper,line_ccrz,0.1,False,0.0,D4,2.023323627372316,2.223307288807621,0.7566666666666667,0.632183908045977,0.1244827586206896,54,8,symmetry,2217.8664299999946,3,0,True,True,0,d4_orbit_holdout_v1,d4_orbit_holdout_v1,D4,True,0,263,49,1a1ba5d100dfa02c205519e367e26c4c26b20e73ecab52b7c845c238b1313513,898ffe05fe1f89dfae86bd2d395e1dcec5619e4b468dd1cef3f4db89652ed1a7,553fb5f1d8e2f96e6941c8974209ced372531f8387994ea8ff669b79551a87ec,0.0,0.0,0,none,(),5080177bfb0b19e1bdf2c632ce666ddfb4d7c99c079d28ca9950413aad67af82,0c4fabb34ac8b9127e556c700c1da20b5c8c2c4d4fcf83c8a5b917feb814ca61,f439a9ed51f57fae2f57b262021cc4415869d38f86d0bb4d2fa89db413eebdd4
D4,3,2,4,600,348,15,100,30,0.01,False,cpu,lightning.qubit,adjoint,paper,line_ccrz,0.1,False,0.0,D4,1.9839846421797656,2.0217883408501884,0.7566666666666667,0.7126436781609196,0.0440229885057471,54,8,symmetry,2191.7467029170366,4,0,True,True,0,d4_orbit_holdout_v1,d4_orbit_holdout_v1,D4,True,0,272,49,8de29e6cca1e5a9b645400356bb2c0d838066bc7dddf603da0de0e9b9cb613c7,898ffe05fe1f89dfae86bd2d395e1dcec5619e4b468dd1cef3f4db89652ed1a7,ecd54a3b63ae340a5031159d735f8a1f57d301d7fd14f3cacac746b4584efb8b,0.0,0.0,0,none,(),5080177bfb0b19e1bdf2c632ce666ddfb4d7c99c079d28ca9950413aad67af82,0c4fabb34ac8b9127e556c700c1da20b5c8c2c4d4fcf83c8a5b917feb814ca61,f439a9ed51f57fae2f57b262021cc4415869d38f86d0bb4d2fa89db413eebdd4
D4,3,2,5,600,348,15,100,30,0.01,False,cpu,lightning.qubit,adjoint,paper,line_ccrz,0.1,False,0.0,D4,2.086398333529555,2.0903952903412946,0.7366666666666667,0.7816091954022989,-0.0449425287356322,54,8,symmetry,2218.899004375038,5,0,True,True,0,d4_orbit_holdout_v1,d4_orbit_holdout_v1,D4,True,0,266,49,2119280bef8c6be599a8fc2cdaae297d965bfc209c71b8bed17538f1176a615a,898ffe05fe1f89dfae86bd2d395e1dcec5619e4b468dd1cef3f4db89652ed1a7,549e99c7302d51d62fba17b985414fcbf17a980b9368ddb28122ac3340d85e46,0.0,0.0,0,none,(),5080177bfb0b19e1bdf2c632ce666ddfb4d7c99c079d28ca9950413aad67af82,0c4fabb34ac8b9127e556c700c1da20b5c8c2c4d4fcf83c8a5b917feb814ca61,f439a9ed51f57fae2f57b262021cc4415869d38f86d0bb4d2fa89db413eebdd4
D4,3,2,6,600,348,15,100,30,0.01,False,cpu,lightning.qubit,adjoint,paper,line_ccrz,0.1,False,0.0,D4,2.060658969020088,2.1146248004703603,0.6916666666666667,0.6896551724137931,0.0020114942528735,54,8,symmetry,2209.9390692500165,6,0,True,True,0,d4_orbit_holdout_v1,d4_orbit_holdout_v1,D4,True,0,266,49,f854b9d22b73d3baf149ed8cd897ea6993c77aa15b92a5dbf49befaf6919b01d,898ffe05fe1f89dfae86bd2d395e1dcec5619e4b468dd1cef3f4db89652ed1a7,6e2a4c7f5638223112768702818d511663d147d8d0ba80562a4abe8e5295c478,0.0,0.0,0,none,(),5080177bfb0b19e1bdf2c632ce666ddfb4d7c99c079d28ca9950413aad67af82,0c4fabb34ac8b9127e556c700c1da20b5c8c2c4d4fcf83c8a5b917feb814ca61,f439a9ed51f57fae2f57b262021cc4415869d38f86d0bb4d2fa89db413eebdd4
D4,3,2,7,600,348,15,100,30,0.01,False,cpu,lightning.qubit,adjoint,paper,line_ccrz,0.1,False,0.0,D4,2.0023789349871506,2.184029703176238,0.715,0.7241379310344828,-0.0091379310344827,54,8,symmetry,2311.403606417007,7,0,True,True,0,d4_orbit_holdout_v1,d4_orbit_holdout_v1,D4,True,0,262,49,2e4b5e4c0ea21848b05443dfeb749ee5e4b3712272d6f850b1d1c1c198f7b414,898ffe05fe1f89dfae86bd2d395e1dcec5619e4b468dd1cef3f4db89652ed1a7,9a6df2e338d341b2a893a3b35c6043fb5969e7317e81ff563483c2696d01ef32,0.0,0.0,0,none,(),5080177bfb0b19e1bdf2c632ce666ddfb4d7c99c079d28ca9950413aad67af82,0c4fabb34ac8b9127e556c700c1da20b5c8c2c4d4fcf83c8a5b917feb814ca61,f439a9ed51f57fae2f57b262021cc4415869d38f86d0bb4d2fa89db413eebdd4
D4,3,2,8,600,348,15,100,30,0.01,False,cpu,lightning.qubit,adjoint,paper,line_ccrz,0.1,False,0.0,D4,2.0415828452345615,2.0816839017528785,0.7233333333333334,0.7241379310344828,-0.0008045977011493,54,8,symmetry,2229.7026603749837,8,0,True,True,0,d4_orbit_holdout_v1,d4_orbit_holdout_v1,D4,True,0,265,49,c3f231e6f88bb20e9faa707b33a0091c0c4956e17ed8415913bf5554a6e4fca2,898ffe05fe1f89dfae86bd2d395e1dcec5619e4b468dd1cef3f4db89652ed1a7,1c97bca8d39baa612a9ee96f39b51a0b76c97a8fb09ea3e647394d223c7bd7b1,0.0,0.0,0,none,(),5080177bfb0b19e1bdf2c632ce666ddfb4d7c99c079d28ca9950413aad67af82,0c4fabb34ac8b9127e556c700c1da20b5c8c2c4d4fcf83c8a5b917feb814ca61,f439a9ed51f57fae2f57b262021cc4415869d38f86d0bb4d2fa89db413eebdd4
D4,3,2,9,600,348,15,100,30,0.01,False,cpu,lightning.qubit,adjoint,paper,line_ccrz,0.1,False,0.0,D4,2.0629658888156985,2.1842312384798483,0.6766666666666666,0.6436781609195402,0.0329885057471264,54,8,symmetry,2201.244865624991,9,0,True,True,0,d4_orbit_holdout_v1,d4_orbit_holdout_v1,D4,True,0,265,49,f4adab1d8bd6dd97991fa341e92a77e4ea25c2a5edbb5a14843d7841d1f50a31,898ffe05fe1f89dfae86bd2d395e1dcec5619e4b468dd1cef3f4db89652ed1a7,9e3283df79c5d13febf6c251bd1ed173afed93f6bc4e02184add4fc6a1bb5281,0.0,0.0,0,none,(),5080177bfb0b19e1bdf2c632ce666ddfb4d7c99c079d28ca9950413aad67af82,0c4fabb34ac8b9127e556c700c1da20b5c8c2c4d4fcf83c8a5b917feb814ca61,f439a9ed51f57fae2f57b262021cc4415869d38f86d0bb4d2fa89db413eebdd4
C4,3,2,0,600,348,15,100,30,0.01,False,cpu,lightning.qubit,adjoint,paper,line_pair_crz,0.1,False,0.0,D4,1.9816679423397487,2.138969171016832,0.705,0.6436781609195402,0.0613218390804597,54,4,symmetry,2698.4915472500143,0,0,True,True,0,d4_orbit_holdout_v1,d4_orbit_holdout_v1,D4,True,0,264,49,dc5d69f90befaaac45ab97941593e084ce14a5aba58b199edc6ed232514cb4b2,898ffe05fe1f89dfae86bd2d395e1dcec5619e4b468dd1cef3f4db89652ed1a7,539bcdd33972921a9ca9fa6af1e4c2bf16bd64df08697fa6f63ddaab0da4f5c1,0.0,0.0,0,none,(),5080177bfb0b19e1bdf2c632ce666ddfb4d7c99c079d28ca9950413aad67af82,0c4fabb34ac8b9127e556c700c1da20b5c8c2c4d4fcf83c8a5b917feb814ca61,f439a9ed51f57fae2f57b262021cc4415869d38f86d0bb4d2fa89db413eebdd4
C4,3,2,1,600,348,15,100,30,0.01,False,cpu,lightning.qubit,adjoint,paper,line_pair_crz,0.1,False,0.0,D4,1.9401523728846692,2.119415754344428,0.715,0.6091954022988506,0.1058045977011493,54,4,symmetry,2690.2462200419977,1,0,True,True,0,d4_orbit_holdout_v1,d4_orbit_holdout_v1,D4,True,0,266,49,502eea996526fedc78321f300a0b61959995d8817760f909360619ea6a7667be,898ffe05fe1f89dfae86bd2d395e1dcec5619e4b468dd1cef3f4db89652ed1a7,784c5fe0f242bd63c5ad1ea12cf6490f72ab6a8480666fb4c08f2677beadc81e,0.0,0.0,0,none,(),5080177bfb0b19e1bdf2c632ce666ddfb4d7c99c079d28ca9950413aad67af82,0c4fabb34ac8b9127e556c700c1da20b5c8c2c4d4fcf83c8a5b917feb814ca61,f439a9ed51f57fae2f57b262021cc4415869d38f86d0bb4d2fa89db413eebdd4
C4,3,2,2,600,348,15,100,30,0.01,False,cpu,lightning.qubit,adjoint,paper,line_pair_crz,0.1,False,0.0,D4,2.0152560618184174,2.2520156462922163,0.6966666666666667,0.5747126436781609,0.1219540229885057,54,4,symmetry,2672.4511030410067,2,0,True,True,0,d4_orbit_holdout_v1,d4_orbit_holdout_v1,D4,True,0,269,49,f9ef66ed8c54beeeab8d30e8c978294086c0bc03d8089bdb0086cc397e19d97b,898ffe05fe1f89dfae86bd2d395e1dcec5619e4b468dd1cef3f4db89652ed1a7,1d49a8470be0d005a3fdbf85fced0419b16c60e88b7a367b16eacec8e9002abf,0.0,0.0,0,none,(),5080177bfb0b19e1bdf2c632ce666ddfb4d7c99c079d28ca9950413aad67af82,0c4fabb34ac8b9127e556c700c1da20b5c8c2c4d4fcf83c8a5b917feb814ca61,f439a9ed51f57fae2f57b262021cc4415869d38f86d0bb4d2fa89db413eebdd4
C4,3,2,3,600,348,15,100,30,0.01,False,cpu,lightning.qubit,adjoint,paper,line_pair_crz,0.1,False,0.0,D4,1.9764645378897785,2.0104414192028086,0.71,0.6551724137931034,0.0548275862068965,54,4,symmetry,2736.810246167006,3,0,True,True,0,d4_orbit_holdout_v1,d4_orbit_holdout_v1,D4,True,0,263,49,1a1ba5d100dfa02c205519e367e26c4c26b20e73ecab52b7c845c238b1313513,898ffe05fe1f89dfae86bd2d395e1dcec5619e4b468dd1cef3f4db89652ed1a7,553fb5f1d8e2f96e6941c8974209ced372531f8387994ea8ff669b79551a87ec,0.0,0.0,0,none,(),5080177bfb0b19e1bdf2c632ce666ddfb4d7c99c079d28ca9950413aad67af82,0c4fabb34ac8b9127e556c700c1da20b5c8c2c4d4fcf83c8a5b917feb814ca61,f439a9ed51f57fae2f57b262021cc4415869d38f86d0bb4d2fa89db413eebdd4
C4,3,2,4,600,348,15,100,30,0.01,False,cpu,lightning.qubit,adjoint,paper,line_pair_crz,0.1,False,0.0,D4,1.96564298205568,2.039683212826667,0.7016666666666667,0.6551724137931034,0.0464942528735632,54,4,symmetry,2685.0096949579893,4,0,True,True,0,d4_orbit_holdout_v1,d4_orbit_holdout_v1,D4,True,0,272,49,8de29e6cca1e5a9b645400356bb2c0d838066bc7dddf603da0de0e9b9cb613c7,898ffe05fe1f89dfae86bd2d395e1dcec5619e4b468dd1cef3f4db89652ed1a7,ecd54a3b63ae340a5031159d735f8a1f57d301d7fd14f3cacac746b4584efb8b,0.0,0.0,0,none,(),5080177bfb0b19e1bdf2c632ce666ddfb4d7c99c079d28ca9950413aad67af82,0c4fabb34ac8b9127e556c700c1da20b5c8c2c4d4fcf83c8a5b917feb814ca61,f439a9ed51f57fae2f57b262021cc4415869d38f86d0bb4d2fa89db413eebdd4
C4,3,2,5,600,348,15,100,30,0.01,False,cpu,lightning.qubit,adjoint,paper,line_pair_crz,0.1,False,0.0,D4,1.971087554462717,2.0981426486712658,0.7583333333333333,0.6896551724137931,0.0686781609195401,54,4,symmetry,2662.480155792029,5,0,True,True,0,d4_orbit_holdout_v1,d4_orbit_holdout_v1,D4,True,0,266,49,2119280bef8c6be599a8fc2cdaae297d965bfc209c71b8bed17538f1176a615a,898ffe05fe1f89dfae86bd2d395e1dcec5619e4b468dd1cef3f4db89652ed1a7,549e99c7302d51d62fba17b985414fcbf17a980b9368ddb28122ac3340d85e46,0.0,0.0,0,none,(),5080177bfb0b19e1bdf2c632ce666ddfb4d7c99c079d28ca9950413aad67af82,0c4fabb34ac8b9127e556c700c1da20b5c8c2c4d4fcf83c8a5b917feb814ca61,f439a9ed51f57fae2f57b262021cc4415869d38f86d0bb4d2fa89db413eebdd4
C4,3,2,6,600,348,15,100,30,0.01,False,cpu,lightning.qubit,adjoint,paper,line_pair_crz,0.1,False,0.0,D4,2.0006997772142774,2.1470958761073433,0.6716666666666666,0.6436781609195402,0.0279885057471264,54,4,symmetry,2651.3767232499667,6,0,True,True,0,d4_orbit_holdout_v1,d4_orbit_holdout_v1,D4,True,0,266,49,f854b9d22b73d3baf149ed8cd897ea6993c77aa15b92a5dbf49befaf6919b01d,898ffe05fe1f89dfae86bd2d395e1dcec5619e4b468dd1cef3f4db89652ed1a7,6e2a4c7f5638223112768702818d511663d147d8d0ba80562a4abe8e5295c478,0.0,0.0,0,none,(),5080177bfb0b19e1bdf2c632ce666ddfb4d7c99c079d28ca9950413aad67af82,0c4fabb34ac8b9127e556c700c1da20b5c8c2c4d4fcf83c8a5b917feb814ca61,f439a9ed51f57fae2f57b262021cc4415869d38f86d0bb4d2fa89db413eebdd4
C4,3,2,7,600,348,15,100,30,0.01,False,cpu,lightning.qubit,adjoint,paper,line_pair_crz,0.1,False,0.0,D4,2.0413551331725945,2.2529051982887034,0.6666666666666666,0.5402298850574713,0.1264367816091953,54,4,symmetry,2658.680802332994,7,0,True,True,0,d4_orbit_holdout_v1,d4_orbit_holdout_v1,D4,True,0,262,49,2e4b5e4c0ea21848b05443dfeb749ee5e4b3712272d6f850b1d1c1c198f7b414,898ffe05fe1f89dfae86bd2d395e1dcec5619e4b468dd1cef3f4db89652ed1a7,9a6df2e338d341b2a893a3b35c6043fb5969e7317e81ff563483c2696d01ef32,0.0,0.0,0,none,(),5080177bfb0b19e1bdf2c632ce666ddfb4d7c99c079d28ca9950413aad67af82,0c4fabb34ac8b9127e556c700c1da20b5c8c2c4d4fcf83c8a5b917feb814ca61,f439a9ed51f57fae2f57b262021cc4415869d38f86d0bb4d2fa89db413eebdd4
C4,3,2,8,600,348,15,100,30,0.01,False,cpu,lightning.qubit,adjoint,paper,line_pair_crz,0.1,False,0.0,D4,2.0404055744334584,2.2362174230302743,0.6633333333333333,0.6436781609195402,0.0196551724137931,54,4,symmetry,2641.982631916995,8,0,True,True,0,d4_orbit_holdout_v1,d4_orbit_holdout_v1,D4,True,0,265,49,c3f231e6f88bb20e9faa707b33a0091c0c4956e17ed8415913bf5554a6e4fca2,898ffe05fe1f89dfae86bd2d395e1dcec5619e4b468dd1cef3f4db89652ed1a7,1c97bca8d39baa612a9ee96f39b51a0b76c97a8fb09ea3e647394d223c7bd7b1,0.0,0.0,0,none,(),5080177bfb0b19e1bdf2c632ce666ddfb4d7c99c079d28ca9950413aad67af82,0c4fabb34ac8b9127e556c700c1da20b5c8c2c4d4fcf83c8a5b917feb814ca61,f439a9ed51f57fae2f57b262021cc4415869d38f86d0bb4d2fa89db413eebdd4
C4,3,2,9,600,348,15,100,30,0.01,False,cpu,lightning.qubit,adjoint,paper,line_pair_crz,0.1,False,0.0,D4,1.9178726076197403,1.9956370349558945,0.735,0.7126436781609196,0.0223563218390804,54,4,symmetry,2643.7168874579947,9,0,True,True,0,d4_orbit_holdout_v1,d4_orbit_holdout_v1,D4,True,0,265,49,f4adab1d8bd6dd97991fa341e92a77e4ea25c2a5edbb5a14843d7841d1f50a31,898ffe05fe1f89dfae86bd2d395e1dcec5619e4b468dd1cef3f4db89652ed1a7,9e3283df79c5d13febf6c251bd1ed173afed93f6bc4e02184add4fc6a1bb5281,0.0,0.0,0,none,(),5080177bfb0b19e1bdf2c632ce666ddfb4d7c99c079d28ca9950413aad67af82,0c4fabb34ac8b9127e556c700c1da20b5c8c2c4d4fcf83c8a5b917feb814ca61,f439a9ed51f57fae2f57b262021cc4415869d38f86d0bb4d2fa89db413eebdd4
D4,3,2,0,600,348,15,100,30,0.01,False,cpu,lightning.qubit,adjoint,paper,line_pair_crz,0.1,False,0.0,D4,1.9816679423397487,2.138969171016832,0.705,0.6436781609195402,0.0613218390804597,54,8,symmetry,2617.922478416993,0,0,True,True,0,d4_orbit_holdout_v1,d4_orbit_holdout_v1,D4,True,0,264,49,dc5d69f90befaaac45ab97941593e084ce14a5aba58b199edc6ed232514cb4b2,898ffe05fe1f89dfae86bd2d395e1dcec5619e4b468dd1cef3f4db89652ed1a7,539bcdd33972921a9ca9fa6af1e4c2bf16bd64df08697fa6f63ddaab0da4f5c1,0.0,0.0,0,none,(),5080177bfb0b19e1bdf2c632ce666ddfb4d7c99c079d28ca9950413aad67af82,0c4fabb34ac8b9127e556c700c1da20b5c8c2c4d4fcf83c8a5b917feb814ca61,f439a9ed51f57fae2f57b262021cc4415869d38f86d0bb4d2fa89db413eebdd4
D4,3,2,1,600,348,15,100,30,0.01,False,cpu,lightning.qubit,adjoint,paper,line_pair_crz,0.1,False,0.0,D4,1.9401523728846692,2.119415754344428,0.715,0.6091954022988506,0.1058045977011493,54,8,symmetry,2633.329747083015,1,0,True,True,0,d4_orbit_holdout_v1,d4_orbit_holdout_v1,D4,True,0,266,49,502eea996526fedc78321f300a0b61959995d8817760f909360619ea6a7667be,898ffe05fe1f89dfae86bd2d395e1dcec5619e4b468dd1cef3f4db89652ed1a7,784c5fe0f242bd63c5ad1ea12cf6490f72ab6a8480666fb4c08f2677beadc81e,0.0,0.0,0,none,(),5080177bfb0b19e1bdf2c632ce666ddfb4d7c99c079d28ca9950413aad67af82,0c4fabb34ac8b9127e556c700c1da20b5c8c2c4d4fcf83c8a5b917feb814ca61,f439a9ed51f57fae2f57b262021cc4415869d38f86d0bb4d2fa89db413eebdd4
D4,3,2,2,600,348,15,100,30,0.01,False,cpu,lightning.qubit,adjoint,paper,line_pair_crz,0.1,False,0.0,D4,2.0152560618184174,2.2520156462922163,0.6966666666666667,0.5747126436781609,0.1219540229885057,54,8,symmetry,2644.3078846249846,2,0,True,True,0,d4_orbit_holdout_v1,d4_orbit_holdout_v1,D4,True,0,269,49,f9ef66ed8c54beeeab8d30e8c978294086c0bc03d8089bdb0086cc397e19d97b,898ffe05fe1f89dfae86bd2d395e1dcec5619e4b468dd1cef3f4db89652ed1a7,1d49a8470be0d005a3fdbf85fced0419b16c60e88b7a367b16eacec8e9002abf,0.0,0.0,0,none,(),5080177bfb0b19e1bdf2c632ce666ddfb4d7c99c079d28ca9950413aad67af82,0c4fabb34ac8b9127e556c700c1da20b5c8c2c4d4fcf83c8a5b917feb814ca61,f439a9ed51f57fae2f57b262021cc4415869d38f86d0bb4d2fa89db413eebdd4
D4,3,2,3,600,348,15,100,30,0.01,False,cpu,lightning.qubit,adjoint,paper,line_pair_crz,0.1,False,0.0,D4,1.9764645378897785,2.0104414192028086,0.71,0.6551724137931034,0.0548275862068965,54,8,symmetry,2638.9790162499994,3,0,True,True,0,d4_orbit_holdout_v1,d4_orbit_holdout_v1,D4,True,0,263,49,1a1ba5d100dfa02c205519e367e26c4c26b20e73ecab52b7c845c238b1313513,898ffe05fe1f89dfae86bd2d395e1dcec5619e4b468dd1cef3f4db89652ed1a7,553fb5f1d8e2f96e6941c8974209ced372531f8387994ea8ff669b79551a87ec,0.0,0.0,0,none,(),5080177bfb0b19e1bdf2c632ce666ddfb4d7c99c079d28ca9950413aad67af82,0c4fabb34ac8b9127e556c700c1da20b5c8c2c4d4fcf83c8a5b917feb814ca61,f439a9ed51f57fae2f57b262021cc4415869d38f86d0bb4d2fa89db413eebdd4
D4,3,2,4,600,348,15,100,30,0.01,False,cpu,lightning.qubit,adjoint,paper,line_pair_crz,0.1,False,0.0,D4,1.96564298205568,2.039683212826667,0.7016666666666667,0.6551724137931034,0.0464942528735632,54,8,symmetry,2626.650049832999,4,0,True,True,0,d4_orbit_holdout_v1,d4_orbit_holdout_v1,D4,True,0,272,49,8de29e6cca1e5a9b645400356bb2c0d838066bc7dddf603da0de0e9b9cb613c7,898ffe05fe1f89dfae86bd2d395e1dcec5619e4b468dd1cef3f4db89652ed1a7,ecd54a3b63ae340a5031159d735f8a1f57d301d7fd14f3cacac746b4584efb8b,0.0,0.0,0,none,(),5080177bfb0b19e1bdf2c632ce666ddfb4d7c99c079d28ca9950413aad67af82,0c4fabb34ac8b9127e556c700c1da20b5c8c2c4d4fcf83c8a5b917feb814ca61,f439a9ed51f57fae2f57b262021cc4415869d38f86d0bb4d2fa89db413eebdd4
D4,3,2,5,600,348,15,100,30,0.01,False,cpu,lightning.qubit,adjoint,paper,line_pair_crz,0.1,False,0.0,D4,1.971087554462717,2.0981426486712658,0.7583333333333333,0.6896551724137931,0.0686781609195401,54,8,symmetry,2642.6887199999765,5,0,True,True,0,d4_orbit_holdout_v1,d4_orbit_holdout_v1,D4,True,0,266,49,2119280bef8c6be599a8fc2cdaae297d965bfc209c71b8bed17538f1176a615a,898ffe05fe1f89dfae86bd2d395e1dcec5619e4b468dd1cef3f4db89652ed1a7,549e99c7302d51d62fba17b985414fcbf17a980b9368ddb28122ac3340d85e46,0.0,0.0,0,none,(),5080177bfb0b19e1bdf2c632ce666ddfb4d7c99c079d28ca9950413aad67af82,0c4fabb34ac8b9127e556c700c1da20b5c8c2c4d4fcf83c8a5b917feb814ca61,f439a9ed51f57fae2f57b262021cc4415869d38f86d0bb4d2fa89db413eebdd4
D4,3,2,6,600,348,15,100,30,0.01,False,cpu,lightning.qubit,adjoint,paper,line_pair_crz,0.1,False,0.0,D4,2.0006997772142774,2.1470958761073433,0.6716666666666666,0.6436781609195402,0.0279885057471264,54,8,symmetry,2624.067929208046,6,0,True,True,0,d4_orbit_holdout_v1,d4_orbit_holdout_v1,D4,True,0,266,49,f854b9d22b73d3baf149ed8cd897ea6993c77aa15b92a5dbf49befaf6919b01d,898ffe05fe1f89dfae86bd2d395e1dcec5619e4b468dd1cef3f4db89652ed1a7,6e2a4c7f5638223112768702818d511663d147d8d0ba80562a4abe8e5295c478,0.0,0.0,0,none,(),5080177bfb0b19e1bdf2c632ce666ddfb4d7c99c079d28ca9950413aad67af82,0c4fabb34ac8b9127e556c700c1da20b5c8c2c4d4fcf83c8a5b917feb814ca61,f439a9ed51f57fae2f57b262021cc4415869d38f86d0bb4d2fa89db413eebdd4
D4,3,2,7,600,348,15,100,30,0.01,False,cpu,lightning.qubit,adjoint,paper,line_pair_crz,0.1,False,0.0,D4,2.0413551331725945,2.2529051982887034,0.6666666666666666,0.5402298850574713,0.1264367816091953,54,8,symmetry,2659.18229020905,7,0,True,True,0,d4_orbit_holdout_v1,d4_orbit_holdout_v1,D4,True,0,262,49,2e4b5e4c0ea21848b05443dfeb749ee5e4b3712272d6f850b1d1c1c198f7b414,898ffe05fe1f89dfae86bd2d395e1dcec5619e4b468dd1cef3f4db89652ed1a7,9a6df2e338d341b2a893a3b35c6043fb5969e7317e81ff563483c2696d01ef32,0.0,0.0,0,none,(),5080177bfb0b19e1bdf2c632ce666ddfb4d7c99c079d28ca9950413aad67af82,0c4fabb34ac8b9127e556c700c1da20b5c8c2c4d4fcf83c8a5b917feb814ca61,f439a9ed51f57fae2f57b262021cc4415869d38f86d0bb4d2fa89db413eebdd4
D4,3,2,8,600,348,15,100,30,0.01,False,cpu,lightning.qubit,adjoint,paper,line_pair_crz,0.1,False,0.0,D4,2.0404055744334584,2.2362174230302743,0.6633333333333333,0.6436781609195402,0.0196551724137931,54,8,symmetry,2643.959534291993,8,0,True,True,0,d4_orbit_holdout_v1,d4_orbit_holdout_v1,D4,True,0,265,49,c3f231e6f88bb20e9faa707b33a0091c0c4956e17ed8415913bf5554a6e4fca2,898ffe05fe1f89dfae86bd2d395e1dcec5619e4b468dd1cef3f4db89652ed1a7,1c97bca8d39baa612a9ee96f39b51a0b76c97a8fb09ea3e647394d223c7bd7b1,0.0,0.0,0,none,(),5080177bfb0b19e1bdf2c632ce666ddfb4d7c99c079d28ca9950413aad67af82,0c4fabb34ac8b9127e556c700c1da20b5c8c2c4d4fcf83c8a5b917feb814ca61,f439a9ed51f57fae2f57b262021cc4415869d38f86d0bb4d2fa89db413eebdd4
D4,3,2,9,600,348,15,100,30,0.01,False,cpu,lightning.qubit,adjoint,paper,line_pair_crz,0.1,False,0.0,D4,1.9178726076197403,1.9956370349558945,0.735,0.7126436781609196,0.0223563218390804,54,8,symmetry,2615.6786342500127,9,0,True,True,0,d4_orbit_holdout_v1,d4_orbit_holdout_v1,D4,True,0,265,49,f4adab1d8bd6dd97991fa341e92a77e4ea25c2a5edbb5a14843d7841d1f50a31,898ffe05fe1f89dfae86bd2d395e1dcec5619e4b468dd1cef3f4db89652ed1a7,9e3283df79c5d13febf6c251bd1ed173afed93f6bc4e02184add4fc6a1bb5281,0.0,0.0,0,none,(),5080177bfb0b19e1bdf2c632ce666ddfb4d7c99c079d28ca9950413aad67af82,0c4fabb34ac8b9127e556c700c1da20b5c8c2c4d4fcf83c8a5b917feb814ca61,f439a9ed51f57fae2f57b262021cc4415869d38f86d0bb4d2fa89db413eebdd4
